0.014279628,0.0094195902,0.015975472,0.01784046,0.0095266625,0,0,0,0,0,0,0.0069830217,0,0,0.0088896016,0.0019763429,0.049637139,0,0,0,0.0041500959,0,0,0,0,0,0,0.0094082439,0,0,0,0,0.0079794452,0.011198649,0.005411685,0.0051440508,0,0.010898825,0,0,0,0.00068509218,0,0.0010514882,0,0,0.0093079414,0.011366779,0.0070499247,0,0,0,0,0,0,0,0.002112299,0,0,0.0079387492,0.0086613502,0.018015997,0.020242957,0,0,0,0,0,0,0,0,0,0,0,0,0,0,0,0,0,0,0,0,0,0,0,0,0,0.028920684,0,0,0,0,0,0,0,0,0,0,0,0,0,0,0,0,0,0,0.019596089,0,0,0,0,0,0,0,0,0,0,0,0,0,0,0,0,0,0,0,0.013032233,0.010731631,0.0027878257,0.0080011049,0.0033938116,0.0051773638,0.010019207,0.012552154,0.002396656,0.0077454434,4.8725728e-05,0.013814256,0,0,0.0022062,0,0,0,0,0,0.0047824825,0.0085805077,0.0077462308,0.002915856,0,0,0.0031641275,0,0,0,0,0,0.0050443029,0,0,0.011883744,0.0057474142,0.0096166432,0.020537095,0.017331399,0,0,0,0,0,0.0042125946,0.0019136758,0,0.0024056355,0,0,0,0,0,0,0,0,0.012578179,0,0.0013596254,0,0,0,0,0.0097157173,0.0098100491,0.0082633328,0,0.04044563,0,0,0.00083996414,0.013021966,0,0,0.0059121246,0,0,0,0,0,0,0,0.0014817552,0,0,0.0033167261,0.002553534,0,0.027605269,0,0.016691867,0,0.0019047137,0,0,0,0,0,0.004916403,0,0,0.014951904,0.012254005,0.0047353255
0.0091328826,0.02697657,0.00054436771,0,0.00070164248,0,0.0017619111,0.0067009768,0.003858696,0.0019658464,0.0014253093,0,0,0,0,0,0,0.029885028,0.0061496687,0,0,0.0013939928,0,0.0033145354,0.0034478405,0,0,0,0,0,0,0,0.0024661694,0,0,0.0017074589,0.0047576325,0.0023021954,0.0032063604,0,0.0061232103,0.003252004,0.004854213,0,0.007625469,0.0039875549,0.003296115,0,0,0,0,0,0,0.0033135607,0,0,0,0,0,0,0.00022593504,0,0,0,0.00046721511,0,0,0,0,0,0,0,0,0,0,0,0,0,0.00077675685,0,0,0,0,0,0,0.00074772869,0,0,0,0,0.0083758142,0.0020210617,0,0,0,0,0,0,0.0032724836,0,0,0,0.0008975087,0.0013868435,0.0021947762,0,0,0,0,0,0,0.0056300918,0,0,0,0,0,0,0,0,0.0077038095,0.0045323921,0.003866896,0.0049474565,0,0,0.0012087985,0.0098777153,0.0098456899,0.012881565,0.0055725537,0.0070823231,0,0.017353585,0,0.0055337101,0.0023131692,0.0038694502,0.016052384,0.01113424,0.005086774,0.0054060719,0.0065613529,0.011927523,0.0038445997,0.0025361222,0.0040131737,0.01022191,0.0039012332,0.0067973426,0.0078477245,0.00092645484,0,0.0039458792,0.0068645487,0,0.0080899131,0.0044785449,0,0,0.014191369,0,0,0,0,0,0,0.0077357935,0,0,0,0.0024763248,0,0,0,0,0,0,0,0,0.007644318,0,0,0.011193241,0,0.0027574352,0,0.0024174112,0.0045720031,0,0.0057575405,0,0,0.010345392,0,0,0,0.0044708974,0.0050359108,0,0.0034130309,0.0074697146,0.00019236836,0.0048557646,0.007031241,0.0012423117,0,0,0.0065160342,0.0035458461,0.0031273123,0.0064170794,0.0037904549,0.010788017,0.0095255431,0.0069407262,0,0.0062295976,0,0.012339754,0.0086140679,0,0.007934087,0.0033757731,0,0.012302214,0.0056412118,0.011462813,0.01207907,0.013122593,0.013774985,0.008636551
0.016295742,0.00087808073,0.0031299251,0.019889431,0.0020354765,0,0,0,0,0,0.0030328543,0,0,0,0,0,0.0093290275,0.00064619153,0.022618925,0.015891802,0,0,0,0,0.0024957496,0.0020298022,0.003624988,0,0,0,0,0,0,0.001292974,0.00044874134,0.00029973564,0,0.0010134882,0,0,0,0,0,0,0,0,0,0,0,0,0,0,0,0,0,0,0.0041528777,0,0,0,0,0,0.0052542184,0,0,0,0,0,0,0,0,0.0017977929,0,0,0,0,0,0,0,0,0,0,0,0,0,0,0,0,0.0084111569,0,0.0075027635,0.0063068932,0,0,0,0,0,0,0,0,0,0,0,0,0,0.008965211,0,0,0,0,0,0,0,0,0,0,0,0,0,0,0,0,0,0,0,0,0,0,0,0,0,0,0.0041696215,0,0.0018775392,0,0.003218421,0,0,0,0,0,0,0,0,0,0,0,0.0026843762,0,0.0011024358,0,0,0,0,0,0,0,0,0.0048109181,0,0,0,0,0,0,0.0057448763,0.00033889277,0,0,0.00059222977,0,0.0041420138,0.0010495759,0,0,0.00011749427,0,0,0.00010021175,0,0,0,0.0050611617,0.0012379113,0,0.0031221579,0,0,0,0,0.00060923159,0.0011910036,0.01730546,0,0.015743144,0,0,0,0.0088706547,0,0,0.0044152783,0,0,0,0,0,0,0,0,0,0,0,0,0,0.0147924,0,0.0049751494,0,0,0,0,0,0,0,0,0,0,0,0,0
0.018264394,0,0.019882159,0.01099854,0.021567946,0,0,0,0,0,0.0039477856,0.0090125445,0,0,0.021098919,0,0,0,0.0073530888,0.045526449,0.012943408,0,0,0,0,0,0.0095418319,0.01490591,0,0,0,0,0,0.018324269,0.012226013,0.0021448992,0,0.012047993,0,0,0,0,0,0.0062294547,0,0,0,0,0,0,0,0,0,0,0,0,0.010663616,0,0,0.017475715,0.0050241887,0,0.055018075,0,0,0,0,0,0,0.0025729001,0,0,0,0,0,0,0,0,0,0,0,0,0,0,0,0,0,0,0.024958503,0,0.0089128194,0.024643397,0,0,0,0.037626479,0,0,0,0,0,0,0,0,0,0.030588115,0,0,0,0,0,0,0,0,0,0,0,0,0,0,0,0,0,0,0,0,0,0,0,0,0.0030552144,0.018006211,0.027476717,0.0052731829,0.015366837,0,0.00068888802,0,0.0077935769,0,0,0,0,0,0,0,0,0,0.01190505,0,0.0015423337,0,0,0,0,0,0,0,0.027162662,0.016919363,0,0,0.019425478,0,0.012943914,0.03720339,0.043722391,0,0.0021185032,0,0.0073819882,0,0.0077278437,0.00028644962,0,0,0,0,0,0,0,0,0.015448183,0.009279334,0.020485407,0,0.014210542,0,0,0,0,0,0.029721811,0.007599493,0,0.038269531,0,0,0,0.034250747,0,0,0.0074513173,0,0,0,0,0,0,0,0,0,0,0,0,0,0.047794901,0,0.030438805,0,0,0,0,0,0,0,0,0,0,0.0031456626,0,0
0.0088978903,8.2623927e-05,0.0014916294,0.020958355,0.020285726,0,0.00067745539,0.0017598342,0,0,0,0.0078008599,0,0.0019803755,0.017415689,0.0052842875,0.010604609,0,0,0.012128937,0.023511503,0,0.00091234379,0,0,0.0052820039,0.0019627721,0.010786003,0,0,0.021844955,0.0023148474,0.0029803326,0.021653745,0.014161634,0.0093574021,0,0.010488486,0.0066533191,0.0008657382,0,0.0094741639,0,0.013346967,0,0,0.0036155868,0.0060766973,0.0046279943,0,0,0.0089969439,0,0.00067039055,0,0.018715153,0.012301138,0,0,0.013161151,0.0055837696,0.02820907,0.036817275,0,0.0051194187,0.0035304383,0.0072756731,0.0070940861,0.0069485269,0.0094832238,0.0068434044,0.0058127879,0,0,0,0.0057000327,0,0,0.0070967088,0,0,0,0,0,0.0064384169,0,0,0,0.015806163,0,0,0.0084719183,0,0.0036974598,0.0017128628,0.027486,0,0.004855867,0,0,0,0.0016880708,0.011823608,0,0,0.012883415,0,0.0043760533,0,0.0011673438,0,0,0,0.0002572652,0,0,0,0.011144436,0,0,0,0,0.00047853735,0,0,0,0,0.0063798041,0.0040047951,0,0.012254732,0.014007257,0.019470362,0.010146884,0.017851705,0.0042613144,0.005108559,0.0078305416,0.011974926,0,0.0048592282,0.0077045681,0,0,0.0030509976,0,0.0026421137,0,0.010708543,0.0034099282,0.0033216923,0,0,0,0,0,0,0.0021817402,0,0.014979595,0,0,0,0.0024106691,0.0077845417,0.027278984,0.028688688,0.0032998913,0,0.006229409,0.0064334809,0.0082127368,0.010782799,0.0071567059,0.0048397565,0.00060259842,0.0030883087,0,3.3637618e-05,0,0,0.0019175643,0,0.0023742786,0.014378704,0,0.012925724,0.00098063168,0.0015453475,0,0,0.022759441,0.012158417,0,0,0.027366459,0,0.0010468622,0.0029798124,0.024413269,0,0,0.0074579357,0,0,0,0,0,0.012834477,0,0,0,0,0,0.0033057523,0.00076399266,0.02745463,0,0.022739543,0,0,0,0,0,0,0,0,0.00012218428,0,0.012399586,0.0073492667,0.0095426943
0,0,0,0,0.00025620949,0.011121238,0.0077473521,0.017277053,0.0054819407,0.0044691386,0,0,0.0058055012,0.0023755939,0,0.00072286103,0,0.0019729964,0,0,0,0.016292099,0.0012628331,0.0095341979,0,0,0,0,0.0067536002,0.0011033029,0,0.0020346779,0,0,0,0,2.1937796e-05,0,0.0022322868,0,0,0.0032610553,0.0048279869,0.00042646454,0.0080845235,0.0068692504,0,0.0031166025,0.009942444,0.0077046081,0.0059158308,0.0012692056,0.014117688,0.0092058759,0.0034824677,0,0,0.013250291,0.0056182994,0,0.00073796278,0,0,0.00068523799,0,0,0,0,0,0,0.00016135872,0.0015640216,0.0020938711,0.0040178099,0,0.0028998754,0.0028995103,0.0035610725,0,0,0,0,0,0,0.0055083684,0.0052024061,0,0.0096864169,0,0.0043944791,0,0,0,0,0,0,0,0,0,0.0033143112,0,0,0,0,0,0,0.0071639679,0,0,0,0,0.00028959091,0.001055842,0,0,0,0,0,0,0,0.003578502,0,0,0.0028004865,0.0017766433,0,0.0062003089,0,0,0.00085118029,0,0,0,0,0,0.0036635373,0.0031302765,0.0012944863,0,0,0.0055038976,0.0040451605,0.0026522316,0.0062066512,0.0051538101,0.0066906698,0.0012127561,0.007534998,0,0.008192515,0.0076268623,0.0070284731,0,0.005696422,0,0.0043202071,0.011854746,0.0054397499,0,0,0.014115128,0.0080364319,0,0.0038628136,0.0011844683,0,0,0.0048242784,0.0015614375,0,0,0.00080170517,0,0,0.0023506756,0.0037993242,0.00044173087,0.0045095901,0.0011164134,0.0049827769,0.004654794,0.0032213547,0,0,0,0.0046961908,0.00020061088,0.0073312251,0.0079753604,0.0083647957,0.010381668,0,0,0,0.0052283918,0,0.0014262968,0,0,0,0,0.0011454941,0,0.00611025,0.0035558597,0.0047974526,0.0022827738,0.00095854682,0,0.00023310282,0,0,0.0066260984,0.0026693591,0,0,0,0.0075626252,0,0,0.0014018081,0.00076953846,0,0,0.0010660503,9.6741358e-05,0,0,0,0,0,0.00010780372
0,0,0,0,0,0.005049332,0.054191064,0.030134197,0,0.0016732548,0.0052817049,0.00015512753,0.0090586115,0.0098539647,0.02123056,0.021531764,0,0,0,0,0,0.006362387,0.045061074,0.024298944,0,0.00064944505,0.0044649551,0,0.005686461,0.010972265,0.0085954117,0.01000933,0,0,0,0,0.0032163758,0.00026839698,0.013125569,0,0,0.007399004,0.0026356571,0,0.0023930357,0,0.0022242381,0.0047746254,0,0,0,0,0,0,0,0,0,0,0,0,0,0,0,0,0.0019884929,0,0,0,0,0,0.0063562603,0,0.00072776945,0.0020040912,0,0,0.00046539618,0.0069083171,0.0045295055,0.0053305915,0,0,0.014062054,0.0074028699,0.0073432387,9.010475e-06,0,0,0,0,0,0,0.010168894,0.010164681,0.0001750028,0,0,0,0.00052513834,0.0058065904,3.125886e-06,0.0023346364,0.012835595,0.010380001,0.0011811961,0,0,0,0,0,0,0.0059251706,0.0023386902,0,0,0,0,0,0,0.0080395173,0,0.015221549,0,0.0072967177,0.0041486216,0.0052886149,0,0.0036139775,0.003304987,0.01010921,0.009910984,0,0,0,0,0,0,0.0078391852,0,0.0058373692,0.011963686,0.0018907919,0.00020611945,0.00093643385,0,0,0,0.0039214278,0,0,0,0.001521357,0,0,0.0030412967,0,0,0,0,0,0,0,0,0,0,0,0,0,0,0,0,0.00014985992,0,0,0.0035875333,0,0,0.0011949195,0,0.0034481212,0,0.0037706108,0,0,0.0016721938,0.007825477,0,0.005490704,0.0092036584,0.0028878336,0,0,0,0,0,0,0.01622585,0.0094246566,0.0063172719,0,0.00028035013,0.008913802,0.0024449131,0.013728228,0.0054343408,0.014857148,0.01495854,0.0098809246,0.014737902,0.011944187,0.0019933349,0.01700126,0.013864258,0.0063347258,0.0056579104,0.0085442336,0,0,0,0,0,0.010277023,0,0.010994663,0.0067463978,0.0048342175,0.0047971299,0.0085819047,0.0069061792,0.0040306682,0.0097035766,0.011757265
0,0.0050457986,0,0,0.00091996108,0.01523083,0.031109992,0.037579156,0.0077324724,0.0038104728,0,0,0.0096300934,0.0062918835,0,0.01240622,0,0.0017938496,0,0,0,0.0093680304,0.018383516,0.029060002,0.0048402259,0.0011398678,0,0,0.0090159476,0.0048121018,0,0.0089312894,0,0,0,0.00052585365,0.0023346057,0,0.0092593674,0,0.00079265237,0.0079169804,0.0022862097,0,0.0049238335,0.0051003778,0.0035373445,0.0016859673,0.0055687609,0,0,0,0.0076656677,0.0026845818,0,0,0,0.0057255668,0.0016327498,0,0,0,0,0,0.0018409844,0,0,0,0.001045533,0,0.0065584583,0.0025514115,0.0035128526,0.0038332939,0,0,0,0.0057706549,0,0.0060880277,0.0024594008,0,0.0099985125,0.0073194997,0.008496413,0.0014713211,0,0,0,0,0,0,0.0031442926,0.0033367197,0,0,0.0045340303,0,0.0073676831,0.0077496259,0.0033783331,0,0.010067178,0.0098311827,0,0,0.00095662521,0,0,0,0.0036549617,0.004476164,0.00037598124,0,0,0,0,0,0,0,0.0022478416,0.012629223,0,0.0068889796,0.0050700139,0.0088001247,0.0034747231,0.0024892082,0.0028215921,0.0082098898,0.0054579894,0,0,0,0,0.0012042181,0,0.010048715,0,0.0023248245,0.0133542,0.0039908993,0.0037904927,0.0055452632,0.0018801357,0.0019454912,0.00054644456,0.0070698252,0,0.0045943847,0,0.00074929441,0,0,0.0081281364,0,0.0064906767,0,0,0,0.0064463341,0.00089322095,0,0,0,0,0,0.0013005779,0,0.00067988253,0,0.0030316915,0,0,0.0065494278,0,0,0.0059104669,0.00081408769,0.0021082445,0.0015815061,0.00080827484,0,0,0,0.0068265707,0,0.0057500941,0.012346089,0.005980704,0.0012566177,0,0,0,0.0010136206,0,0.010555508,0.0066531384,0.0048906878,0,0.0044978983,0.0035280553,0.0012502489,0.013302793,0.0080653159,0.012211105,0.010313406,0.010829682,0.010683498,0.01321725,0,0.01516691,0.011861123,0.0079975445,0.0047007641,0.0049855434,0,0.0026701796,0,0.00046447763,0,0.000354082,0.0016549282,0.0057254196,0.003292873,0.0038115878,0,0.0086124623,0.0071226591,0.003456004,0.0082823392,0.0098991189
0,0.0030396623,0,0,0,0.0047297711,0,0.007606844,0,0.018374747,0,0,0.017476572,0,0,0.0035887111,0,0.0015190943,0,0,0,0,0,0.0074953437,0.019223031,0.0025034952,0,0,0.015747814,0,0,0,0,0,0,0,0,0,0,0,0.00070449297,0,0,0,0.00070305291,0.00054727902,0,0,0,0,0,0,0,0,0,0,0,0,0,0,0,0,0,0,0,0,0,0,0,0,0,0,0,0,0,0,0,0,0,0,0,0,0.00020936635,0,0,0,0,0.021191822,0,0.0091568483,0,0,0,0,0,0,0,0,0,0,0,0,0,0,0,0,0,0,0,0,0,0,0,0,0,0.016484801,0,0,0,0.0018540798,0,0.0074800015,0,0,0,0,0,0,0,0,0,0,0,0,0,0,0,0,0,0,0,0,0.0018173546,0.0048120515,0,0,0,0.0014458647,0,0,0,0,0,0,0.00028196708,0,0,0,0,0,0,0,0,0,0,0,0,0,0,0,0,0,0,0,0,0,0,0,0,0,0,0,0,0,0,0,0,0,0,0.0023964485,0.013601905,0,0,0,0.014457321,0,0,0,0,0,0,0,0,0,0,0,0,0,0,2.4654155e-05,0,0.0077298721,0.0041418597,0.00012870423,0,0,0,0,0,0,0,0,0.01657054,0,0.0016179926,0.0038125191,0,0,0,0,0,0
0,0.001214746,0,0,0,0.003739635,0.0018498506,0.0038159476,0.018276051,0.0042173392,0,0,0.01488208,0,0.019414518,0.0062735551,0,0.0039836061,0,0,0,0,0,0.0046611796,0.0077468059,0.026007244,0,0,0.01338804,0,0.0014395242,0,0,0,0,0,0,0,0,0,0.0028376314,0,0,0,0.0018179811,0.0012275374,0,0,0,0,0,0,0,0,0,0,0,0,0,0,0,0,0,0,0,0,0,0,0,0,0,0,0,0,0,0,0,0,0,0,0,0,0.0067590857,0.00068535586,0,0,0,0.0053866808,0,0.0083323959,0,0,0,0,0,0,0.0097839404,0,0.016707143,0.0049129678,0,0,0,0,0,0,0,0,0,0,0,0,0,0,0,0.0077606672,0,0,0,0.0035887759,0.0059880456,0.0069251815,0,0.0016468707,0,0,0,0,0,0,0,0,0,0,0,0,0,0,0,0,0.0012774459,0,0,0.0042103706,0,0,0,0,0,0,0,0,0,0,0,0,0,0,0,0,0.003485081,0,0,0,0,0,0,0,0,0,0,0,0,0,0,0,0,0,0,0,0,0,0,0,0,0.00068585656,0,0.00030647413,0,0.0040659206,0.005084659,0,0,0,0,0,0.0034393426,0,0,0,0.0058973664,0.0021988424,0.0013656741,0.014024725,0.0031294015,0.0075838016,0,0.0058074454,0,0.0020833458,0.00060162594,0.011145791,0.00025962139,0.0019603302,0,0,0,0.0092276055,0,0,0,0.00015434869,0.0067569786,0.0036044803,0.0011752748,0.0018588599,0.0039480994,0.007800506,0,0,0,0.0021883324
0,0.0017346637,0.0032052931,0.0046658735,0.00032571168,0,0.0063896342,0,0,0,0.068018116,0.0061545456,0,0.038703814,0.0037371018,0,0,0.00025082912,0,0.0073393784,0,0,0.0086014066,0,0,0.00064613589,0.012943784,0.0014925633,0,0,0.005334083,0,0.00033118823,0.0010139468,0,0.0029116529,0,0.003697892,0,0,0,0.002898193,0.0010288416,0,5.7360616e-05,0,0.001491728,0.0021984021,0,0,0,0,0,0,0,0.0038820666,0.0049852263,0,0,0.0026996776,0,0.0055626882,0.0014939116,0.00070466968,0,0,0,0,0.00059098791,0,0.0013106607,0.00016381009,0,0,0,0.0011073293,0.0012351593,0,0.0088570844,0,0,0,0,9.9373327e-05,0.0010993581,0,0,0,0,0,0.010591764,0.0083379038,0,3.2111217e-05,0,0.00068813388,0,0,0,0,0,0,0.00092725735,0.0019599837,0,0.0044273762,0,0.00023516163,0,0,0,0,0,0,0,0,0,0.0077576041,0,0,0,0,0,0,0,0,0,0,0,0,0,0.0017385923,0.0032012532,0.0023652033,0.0011386947,0,0,0,0.0047213794,0.0015189494,0.0013815658,0.0011907712,0,2.9343455e-06,0.00039019284,0.0006578489,0,0,0.00028669956,0,0.001282181,0.0051338924,0.0057737222,0,0,0,0,0.00062391406,0.0033487051,0.003051999,0.0032938954,0,0.015122833,0,0.0064249411,0.0095837126,0.0018457467,0,0.00028650087,0,0,0.0034207324,0,0.0008114957,0.0018818739,0.00041293405,0.0013473845,0,0,0,0.00026820254,0.0050860648,0.0031765089,0.0092034684,0.0034198973,0.00036612709,0.0027292005,0.001336709,0,0.0021915233,0,0,0.0077174841,0.0087797418,0,0.0010950405,0.0014245389,0.0016219324,0.00030014166,0.0039634146,0,0,0.0020135609,0,0,0.0011803468,0,0,0.0024072686,0.00084518513,0,0,0,0,0,0,0.0033979937,0,0.003215766,0.0018946783,0,0.0015728415,0,0,0,0,0,0,0,0,0,0.0023569078
0.0070133009,0,0,0.0092847096,0.0078420993,0,0.00079442235,0,0,0,0.0055997567,0.0066602826,0.006367696,0.0070180818,0.00951262,0.0059880028,0.0029899555,0,0,0.0039513418,0.0043321075,0,0.0019745152,0,0.00052400178,0.00064605632,0.0016390746,0.017688598,0,0.0031763974,0.010758326,0.0029094624,0,0.0068222932,0.00079511869,0.00016421008,0,0.0026055183,0,0,0,0.00068766822,0,0.0020809907,0,0,0,0,0,0,0,0,0,0,0,0,0,0,0,0.0027318767,0,0.013369349,0.016607637,0,0,0,0,0,0,0,0,0,0,0,0.0025556928,0,0,0,0,0,0,0,0,0,0,0,0,0,0.014414812,0,0,0.002524517,0,0,0,0,0,0.0024062071,0,0,0,0,0.002187555,0,0,0.0084872097,0,0,0,0,0,0,0,0,0,0,0,0.0027117012,0,0,0,0,0,0,0,0,0,0,0,0,0,0.0036420368,0.0083689271,0,0.0041153589,0,0,0.00079358619,0.00078336959,0,0,0,0,0,0,0,0,0,0.00062808034,0,0,0,0,0,0,0,0,0,0.0026119966,0.0057996195,0,0,0.0040035211,0,0,0.012035434,0.012586562,0,0,0,0,0,0,0,0,0,0,0,0,0,0,0.002738602,0.0044285287,0,0.0067123882,0,0.0039123744,0,0,0,0,0,0.0052790185,0,0,0.018161722,0,0,0.0011763221,0.010923095,0,0,0.00021217045,0,0,0,0,0,0.0039992551,0,0,0,0,0,0,0,0.015856409,0,0.0063942657,0,0,0.0010800805,0,0,0,0,0,0,0,0,0,0.001274809
0,0,0,0,0,0.0051572905,0.010318035,0.010249285,0.017680503,0.015527208,0,0.0062676137,0.068270363,0.038700338,0.0056409133,0.02026722,0,0,0,0,0,0.0047829803,0.0071631456,0.012703466,0.010483504,0.0018748178,0,0,0.047817152,0.026250873,0,0.018348727,0,0,0,0,0,0,0.0042291353,0,0,0.001651812,0,0,0,0,0,0,0.0038871579,0.0041493168,0,0,0,0,0,0,0,0.0068791918,0.0047690021,0,0,0,0,0,0,0,0,0,0,0,0,0,0.0046500289,0.0020983317,0,0,0,0.0065217181,0,0.013974133,0,0,0.013718563,0.010919485,0.0032630884,0.0068552,0,0,0,0.0055754664,0,0,0,0,0,0,0.0021723681,0,0.0065276856,0.009826648,0.0054131532,0,0.0035605587,0.0017635152,0,0,0.00060155668,0,0,0,0,0,0,0,0.0052561658,0.0031780764,0,0,0,0.0053624082,7.3985801e-05,0.014744135,0,0.0040764185,0,0,0.0065419152,0,0,0,0,0,0,0,0.0013454511,0.0048709614,0,0.0085201878,0,0,0.011768317,0.0040742909,0,0.0028878951,0,0.0020514536,8.734424e-05,0.005800019,0,0.0043322179,0.0021589582,0.0056404201,0,0,0.0074905725,0,0,0,0,0,0.006559527,0.0029012319,0,0,0,0,0,0.00098722568,0,0.00075590744,0,0,0.00047156774,0,0,0,0.0005438666,0.0030423421,0.0061910124,0.0062278504,0.0047153356,0.0058417106,0,0,0,0.016237093,0.0069921389,0.0094731972,0.0076393941,0.012962995,0.00015597159,0,0,0,0.008490013,0,0.0060053496,0,0,0,0.013174948,0.0044247848,0,0.014877519,0.0035151052,0.012960394,0.0072472999,5.7339232e-05,0.0038490728,0.0043572546,0,0.015937837,0.007870323,0,0,0,0,0.0014222621,0,0,0.0022147042,0.0091175502,0.0014063672,0.0038753278,0.0029910044,0.0025504553,0.0049043749,0,0.00043782312,0,0,0
0,0,0,0,0.0021144445,0.0017810812,0.010967326,0.0069540017,0,0,0.037428282,0.0067813993,0.038783394,0.18659952,0.010031658,0.018373348,0,0,0,0,0.0023730614,0.00073426036,0.0087661585,0.0067537567,0.0023416919,0.0015184896,0,0.0033979155,0.020728018,0.034882002,0.0065648505,0.014574138,0.00055666891,0.0032515824,0.0010429742,0.0022137333,0,0,0.0032350656,0,0,0.004976063,0,0.0013847931,0,0,0.0012441857,0.0064364984,0.0070417263,0.0024085466,0.0014672057,0.0037260912,0.0013766267,0.0050243819,0,0.00044496061,0.00017592222,0,0,0.0028254155,0.00060590677,0.0049511278,0.00015923052,0,0,0.0008580935,0,0.00090307242,0,0,0,0.0010268233,0.0035601507,0,0,0.0053260629,0.00044420391,0.0064330697,0.0027977847,0.0025507356,0.0086228382,0.0031263039,0.0094846217,0.010402327,0.0050356742,0.0065008709,0,0,0,0,0,0,8.9997993e-05,0,0,0.0030325139,0,0,0.0010931789,0.0020069054,0,0.00068309752,0.0029927439,0.0020771814,0,0,0,0,0,0,0.0017238166,0,0,0,0,0,0,0,0,0.001746154,0,0.0058219302,0,0,0,0,0,0,0,0,0,0,0,0,0.0066343816,0.0017006956,0.0010614813,0.015427585,0,0.00024427738,0.0091620199,0.0040578209,0,0.005113177,0.0015337759,0.0063770688,0.0024161753,0.014642698,0.0067399433,0.018235363,0.011378249,0.014080433,0.0028221067,0.0087183407,0.0046211854,0,0.0078154858,0.004223634,0.0024503919,0.0085932827,0.011903874,0.0027776235,0.014323299,0.0037290049,0.011997619,0.0169292,0.0030569271,0.0037480206,0.0029043234,0.0050136936,0.0014330286,0.0024996377,0.0058552893,0.0055671646,0.0051824469,0.009203,0.0081419442,0,0.0096224267,0.004677671,0.0044871611,0.016087789,0.0099583436,0.0010858212,0.032030143,0.0071593383,0.021930249,0.010146903,0.0073073478,0.013640043,0,0.0055452688,0,0,0,0.0016000941,0.007879762,0.0023234515,0.0028896611,0.0078018294,0.0026045435,0,0.0025891557,0.0086629605,0.0021492166,0.0099772504,0.0015780978,0,0.0051030391,0.0034222794,0,0.0070638051,0.0018060778,0,0.0017365381,0.0025986833,0,0,0,0,0.0031816226,0.012553705,0,0.0026013514,0,0,0.005318691,0.0010888104,0.0004543933,0,0,0
0.0082068508,0,0,0.020858392,0.01689709,0,0.021324029,0,0,0.019332504,0.0028536161,0.0090029826,0.0046723681,0.0091628581,0.032102332,0.030855682,0,0,0,0,0.012789235,0,0.0095571494,0,0,0.021740094,0,0,0,0.0081787007,0.049594477,0.020670559,0,0.012144272,0,0,0,0,0.0041382024,0,0,0.0040759342,0,0.0056826407,0,0,0,0,0,0,0,0,0,0,0,0,0.0089302361,0,0,0.0092762168,0,0.024225058,0.030370111,0,0,0,0,0,0.0020826515,0.0033924584,0.0035516259,0.00083410833,0,0,0,0,0,0,0,0,0,0,0.0034096215,0.00035259596,0.0040717032,0,0,0,0.011143624,0,0,0,0,0,0,0.021362305,0,0.0089774858,0,0,0,0,0.0098166624,0.0041099945,0.0017935431,0.0099452408,0,0.007095492,0,0,0,0,0,0,0,0,0,0.01659089,0.00044121631,0.0051527875,0,0,0.0036031767,0,0,0.0033804898,0,0.00052114669,0.0037120651,0,0.010332214,0,0,0,0.0091713639,0,0,0.0031127548,0.0058777267,0,0.00073688629,0.00134855,0,0,0,0,0,0.00049690658,0.0074110418,0,0.0013906511,0,0,0,0,0,0,0,0.01414326,0.0096499864,0,0,0.010247469,0.0002466669,0.0036855577,0.023838188,0.020317301,0,0,0.0070150956,0.00012106295,0.0081231426,0.0034596105,0.0016465362,0.0021929727,0,0,0,0.0047556772,0,0,0.003058563,0.01649384,0.0048421794,0.014887661,0,0.012759818,0.0018667635,0,0,0,0.014523658,0.024178075,0,0,0,0.0041716821,0.011627523,0.006173688,0.01870707,0,0.0012808798,0.015155105,0.00248195,0,0.0092281383,0.0030169485,0,0,0.0019908682,0,0,0,0,0.0048744818,0.0060152514,0,0,0.018550439,0,0,0.012810494,0,0.0091833612,0,0,0.0074058301,0.0096689044,0,0.0053671752,0.0054994309,0.012128076
0.0012614513,0,0,0,0.0046524722,0,0.021134598,0.011766586,0.0033475668,0.006089509,0,0.0053470666,0.018697171,0.016877677,0.03056309,0.023914767,0,0,0,0,0.0052212565,0,0.01196565,0.0095667355,0,0.0057585509,0,0.0044544311,0.014836262,0.016329283,0.018047107,0.033926133,0,4.7068814e-05,0.0016364269,0,0,0,0.007802079,0,0,0.001542574,0,0,0,0,0,0,0,0,0,0,0,0,0,0,0,0,0,0,0,0.0015417284,0.0031726826,0.0035491269,0,0,0,0,0,0,0,0,0.0048522814,0,0.0033331425,0.00018272708,0,0.0055646822,0,0,0,0,0.0079027135,0.00096941052,0.0026346412,0,0,0,0,0,0,0,0.0094948281,0.0070932331,0.0052343779,0.0037924666,0,0.014455056,0.0062682219,0.0049975608,0.0047107683,0.0037284531,0.00599282,0.0023607372,0.0016946538,0,0,0,0,0,0.0027303263,0.0017909945,0.00080979365,0.0038507399,0,0,0,0,0,0.0047605527,0,0.0054139444,0.0028799686,0.0070842728,0,0.0033611364,0,0,0.0024307971,0.0047684172,0.0048688934,0.0011782225,0,0,0.00095105777,0,0,0.0073782355,0,0,0.0038346078,0,0,0,0,0,0,0.0029342216,0,0,0,0,0,0,0,0,0,0,0,0,0,0,0,0,0,0,0.0052493834,0,0,0.0053605633,0,0.0027301647,0,0,0,0,0.00028699424,0,0.0069381734,0.0015923204,0,0,0.0064109815,0,0.0037951705,0.0026974275,0.0040860353,0.00090449548,0.0022281185,0.0019715664,0,0,0,0,0,0.0012039613,0.010979665,0.010176459,0.0072795227,0.0046032406,0.0068469727,0.0034275893,0.0071541769,0.011687951,0.0077173798,0.0086742435,0.011512553,0.0048628347,0.0076954374,0.004657283,0.00055825064,0.0067292266,0.0093163177,0.0040340987,0.0066679479,0.01078044,0,0,0,0.0020069717,0,0.0083827022,0,0,0,0.00060081057,0.0084768701,0.0068587372,0.0034138518,0.0011191489,0.0062227328,0.0055074305
0.049627617,0,0.0090638073,0,0.011110318,0,0,0,0,0,0,0.0029606135,0,0,0,0,0.0095418217,0.0014729809,0.0046306667,0.0089394022,0.010341058,0,0,0,0,0,0,0.0044756071,0,0.0017560866,0.0079077147,0.0033951767,0.0055149808,0.010931024,0.0056025935,0.004493569,0,0.0085390033,0,0.0050357673,0.00029401365,0.00025691136,0,0.00047515435,0,0,0.0055276677,0.0094942497,0,0,0,0,0,0,0,0,0.0010813171,0,0,0,0.0099591203,0.015154475,0.01902923,0.0054491721,0.0011821913,0,0,0,0,0,0,0.0013673963,0,0,0,0.0024230983,0,0,0,0,0,0,0,0,0,0,0,0,0.037935756,0,0,0,0,0.0019818137,0,0.014574358,0,0.010936905,0,0,0.00056971645,0,0.0006092331,0,0,0.0152182,0,0.021397833,0.0020671342,0.0084742103,0.0054448205,0.0094173504,0,0.0075148284,0.0064997552,0,0,0.0094900113,0,0,0,0,0.0065628975,0,0,0,0,0.014700405,0.014910293,0.0028409399,0.007725331,0.0035764426,0,0.0052143224,0,0.0017292397,0.0051552919,0,0.0065569603,0,0,0.0022934903,0,0,0,0,0,0,0,0,0,0,0,0,0,0,0,0,0,0,0,0,0,0.0039089164,0,0,0,0,0,0,0,0,0,0.0028006355,0,0,0,0,0,0,0,0,0,0,0.0067676739,0,0,0,0,0,0,0,0,0,0,0.027088221,0,0,0.00049195124,0,0,0,0,0,0,0,0,0,0,0,0,0,0,0.0027608692,0,0,0,0,0,0,0.00055377441,0,0,0,0,0,0.0060718637,0,0,0.01223691,0,0
0,0.029848823,0.0002442413,0,0,0.0018737717,0.00021610837,0.0034694616,0.002358044,0.0047728131,0,0,0,0,0,0,0.0012622491,0.024974022,0.0066291406,0,0,0.0041095833,0.00041189924,0.0064603612,0.001744787,0.0015558761,0,0,0,0,0,0,0.00296717,0,0,0.0010045265,0.0048453403,0.0045733931,0.0044140429,0.008699283,0.0085888049,0.0032394114,0.0090005565,0,0.010802461,0.008446509,0,0.0042499267,0.0062972107,0.0091472175,0,0,0,0,0,0,0,0.016678445,0,0,0,0,0,0,0.0015044954,0,0,0,0,0,0,0,0,0,0,0.0015072318,0,0,0,0.0068264874,0.0017463021,0,0.001533339,0,0,0,0,0.010128831,0,0.0044808784,0.0080268979,0,0.0034084159,0.001170362,0,0,0.012883644,0,0.0071680606,0.0042385324,0,0,0.0021543354,0.0015817707,0.0020603593,0,0.012429251,0,0.0076252921,0.0060231015,0.0062535247,0.0053516845,0.0031708882,0.0074555776,0.0019229644,0.011445117,0.0023913204,0,0.0028001578,0.0068767243,0.011987314,0.0064010611,0.0058935154,0.0066125644,0.014948827,0.012701059,0.0077295378,0.013008286,0.012287358,0.015261072,0.0057480899,0.011274469,0,0.0031323712,0,0.003784148,0,0.00214578,0.00081142597,0.010751211,0.0038899179,0.00064927718,0.006855981,0.012412846,0.0018236237,0.0026908475,0.0030923006,0,0,0,0,0,0,0,0.0069245906,0,0.0075877579,0.0015010384,0,0,0.015610063,0,0,0.0013836117,0,0,0,0.0035916059,0,0,0,0,0,0,0,0,0,0,0,0,0,0,0,0.0047419355,0,0,0,0,0.00085574278,0,0,0,0,0.0082863709,0,0,0,0,0,0,0,0.0075059594,0,0.0010089882,0.0036163174,0,0,0.0092948666,0,0.0015168439,0.002784031,0,0,0.0089044115,0,0,0,0.013739048,0,0.012543241,0.0055749519,0,0,0,0,0.0066224998,0.0041220775,0.0067555169,0,0.0058198501,0.011321026,0.0028683874
0,0.0065497099,0.022610862,0.0075197099,0,0,0,0,0,0,0,0,0,0,0,0,0.0049722781,0.0070204637,0.0026084778,0.022198515,0,0,0,0,0.0010055044,0.00049722573,0.0016753677,0,0,0,0,0,0.00027653584,0,0,0,0.0010169661,0,0,0.0049475241,0.0013371673,0,0,0,0,0,0,0.0029329783,0.00055151747,0.0015934242,0,0,0,0,0,0,0,0.0016383901,0,0,0,0,0,0,0,0,0,0,0,0,0,0.00039486881,0,0,0,0,0,0,0.0044245361,6.1691549e-05,0,0,0,0,0,0,0,0,0,0,0.024423312,0.0065862513,0,0,0,0,0,0,0.00016162124,0,0,0,0,0,0,0.0072518056,0,0.0013054421,0.0015338719,0.0027454761,0,0,0,0,0,0,0.0016860053,0,0.00062137085,0,0.0048096697,0,0,0,0,0,0,0,0,0,0,0,0,0,0,0.00097165676,0,0,0,0,0,0,0,0,0,0,0,0,0,0,0,0,0,0,0,0,0,0,0,0,0,0,0,0,0,0,0,0,0,0,0,0,0,0,0,0,0,0,0,0,0,0,0,0,0,0,0,0,0,0,0,0,0,0.018214254,0,0,0,0,0,0,0,0,0,0,0,0,0,0.00090202421,0,0,0,0,0,0,0,0,0.001675911,0,0,0,0,0,0,0,0,0.0050916122,0,0,0,0,0,0
0,0,0.015971117,0.045533244,0.012714414,0,0,0,0,0,0.0067571639,0.0037585185,0,0,0,0,0.009318104,0,0.021986913,0.0075373105,0.0063807704,0,0,0,0.00094970467,0.0023457366,0.011914006,0.011627934,0,0,0.020169649,0,0.0001065506,0.015021759,0.0094927149,0.0051059481,0,0.012391035,0,0.00048851914,0,0,0,0.0051875762,0,0,0.0068807406,0.0069166357,0,0,0,0,0,0,0,0.017621154,0.010593485,0,0,0.017964153,0.0070476704,0.024385456,0.035505109,0,0,0,0,0,0,0.0013593968,0,0.0019470096,0,0,0,0,0,0,0.014826773,0,0,0,0,0,0,0,0,0,0.015438008,0,0.015667761,0.022984432,0,0,0,0.021794671,0,0,0,0,0,0,0,0,0,0.027287696,0,0.0084960489,0,0,0,0,0,0,0,0,0,0,0,0,0,0,0,0,0,0,0,0,0,0,0,0.013378258,0.02003083,0.0019874661,0.011658299,0,0.0021761616,0,0.0075846156,0,0,0,0,0,0,0,0,0,0,0,0,0,0,0,0,0,0,0,0,0.0091768485,0,0,0,0,0.013014793,0,0.029483717,0,0,0,0,0,0.006786102,0.0025939513,0,0,0,0,0,0,0,0,0.0086014159,0,0,0,0,0,0,0,0,0,0.018199814,0.014602659,0,0.023258049,0,0,0,0,0,0,0.0039047461,0,0,0,0,0,0,0,0,0,0,0,0,0,0.033955175,0,0,0,0,0,0,0,0,0,0,0,0,0.0021895454,0,0.0014851461
0.0036586286,0,0,0.012555219,0.023692267,0,0.00046876547,0.00088451558,0,0,0,0.0043067425,0,0.0025875396,0.013476798,0.0062352484,0.0099158073,0,0,0.0059532914,0.036809899,0.0044097835,0.00077352987,0.0067553534,0,0.005012075,0,0.0069818879,0,0.0027540366,0.015987579,0.0057446719,0.0024338863,0.019068206,0.012111338,0.0086934371,0,0.007387741,0.010375075,0.0030900913,0.00045968551,0.010243965,0,0.012159242,0,0,0.00050376082,0.0049527818,0.0071827387,0,0,0,0,0.0027550072,0,0.013603762,0.0086748386,0,0,0,0.0059006,0.019252814,0.026682105,0.0026959218,0.0083745243,0.0070355409,0.007364247,0.0082345307,0.007093587,0.010505573,0.006003215,0.007439618,0.0024945934,0,0,0.0065430552,0,0,0.0030724832,0,0.0014346233,0,0,0.0015262839,0.0055162963,0,0,0,0.011110664,0,0,0.0024480368,0,0.0043126391,0.0035712433,0.018636201,0,0.0099688862,0,0,0,0,0.01136937,0.0012222567,0.00033739695,0.010166657,0,0.0038372714,0.0013271729,0.0041154223,0.0017952651,0.00073478324,0.0017225506,0.00265885,0,0,0,0.005429497,0.001296933,0,0,0,0.0023547895,0,0,0,0,0.0070440061,0.0063839937,0,0.01146782,0.013191072,0.011566891,0.0052352119,0.01324982,0.0044637872,0.0038676199,0.00712262,0.006058332,0,0.0046464563,0.0058019338,0,0,0.0015788194,0,0.0025260786,0.0017047878,0.0060369605,0.003207678,0.0036508678,0,0,0,0,0,0,0,0,0.011025678,0,0,0.0066133998,0.0045433762,0.0065838085,0.017490353,0.019482613,0.0026760125,0,0.0029354559,0.0054838974,0.006176135,0.0069417721,0.0061033876,0.0051471693,0.0025745905,0.00098468154,0,0,0,0,0.00060039165,0,0.00024128694,0.0095506217,0,0.0081719654,0.0011119613,0.001661557,0,0,0,0.0065219267,0,0,0.016369101,0,0,0.0013043666,0.016920906,0,0,0.0056323828,0,0,0,0,0,0.0090597076,0.0001942837,0,0,0,0,0.0038360159,0.0011858688,0.020090645,0,0.015805712,0,0,0,0,0,0,0,0,0,0,0.0083740959,0.0071918531,0.0074060238
0,0.0013184354,0,0,0,0.016020183,0.0088491263,0.01100329,0,0,0,0,0.0052671349,0.0011216362,0,0,0,0.0040868982,0,0,0.004670809,0.019478273,0.0090680849,0.022556176,0,0,0,0,0.0070909658,0.003173661,0,0.0018935039,0,0,0,0,0,0,0.0023720111,0.0003301086,0,0.0023085887,0.0050394512,0,0.0088983867,0.0054620528,0,0.0021474971,0.0087583661,0.0078089819,0.0059844968,0.00064720545,0.015783232,0.0083229141,0.003349372,0,0,0.018952103,0.0080845049,0,0.0045210612,0,0,0,0,0,0,0,0,0,0,0.0028151635,0.002603102,0.0020193611,0,0.00077658775,0.0042886734,0.0036088168,0,0.0083617289,0,0,0,0.0073075118,0.0034913872,0.0055405558,0,0.010042347,0,0.0029172539,0,0,0,0,0,0,0.0059208949,0,0.0048579355,0.005747783,0.0025330973,0,0,0,0,0,0.011098469,0,0.00013738974,0,0.0017361644,0,0.0012019689,0,0.0036785658,0.012738593,0,0,0,0,0.0039781649,0.0099149179,0,0.0049336981,0.0053178538,0.00021292872,0.010257835,0,0,0.0012175802,0,0,0,0,0,0,0.00064854819,0.0012641064,0,0,0,0.0018631632,0,0.0062705823,0.0014882509,0.0043051187,0,0.0041324133,0,0.0041718907,0.0041573397,0.0070982776,0.0029714694,0.0045620752,0.00886067,0,0.0091967275,0.0016684197,0,0,0.012080013,0.0074828072,0,0.00034761854,0,0,0,0.0021030144,0,0,0,0,0,0,0,0,0,0.003524696,0,0.0026529673,0.0029341583,0.00014419531,0,0,0,0,0,0.0058942903,0.005663611,0.0070485165,0,0,0,0,0.0033180651,0,0.00015643111,0,0,0,0.0025757074,0,0,0.0059246342,0.0003436507,0.0046214145,0,0.0027788556,0,0.00040219197,0,0.0087506166,0.0061933985,0,0,0,0,0.011366891,0,0,0,0,0.011469048,0,0.00053972803,0,0,0,0,0,0,0
0,0,0,0,0,0,0.044678569,0.017227657,0,0,0.0074534654,0.001354096,0.0060069137,0.0076377848,0.0093535259,0.012106301,0,0,0,0,0,0.006576173,0.07427486,0.035075389,0.0010261786,0.0052441531,0.008865701,0.0018128855,0.003976536,0.011469402,0.029727971,0.024824264,0,0,0,0,0.0022124185,0.00068090309,0.012596749,0,0,0.004533764,0.00030371692,0,0,0,0.0031498186,0.0023181168,0,0,0,0,0,0,0,0,0,0,0,0,0,0,0,0,0.00079322851,0,0,0,0,0,0.0059079016,0,0.0024471222,0.0013446305,0,0,0,0.0053714747,0.0064651617,0.0043427777,0,5.4634449e-05,0.011817217,0.0071828477,0.0059082923,0.0012985453,0,0,0,0,0,0.00039447751,0.012930872,0.012730947,0.0019480314,0,0.0036223126,0.0042259563,0.0027908557,0.008232208,0.0029279154,0.0066383453,0.012660982,0.010852222,0.0033430967,0,0,0,0,0,0,0.0065572024,0.0060016131,0.0080810487,0,0,0.00036923686,0.003043134,0.002873163,0.0099282656,0.0016699763,0.015534665,0.0028081136,0.01294365,0.0052242749,0.0088894889,0.0013182799,0.0042916136,0.006539233,0.011570825,0.011175098,0,0,0,0,0,0,0.0067182272,0,0,0.0088327546,0,0,0,0,0,0,0.00063429592,0,0,0,0,0,0,0,0,0,0,0,0,0,0,0,0,0,0,0,0,0,0,0,0,0,0,0.0017299012,0,0,0,0,0,0,0.00013158462,0,0.00057754538,0.0015492088,0.0017554967,0,0.0031136316,0.004883965,0,0,0,0,0,0,0,0.0096980389,0.0061777094,0.0025701965,0.0025360945,0,0.001014544,0.002701768,0.0011558337,5.5763945e-07,0.0092448043,0.012116103,0.0038422639,0.011662754,0.010573292,0.0017917327,0.012438955,0.0064570457,0.0019277111,0.0020205886,0.0059636096,0,0,0,0,0,0.0040391525,0,0.0072859898,0.0038557798,0.0013797999,0.0003355644,0.0054794638,0.00081390014,0.0024086039,0.0083817299,0.0091129933
0,0.001491242,0,0,0,0.0074382648,0.025185142,0.028960664,0.0076989471,0.0049031698,0,0,0.012182874,0.0061848694,0,0.010220797,0,0.0046485895,0,0,0.0054271957,0.020678475,0.036188927,0.066469073,0.0031896804,0.0018026636,0,0,0.012356538,0.0085650068,0,0.016254418,0,0,0,0,0.0048109186,0,0.01245946,0,0.0020561605,0.0065854639,0.0039566075,0,0.0042986888,0.0036235384,0.0017169046,0.00096489291,0.0064034997,0,0,0,0.0079642814,0.0041703652,0,0,0,0.01160722,0.0028793297,0,0.00078080338,0,0,0.00058308704,0.0037130476,0,0,0,0.00070722698,0,0.0057745632,0.00065049721,0.0033651988,0.0065721474,0,0,0.00046607913,0.0066934181,0,0.0078944843,0.002448132,0.0016606102,0.014082487,0.0068180501,0.0064441212,0.0025761807,0,0.0010667891,0,0,0,0,0.007081727,0.0071876543,0.0023722067,0,0.0054271957,0,0.010853084,0.011409552,0.0086397938,0.0019410516,0.011308008,0.017009895,0,0,0.0035587507,0,0,0,0.004064227,0.0059098136,0.0044392152,0.0023349912,0.00033001893,0.0043323273,0,0,0,0.0055773151,0.00392192,0.014263985,0,0.0098785358,0.0092551997,0.011165741,0.0069720359,0.0048893946,0.0061541703,0.011807065,0.0067408644,0,0,0,0,0,0,0.0092978273,0,0.0034205546,0.011981277,0.001587449,0.0032494902,0.0055055283,0,0,0.00014367772,0.004957098,0,0.0023586373,0,0,0,0,0.0074058608,0,0.0037047178,0,0,0,0.0040995325,0.00179465,0,0,0,0,0,0,0,0,0,0.001359692,0,0,0.0065510496,0.00030413998,0,0.0029889853,0,0,0,0,0,0,0,0.0055267154,0,0.0045815506,0.010259465,0.0044445572,0,0,0,0,0.0019338304,0,0.0070933723,0.0040766178,0.0026001474,0,0.0035793036,0.0018282274,0,0.0088205868,0.004392873,0.0087298928,0.0091229957,0.0082643963,0.0097728502,0.017355278,0,0.013578186,0.010286826,0.0044788197,0.0023438563,0.0027601931,0,0.0041571083,0,0,0,0,0.0030708599,0,0.0042039067,0.00082291773,0,0.0057558548,0.0045520556,0.0025084633,0.0078319637,0.0071967198
0,0.0027390218,0.0022149035,0,0,0,0,0.0049164714,0.019284263,0.0079682609,0,0.00046955553,0.010267644,0.0021761942,0,0,0,0.0010985312,0.00072610873,0.00050641323,0,0,0.001328306,0.0031824145,0,0.015918996,0,0,0.010771669,0.00099918107,0.0015293311,0.0060694763,0,0.0012348724,0,0,0,0,0.0015493525,0,0.0044885897,0,0,0,0,0,0.0019774234,0,0,0,0,0,0,0,0,0,0,0,0,0,0,0,0,0,0,0,0,0,0,0,0,0,0,0,0,0,0,0,2.1127828e-06,0,0,0,0,0.0021742224,0,0,0,0,0,0,0,0.0036522602,0,0,0,0,0,0,0.0038681584,0.0012900119,0,0,0,0.0016048687,0,0.0041180342,0,0,0,0,0,0.0013714489,0,0,0.0058430634,0,0,0,0,0.0024764719,0.00039643687,0.0032553431,0,0.0028917328,0,0,0,0,0.0013017979,0.0021867354,0,0.0012362197,0,0,0,0,0,0,0,0,0.00084126851,0,0,0,0,0,0,0,0,0,0,0,0,0,0,0,0,0,0,0,0,0,0,0,0,0,0,0,0,0,0,0,0,0,0,0,0,0,0,0,0,0,0,0,0,0,0,0,0,0,0,0,0,0,0.0046850899,0,0,0,0,0,0,0,0,0,0,0,0,0,0.0029339057,0.003577657,0.0012868029,0.0039417921,0,0,0,0,0,0,0,0,0,0,0,0,0,0.0027483886,0,0,0,0,0.0014739614,0.0030432087
0,0,0.0014739388,0,0.0049089817,0,0.00078109995,0.0010434134,0.0022105651,0.025838986,0,0.00046300935,0.0011148114,0.00092569721,0.021689231,0.0055939057,0,0.00077709835,0,0.0019156188,0.0044972962,0,0.0054059476,0.0015170871,0.015559855,0.01203145,0.00061910541,0.00079763867,0.0097825816,0.00073693227,0.027420375,0.0084036859,0,0.0064235823,0,0,0,0.00099916582,0.0059446995,0,0.0010396942,0.0012940614,0,0.0031983294,0,0,0.0027413119,0,6.8532783e-05,0,0,0,0,0,0,0,0,0,0,0.0028383373,0,0.0016430517,0.0061322823,0.003168622,0,0,0,0,0,0.0018267256,0.0030107195,0.00028111742,0,0,0,0,0,0.0016647108,0.0051184418,0,0,0,0.0024258608,0.0019717026,0.0031663179,0.00037784741,0.0054485397,0,0,0,0.0030340129,0.0077426746,0,0.0028459085,0,0.00069395907,0,0.00044716959,0.0073290737,0,0,0,0.0055008964,0.00079299591,0,0.0016916,0,0,0,0,0,0,0.00026522172,0,0.00033883151,0,0,0,0,0.0028783453,0,0.001344768,0,0,0,0.0037667588,0,0,0.00018756455,0,0.0042459201,0.0057357782,0,0,0,0,0,0.00047110245,0,0,0.0012999899,0,0,0,0.0018704478,0,0,0,0,0,0,0,0,0,0,0,0,0,0,0.00052837061,0,0,0,0.00015147656,0,0.0018804598,0,0,0,0,0,0.0039411597,0,0,0.00044955136,0,0,0,0,0,0,0,0,0.0037828106,0.0045521874,0,0,0,0,0,0,0.0012431999,0.0017923473,0.00092037441,0,0.00021001422,0.0035314176,0,0.0011949805,0,0,0,0.0088781258,0,0,0,0,0,0.0051359823,0.0011068278,0,0,0,0,0,0,0.0025291329,0,0.0060185259,0,0,0,0,0.0022505533,0,0,0.00073273585,0,0,0,0,0.0077682966
0,0,0.0036894684,0.009945605,0.0024125569,0,0.0054057739,0,0,0,0.012601828,0.0019346466,0,0,0,0,0,0,0.0017408679,0.012311118,0,0,0.0097765764,0,0,0.0009656488,0.032521851,0.0078519974,0,0.013458463,0.01144754,0,0,0.0027404851,0,0,0.00047354112,0.0052630035,0,0,0,0,0,0,0,0,0,0.0020817791,0,0,0,0,0,0,0,0.0055496125,0.0072550201,0,0,0.011934464,0.00082139467,0.014076382,0.010988763,0,0,0,0,0,0,0,0.0015725938,0,0,0,0,0,0,0,0.012244165,0,0,0,0,0,0,0,0,0,0.00056953571,0,0.010728834,0.014020408,0,0.00046448084,0,0.0065519689,0,0,0,0,0,0.0013071399,0.00020379775,0,0,0.0084164422,0,0,0,0,0,0,0,0,0,0,0,0.012709359,0,0,0,0,0,0,0,0,0,0,0,0,0.00033720772,0.0038313374,0.010607279,0.00014549002,0.00048151542,0,0,0,0.0026078208,0.0014423772,0,0,0,0,0,0,0,0,0,0,0,0,0.0019624492,0,0,0,0,0,0,0.00090753462,0,0,0.0054228245,0,0,0.011802121,0.0067320825,0,0,0,0,0.0020199744,0,0,0,0,0,0,0,0,0,0.0021665292,0.0041641458,0.0085280333,0.0034042918,0,0.0016014229,0,0,0,0,0,0.010612173,0.012487174,0,0.0054739388,0,0,0,0.010253627,0,0,0.00024378722,0,0,0,0,0,0.00058185647,0,0,0,0,0,0,0,0.0095470371,0,0.0035029415,0,0,0,0,0,0,0,0,0,0,0,0,0.0004195252
0.0096073691,0,6.8348832e-05,0.015379505,0.011135647,0,0.000698952,0,0,0,0.0011455226,0.017851828,0,0.0038152568,0,0.0052714911,0.0046275253,0,0,0.012078336,0.0072077722,0,0.0025585373,0,0,0.0012085508,0.00761578,0,0,0.0032368042,0.015467376,0.0040427474,0,0.0098233046,0.006340568,0.0010186295,0,0.0065425215,0,0,0,0.0015667249,0,0.0037829496,0,0,0,0,0,0,0,0.0044443868,0,0,0,0.010238822,0,0,0,0.007848125,0.0010458928,0.019115549,0.024250101,0,0,0,0,0,0,0,0,0,0,0,0,0,0,0,0.0035559169,0,0,0,0,0,0.0021797246,0,0,0,0.018163038,0,0,0.0073897368,0,0.0027645491,0,0,0,0.0032733779,0,0,0,0.0015207848,0.0050928961,0,0,0.013079708,0,0.0043098,0,0,0,0,0,0,0,0,0,0.010713774,0,0,0,0,0,0,0,0,0,0,0,0,0,0.0055976673,0.012187007,0,0.005517778,0,0,0.00032261916,0.0035384209,0,0,0,0,0,0,0,0,0,0,0,0,0,0,0,0,0,0,0,0,0,0,0,0.0070393705,0,0.0020300085,0,0,0,0,0,0,0,0,0.00098017941,0.00089771242,0,0,0,0,0,0,0,0.0056484137,0,0,0,0,0,0,0,0,0,0.0085604582,0,0,0.021728983,0,0,0.0010489309,0,0,0,0.0020054383,0,0,0,0,0,0.005122649,0,0,0,0,0,0,0,0.020084454,0,0.010628482,0,0,0,0,0,0,0,0,0,0,0.0024004551,0,0
0,0,0,0,0,0.0060795327,0.0068450971,0.009571122,0.016037142,0.01392475,0,0,0.047796972,0.020609183,0,0.016247133,0,0,0,0,0,0.0064875567,0.0051074424,0.012832709,0.010926639,0.010469425,0,0,0.092840314,0.048290163,0,0.017999468,0,0.0031791585,0,0,0,0,0.010038803,0,0.0046393913,0.0018474655,0,0,0.0032228124,0.0067543499,0,0,0.0047815247,0.0049017412,0.0024833833,0,0.016143763,0.0041531427,0,0,0,0.011036146,0.0064626844,0,0,0,0,0.0012020414,0,0,0,0,0,0,0,0,0.00304115,0.0046865772,0,0,0.0021442741,0.0074818642,0,0.01872265,0.0095240232,0.014022152,0.016479041,0.00977783,0.0019868414,0.0066083469,0,0.0084712133,0,0.012290703,0,0,0,0,0,0,0.013514417,0.0044754557,0.011384051,0.017405437,0.0084549719,0,0.00096004701,0.0001087785,0,0,0.012078671,0,0.00051413599,0,0.0055939727,0,0,0,0.014318084,0.011883469,0.0050685853,0,0.0045441603,0.0047731143,0.0080541549,0.018204067,0.0037961032,0.0099919932,0.0054140268,0.00098145113,0.016135322,0,0,0.0038065482,0,0,0,0,0,0,0,0.00098093145,0,0,0.005193999,0,0,0.002986612,0,0,0,0,0,0,0,0,0,0,0,0,0,0,0,0,0,0.0027370017,0,0,0,0,0,0,0,0,0,0,0,0,0,0,0,0.0013789814,0,0.0038074325,0,0,0,0,0,0,0,0.0045399056,0.0048819934,0.010595615,0.0063366131,0,0,0,0.01337418,0,0.0010123933,0,0,0,0,0,0,0.0088136354,0,0.0089397226,0.0054204101,0,0,0.0039907959,0.00044648972,0.016012896,0.0049295695,0,0,0,0,0.010224232,0,0,0,0,0.0091546047,0.0025046354,0.003854733,0.00035453954,6.5726097e-05,0,0,0,0,0
0,0,0,0,0,0.00050994317,0.012120581,0.0053334879,0,0,0,0.0030550952,0.026481166,0.035119493,0.0090958625,0.017982576,0.0017293163,0,0,0,0.0024865917,0.0028404987,0.012662011,0.009089007,0.0011032998,0.001300616,0.012988475,0.0029148008,0.048565425,0.14299673,0.0064455778,0.01666908,0,0.0054033846,3.4012821e-05,0.0003706764,0.0029245303,0,0.010644009,0.00083280297,0.0026608226,0.0044589499,0,0.00034829747,0.00068205269,0.0019911896,0.0030545483,0.0087858438,0.012293475,0.0092275795,0.0074389339,0.0049529509,0.0053756358,0.0054197931,0.0019311946,0.0059794406,0.0015989344,0.0073396815,0.0043083029,0.010191773,0.005427151,0.0099787861,0,0.0014798854,0.003249289,0.0037886309,0.00094823504,0.0018508965,0,0,0.00031325276,0.0059352526,0.0085355351,0.0022106064,0.0040067886,0.0092393421,0.0068047442,0.0077636526,0.01157519,0.0069442019,0.010067401,0.0081971437,0.01132891,0.010998417,0.0045262808,0.011479275,0.0030252414,0,0,0,0,0,0.0034896706,0.0040834285,0.0030947318,0,0.001716153,0.0069021224,0.0027206452,0.0075350888,0.0017959706,0.0044204891,0.0037866575,0.0025071963,0.0011204157,0,0,0,0.0012194238,0.0036326542,0.0040039974,0.00054918719,0,0,0.0019680813,0,0.0025684531,0,0.005794527,0.0059496555,0,0.0072326302,0,0.0025847522,0,0.0010821071,0.0019420733,0,0,0.00042019231,0.00026442582,0,0,0,0,0,0,0.00044007931,0,0,0.0041825315,0.00027365176,0,0,0,0,0,0.0071142986,0.0023442362,0.004645661,0.0061263791,0.008232696,0,0.0028864474,0.0033123586,0,0.0036884665,0.0031392779,0,0,0,0,0.0014940884,0,0,0,0,0.00095521688,0,0.0015224919,0,0,0,0,0,0,0.0018221227,0,0.0046885116,0.0015539958,0,0.0071176654,0.009221104,0,0.001263258,0.0047680885,0.0097504444,0.0081903385,0.0060502039,0.010178347,0,4.4566577e-06,0,0,0,0,0.0035859451,0.00041894335,0,0.00024303119,0.0006206822,0.00066692696,0,0.00075064506,0,0.0056268424,0.0032166839,0,0.0031468726,0.0031040409,0,0.0063206181,0.0017556453,0,0,0,0,0,0,0,0,0.0016725684,0,0.0033911481,0.0013280949,0,0,0,0.0010371091,0,0,0
0,0,0,0,0.021454941,0,0.0086849723,0,0,0.0013397135,0.0042746137,0.010249166,0,0.0057295291,0.049405474,0.018145775,0.0073242947,0,0,0.019925773,0.015283592,0,0.030016983,0,0.0011457459,0.027324442,0.010764627,0.014797926,0,0.0054435944,0.041176517,0.028632332,0,0.015980016,0.0065746172,0,0,0.010949503,0.0043063355,0,0,0.0038360911,0,0.0075595207,0,0,0.0049095033,0.0027147215,0,0,0,0.0054615522,0,0,0,0.019272404,0.012102574,0,0,0.015680296,0.0006627707,0.033034056,0.04171107,0,0,0,0.0032247216,0,0.0032904975,0.0058397767,0.0054093078,0.0016483015,0.0023808635,0,0.014456159,0.0043608164,0,0,0.013172743,0,0,0,0.00056195329,0.0013352656,0.0035493937,0,0.044580113,0,0.016209139,0,0,0.018575387,0.0054436107,0,0.0063802646,0,0,0.016228214,0,0,0,0.012847453,0.012389692,0.0024078856,0.000649667,0.020706192,0,0.009226406,0,0,0,0,0.0015871616,0.0055163857,0,0,0.0014287285,0.025117952,0.005963291,0.0045427112,0,0,0.0071600871,0,0,0.0047135316,0,0.002583184,0.0062064687,0,0.01426564,0.013815572,0,0.0026742711,0,0,0,0,0.0070918584,0,0,0,0,0,0,0,0,0,0.0060855784,0,0,0,0,0,0,0,0,0,0,0.01202001,0,0,0.01547268,0.00017089029,0.0050459187,0.031325184,0,0,0,0,0.0010717891,0.0064126477,0,0.001284551,0,0,0,0,0,0,0,0.0011691587,0.0163831,0.0077042966,0.015189683,0,0.012587759,0.0020101515,0,0,0,0.023245346,0.026112277,0.00034110781,0,0,0,0.0094482359,0,0,0,0,0.013324739,0,0,0.0020232233,6.4973552e-05,0,0.012532895,0,0,0,0,0,0.0036563575,0.0035317824,0,0,0,0,0,0.0036058284,0,0.0049872911,0,0,0.0020963794,0.0052360231,0,0.0059789405,0.0065320721,0.011253018
0,0,0,0,0.0016973617,0.00074810564,0.0098183546,0.0084621366,0,0,0,0.0023486451,0.017003993,0.01312125,0.020436734,0.033987798,0.0026203622,0,0,0,0.0047323806,0.00057913689,0.024790965,0.015737377,0.005848093,0.008455893,0,0.0032935527,0.016764559,0.015179125,0.028392082,0.032884233,0,0.00057248754,0,0,0,0,0.0099777142,0,0,0.0013497267,0,0,0,0,0,0,0,0,0,0,0,0,0,0,0,0,0,0,0,0,3.9641855e-05,0.0030808267,0.0018525524,0,0,0,0,0,0.00024100978,0,0.004249631,0.0042122477,0.0066344314,0,0,0.0054336437,0,0,0,0.0043637375,0.012124315,0.0022811245,0.0011934044,0,0,0,0,0,0,0,0.012725508,0.0086818114,0.0057051326,0.0037383535,0,0.018438051,0.01487633,0.01180525,0.010212846,0.0080430117,0.0066426015,0.0026192137,0.0029562679,0,0,0,0.0045011765,0.00085246359,0.0075553558,0.0030962259,0.0066523626,0.0088930866,0.0098648053,0,0.0067626187,0,0.0099751055,0.006873101,0.0049682963,0.0080620479,0.011670021,0.0166736,0.0075333742,0.0094536524,0.0039130128,0,0.0062254504,0.0075787976,0.0087503213,0.00023466333,0,0,0,0,0,0.006170596,0,0,0,0,0,0,0,0,0,0.0024323161,0,0,0,0,0,0,0,0,0,0,0,0,0,0,0,0,0,0,0,0,0,0.0011311786,0,0,0,0,0,0,0,0,0.001149014,0,0,0,0,0,0,0,0,0,0.00075603381,0,0,0,0,0,0,0,0.006174115,0.0053802216,0.0057480764,0.00034581806,0.0062083462,0,0.0062320251,0.0052549085,0.0050104749,0.006243146,0.0069839125,0.0062117255,0.0062735206,0.0023046574,0.00062544819,0.0071501047,0.0089647816,0.0027909728,0.0059941583,0.0086006457,0,0,0,0.00062550127,0,0.0044482015,0,0.0013332113,0.00080335315,0.0012774636,0.008644036,0.0068683224,0.0033915699,8.2676834e-06,0.0068544247,0.0044333423
0.0076916358,0.0029764941,0,0,0.0043609058,0,0,2.323953e-05,0,0,8.5233878e-05,0,0,0.0014056843,0,0,0.0051694578,0.0034948424,0,0,0.0035776626,0,0,0,0,0,0,0,0,3.5448531e-05,0,0,0.049062289,0.060465138,0.041296013,0.05885483,0.0080861803,0.03128431,0.034415524,0.028825302,0.023387561,0.057422418,0.04815321,0.045578144,0.045312114,0.049707144,0.01332373,0.019830607,0.014320311,0.0039453581,0.0029793452,0.011332617,0.01169729,0.010339774,0.0056706737,0.0049780956,0.0062900609,0,0.0060976394,0,0.0039044698,0,0.0091890283,0.0091462005,0.020839488,0.0035498377,0,0.010884814,0.024836086,0.031189611,0.016565602,0.0061706537,0.013120579,0,0.0029320673,0.0086491285,0.00045003346,0.00042684772,0.01030809,0,0,0,0.0052316119,0.0058670947,0.018441873,0,0.0016930414,0,0,0,0,0.0059354221,0,0,0,0,0,0,0,0,0.0016879361,0.0048883245,0.009565752,0.00058360264,0,0,0,0,0,0.0082255648,0.010077918,0.018754741,0.0012422401,0,0,0,0,0,0,0,0,0.0013579979,0,0,0,0,0,0.021011654,0.00065140217,0,0.011456731,0.033672988,0.0043710885,0.035309147,0.056795049,0.050814044,0.030399108,0.034107391,0.038047977,0.014302065,0.04226432,0.046408467,0.046766989,0.04044899,0.041145075,0.043943606,0.038403075,0.01234566,0.0066394508,0,0,0,0,0,0,0,0,0,0,0.0062115877,0,0.0072996332,0,0,0,0.0024629585,0.016575698,0,0,0,0,0.019261004,0,0.030650783,0.018551424,0.0056147045,0,0,0.00039876852,0,0,0,0,0,0.0085683968,0,0.0035968986,0.0078336792,0.020449651,0.0048050475,0,0,0,0.0001403825,0,0,0,0,0,0,0,0,0,0,0.0039675166,0,0,0,0.010875063,0,0,0,0,0.014114548,0,0,3.6861516e-06,0,0,0,0,0,0,0,0,0,0,0,0,0.021695206,0,0.012467002
0.010428123,0,0.00018764597,0.017330499,0.022222614,0,0,0,0,0,0.00040792959,0.0068886266,0,0.0034181736,0.012743114,0.0011029688,0.010282899,0,0,0.013872623,0.019353695,0,0,0,0.0017240209,0.0070256279,0.0024238687,0.0094025526,0.0036932733,0.0057241116,0.016599614,0.0014868492,0.058749128,0.12198567,0.068586461,0.059301406,0.043777995,0.026402051,0.066029958,0.031476047,0.045750212,0.051167943,0.042862035,0.04116217,0.026135897,0.045973379,0.010834633,0.014105851,0.013730181,0.00060100137,0.0026170155,0.015932072,0,0,0,0.020181004,0.016390711,0,0,0.01057664,0.011589768,0.025289852,0.043638326,0.0078056408,0.023620471,0.0069666603,0.015402416,0.014915796,0.020668596,0.034539003,0.014973271,0.010349113,0.010143323,0,0.01051579,0.0085779196,0,0,0.013875293,0,0.0040178024,0,0,0.0043613128,0.013321032,0,0.036590986,0,0.013151164,0,0,0.016667303,0,0.0036549468,0.00057556131,0.026104417,0,0.0074352049,0,0,0,0.0089484835,0.015780713,0,0,0.016407225,0,0.0098877829,0,0.0048109647,0.0048388941,0.0045903628,0.002491523,0,0,0,0,0.01002471,0.0027521376,0,0,0,0,0,0,0,0,0.012509696,0.0049138935,0,0.016109759,0.02253323,0.024153609,0.019807823,0.072194286,0.044622499,0.039328728,0.053913154,0.033953764,0.031515799,0.040675487,0.037984721,0.033512093,0.027852908,0.031803694,0.026699027,0.033952493,0.006541206,0,0,0,0,0,0.0077133342,0,0,0,0,0.021146623,0.0182478,0,0,0.010306291,0,0.011976678,0.024623128,0.038534801,0.015851958,0,0,0,0.014591877,0,0.030599499,0.013632839,0.0070657493,0.016754491,0,0.0013445723,0,0,0,0,0.0036264565,0.017972849,0,0.012819407,0,0,0,0,0.021065248,0.011518734,0,0,0.021153569,0,0,0.006975004,0.025176745,0,0,0.01038309,0,0,0.0017152257,0,0,0.017297033,0,0,0,0,0.0015202432,0.00099355227,0,0.025419986,0,0.020656176,0,0,0.0027129401,0,0,0,0,0,5.6800887e-05,0,0.015460944,0.0079425517,0.015594545
0.0047593275,0,0,0.011260686,0.014608118,0,0,0,0,0,0,0.00073008344,0,0.000831905,0,0.0024142032,0.0049869427,0,0,0.0083810864,0.012135693,0,0,0,0,0,0,0.0059094089,0,0,0.0070653707,0,0.039523683,0.068219289,0.085159399,0.029296493,0.032522399,0.015692666,0.029444352,0.051818252,0.029541943,0.025262732,0.051347315,0.025455663,0.015804831,0.041900605,0.011414516,0.018664429,0.012230282,0,0.001103509,0.013649916,0,0.0060539125,0.010191253,0.016266454,0.016750425,0,0.0034460942,0.0066130841,0.0098317098,0.013859594,0.048343383,0.033462182,0.033201464,0.013802044,0.018954873,0.024941757,0.02860854,0.03783587,0.0087867239,0.013567348,0.014945798,0,0.014422292,0.0095509421,0,0,0.0081974771,0,0.0030717005,0,0,0.0028397378,0.011757851,0,0.019907426,0,0.0096190898,0,0,0.0089030992,0,0.0034872331,0.00263579,0.019967303,0,0.0011806044,0,0,0.0012583572,0.013161962,0.0045701014,0,0,0.0042520124,0,0,0.0010490036,0.012539794,0.012371231,0.011827748,7.293815e-05,0,0,0,0,0,0,0,0,0,0,0,0,0,0,0.0087863794,0.0030239776,0,0.012632611,0.016264591,0.024402648,0.01486322,0.050180234,0.024756197,0.056855869,0.037899703,0.022452306,0.036742762,0.019442191,0.021174591,0.04027506,0.018766753,0.018258711,0.020616457,0.044085089,0.0079241302,0.009618355,0.0084586162,0,0,0,0,0,0.0060394476,0.0032547205,0,0,0.013995958,0,0.0036983588,0.0106552,0.0077631427,0.0090705035,0.014575489,0,0,0,0.013066655,0,0.017505767,0.032236196,0.039242819,0.011112458,0.009013759,0.018813534,0,0.0073656822,0,0,0.0050024237,0,0.006383507,0.012700967,0,0.0036142389,0,0.0079712998,0,0,0.014390777,0.0010408235,0,0,0.010252722,0,0,0.0066312202,0,0,0,0,0,0.0031102484,0,0,0,0.0039495178,0,0,0,0,0.0018307304,0,0,0.012782264,0,0.013073832,0,0,0,0,0,0,0,0,0,0,0.013725477,0.0043522855,0.0093854982
0.004371366,0.0018164649,0,0.001048813,0.010472281,0,0.0028321692,0.0036652081,0,0,0.0026683384,0.00050830044,0,0.0027354553,0,0,0.0038142924,0.0010547912,0,0.0039788377,0.0095135616,0,0.0014255915,0.0013363992,0,0.00084685197,0,0.00096246629,0,0.00090597867,0,0,0.057676248,0.060023062,0.029718589,0.031321146,0.0041249399,0.03192538,0.050237902,0.027110538,0.024735415,0.083245508,0.034338456,0.063841604,0.058357961,0.047745652,0.012855808,0,0.021823743,0,0,0,0,0,0,0,0.017737012,0,0,0.0081951544,0.01200989,0,0.010297669,0.0062327841,0.015826823,0.0084326286,0,0,0.025204683,0,0.021213785,0,0,0,0,0,0.001355172,0,0.01462017,0.003820115,0,0,0.011946165,0.016755067,0,0.0066685444,0.011110279,0,0.0021659853,0,0,0.0089569539,0,0.00077090494,0,0,0,0,0,0,0,0,0.017487956,0.0053601796,0,0.00024266125,0,0,0,0,0.0081355795,0.0086810207,0,0,0,0,0.0022831433,0.0043333489,0.0016871138,0,0,0,0,0,0,0,0,0.014553768,0.0016198106,0,0.013620329,0.010490675,0.0061862138,0.021519367,0.061410643,0.071494773,0.028548751,0.042273168,0.045190625,0.013769178,0.063332632,0.063379712,0.034891121,0.047390942,0.059422057,0.048905063,0.02792652,0,0,0,0,0,0,0,0,0,0,0,0,0.016738068,0,0.014454877,0,0,0,0.011764424,0,0,0,0,0,0.019163039,0.019305937,0.029391278,0.023036726,0.015424289,0,0,0.0065828734,0,0,0,0,0,0.016719077,0,0,0,0,0,0,0,0,0,0,0.0025791447,0,0,0.0026970631,0,0,0,0.0051397355,0,0.00066883571,0,0,0,0.018035144,0.0047543598,0,0,0,0.0075885057,0,0,0.0034112255,0,0,0,0,0.0053153355,0,0,3.5779092e-05,0,0,0.00027297175,0,0.01702247,0.0038100902,0.015905319
0,0.0035537318,0,0,0,0,0.0042525115,0.002689915,0,0,0,0,0,0,0,0,0,0.0037099111,0.00018827853,0,0,0,0.0033994708,0.0053331675,0,0,9.4084869e-05,0,0,0.0028044765,0,0,0.0051525328,0.040935539,0.030277321,0.0015630691,0.072487853,0.0053622704,0.047346625,0.010179115,0.068377286,0.0087813009,0.03187672,0,0.0071598277,0.023982501,0.0016202049,0.0042034644,0.00058545941,0,0,0,0,0,0,0,0,0,0,0,0,0,0,0.00041614161,0.0051688189,0,0,0,0.0065540066,0,0,0,0.00032030381,0.0039813137,0,0,0,0,0.0016570073,0,0,0,0,0,0,0,0,0,0,0,0.0093555842,0,0,0.0049125226,0.00041283731,0,0.006742192,0.00020145757,0.00011972847,0.001000717,0.0089464933,0.006152411,0,0,0,0,0,0,0.0020396472,0.0051869242,0.0011724917,0.0069578029,0,0,0,0,0,0,0,0,0.00068586494,0,0,0,0.0023787296,0.0039698356,0,0.0049202377,0.0047159321,0,0.004920762,0,0,0.0059777023,0.010825133,0.0046049422,0.03127167,0.046028983,0.0037441589,0.076008596,0.011740703,0.0068503516,0.024867173,0.01897046,0.002597363,0.0013289701,0.013642214,0.0050224974,0,0,0,0,0,0,0,0,0,0,0,0,0,0,0,0,0,0,0.00027333014,0.0034446977,0,0,0,0.0034106479,0,0.0066283369,0,0,0.0028681711,0,0,0,0,0,0,0.0022757729,0,0,0,0,0,0,0,0,0,0.0059437058,0,0,0,0,0.0069722431,0,0,0,0,0,0.0060218014,0,0.0033008431,0,0.0016112009,0,0,0,0.00096820015,0,0,0,0,0,0,0,0,0,0,0,0,0.0055251797,0,0,0,0.006172196,0.0050791446,0.0033424646
0.010235494,0.002162223,0.00017518713,0.011352858,0.011303638,0,0.00316911,0,0,0,0.0032419837,0.0027877449,0,0,0,0,0.0079145636,0.0044595795,0,0.01174282,0.0079214703,0,0.0035330891,0,0,0.0017902444,0.0050611687,0.0065206862,0,0,0.011933431,0,0.029976081,0.026355308,0.015770832,0.031080946,0.0070352242,0.021969216,0.019652653,0.010352914,0.0062068296,0.039247222,0.0083064372,0.03268021,0.012691443,0.0079449303,0.010154052,0.015878044,0.011356817,0,0,0,0,0.0043800646,0,0,0,0,0,0,0.0090682823,0,0.019480845,0.0018805403,0.0098580625,0,0,0.006473185,0.011929629,0,0.013545836,0.0091781914,0.0050304183,0,0,0.0086915363,0,0,0.011975609,0,0,0,0,0.0052375491,0.014270577,0,0,0,0.012947282,0,0.0015881436,0.010323981,0,0.0072501092,0,0.0059893569,0,0,0,0,0,0,0.017693061,0.0041183676,0.00026817952,0.0089588752,0,0.0073979637,0,0.0034225956,0.0027967421,0.010868845,0.00047443371,5.1809613e-05,0,0,0,0.0068881558,0,0.003022179,0,0,0,0,0,0.0014586756,0,0.036060456,0.011428135,0.003061201,0.018034343,0.029271254,0.011701977,0.019529697,0.027944228,0.024968227,0,0.015845448,0.032999653,0.005449295,0.022908686,0.030921364,0.010078821,0.0075111343,0.023710044,0.012298277,0.0092915818,0.0086123291,0,0,0,0,0,0,0.0052543641,0,0,0.0022914461,0,0.011359045,0,0,0.0090061659,0.0075092623,0.0086207213,0.018886771,0,0,0,0,0,0.0095085697,0,0.012975571,0.012314476,0.0088360803,0,0,0,0,0,0,0,0.008392239,0.012159767,0,0.0056734653,0,0.011947284,0,0,0,0.0063621216,0.00077484205,0,0.015275786,0,0,0.0023043903,0,0,0,0.0079397643,0,0,0,0,0,0.013040898,0.00075320661,0,0,0,0.0053384909,0,0,0.015170155,0,0,0,0,0,0,0,0,0,0,0.0017311557,0,0.024528898,0.009780528,0.01426395
0,0.0016443685,0,0,0.0061603398,0.00075959461,0.015112326,0.010399498,0,0,0,0,0.0039893473,0.0030180842,0.0043780357,0.0086286347,0,0.0027385964,0,0,0.0096507398,0.0012742693,0.014663538,0.01373166,0.0018259417,0.0062091998,0,0,0.0099322479,0.010588814,0.0045880252,0.010483306,0.029925596,0.062848993,0.027242383,0.045955684,0.048244223,0.017444143,0.098510429,0.017127957,0.068831377,0.070945621,0.04001544,0.027857145,0.056912743,0.046913665,0.0041328496,0.0069099166,0.0082874037,0,0,0,0,0,0,0,0,0,0,0,0,0.00034074066,0,0.0048268544,0.017523494,0,0,0,0.012065029,0.019765913,0.010370386,0.00078021921,0.0074921483,0,0,0,0,0,0.0061092209,0,0,0,0.010126626,0.0057176207,0,0,0.0026845494,0,0,0,0,0,0,0.010344587,0,0,0.002021048,0.0056516333,0.0066975802,0.0072918236,0.010422121,0,0.018556751,0.0065645627,0,0,0,0,0.00067451439,0.00086424639,0.002351285,0.0093804868,0.0029596351,0.00030515718,0.0029766175,0,0,0,0,0.0034038848,0,0.0071094558,0,0.0016643662,0.001564882,0.0028593964,0,0.018195976,0.0075987605,0,0.014768715,0.0060700825,0,0.013152292,0.041581433,0.038378846,0.023767021,0.07365872,0.026231492,0.046395157,0.062391065,0.039844479,0.035358559,0.049003124,0.03217103,0.023934957,0.027469546,0.0078546414,0,0.0049402197,0,0,0,0.0023951789,0,0,0,0,0,0,0,0.001527737,0,0.0028599589,0,0,0.0068403417,0.010658193,0,0.0038367952,0,0.011277026,0.0079479357,0.019024137,0.012130387,0,0.0025120494,0,0,0,0,0,0,0,0.00084311404,0,0,0,0,0.00034858877,0,6.344165e-05,0,0,0,0,0,0,0.010032659,0,0.00081292336,0.0027408949,0.0014078731,0.0045593856,0.0088958852,0.0058601042,0.0062260535,0,0.020626793,0.0066687749,0.0021144522,0,0.0015041739,0.0063513941,0.0011839017,0.0021956707,0,0,0,0.0029605953,0,0,0,0.0067766579,0.001005822,0,0,0.0017360421,0,0.015448444,0.012122077,0.016294902
0,0,0,0,0.0019400209,0,0,0,0,0,0,0,0,0,0,0,0.0045777624,0.0092878994,0.0038332571,0,0.0037350885,0.00064435665,0,0,4.6478111e-05,0,0,0,0.00015339156,0.00086690392,0,0,0.028682664,0.032626539,0.052787315,0.028372232,0.012456054,0.011432306,0.020820163,0.085041739,0.024854964,0.022307219,0.062264495,0.028443456,0.032611798,0.043148477,0.012496434,0.02223943,0.025743663,0.025799925,0.020853685,0.019518863,0.021713676,0.019733321,0.02648693,0.016221132,0.018937472,0.014793354,0.027960828,0.011499732,0.017394559,0,0.0029274474,0.032313433,0.023826368,0.022583308,0.022044469,0.021197591,0.022918114,0.033919174,0.018990535,0.022872465,0.019152906,0.003355999,0.0062938421,0.022545967,0.018785875,0.0066194674,0.012471287,0.0076960125,0.013990475,0.0054162554,0.0097993817,0.012900489,0.022617634,0.013000587,0,0,0,0.0013417873,0.00044657444,0.0035820608,0,0,0,0,0.0018740406,0,0.0013666321,0.00098707597,0.00511338,0.0032570916,0.0021177502,0,0,0,0,0.0011154606,0.0043761148,0.030945357,0.047233567,0.021546349,0.0078340666,0.0027042823,0,0,0.0033633285,0,0.0034129024,0.00093009294,0.0018810896,0.0043903487,0.00095542113,0,0,0,0,0.0088666342,0.002826168,0,0.012208454,0.0050348244,0,0.010108253,0,0.029903943,0.04494068,0.02205494,0.018532533,0.024063906,0.020339504,0.025156418,0.039557841,0.032877646,0.028738549,0.029459316,0.034842569,0.013876925,0.015909806,0,0,0,0,0,0,0,0.022748612,0,0,0,0,0.026528886,0.0085040675,0.018428029,0,0,0.01469258,0,0,0.0055103237,0,0.011775034,0.023832723,0.03367262,0.024182269,0.019538108,0.0183302,0.004337878,0.0043452801,0,0,0.016096676,0,0.0024126845,0.0042116176,0,0.0057942248,0,0,0.01391079,0,0,0,0,0,0,0,0,0,0,0,0,0,0,0.0028284336,0.0051313066,0,0,0.0032287419,0,0,0,0,0.0074667162,0,0,0,0,0.004862993,0,0.012277484,0.0014727543,0,0,0,0,0,0,0,0.0077492716,0.0031663696,0.012447257
0,0.0049660979,0,0,0,0,0.000883164,0.0012167415,0.00097329618,0.0028240709,0,0,0,0,0,0,0,0.0074383505,0.00037538895,0,0,0,0.00015339926,0.0026141019,0.0045734267,0.0010033281,0,0,0.0044297548,0.0023075249,0,0,0.01954769,0.042158466,0.026742373,0.021471228,0.068602249,0.0043829209,0.067964964,0.021640528,0.11303852,0.019673981,0.062832996,0.0086065177,0.043086737,0.064764179,0,0,0.004955933,0,0,0,0.0022922892,0,0,0,0,0,0,0,0,0,0,0.0017840691,0.0097927125,0,0,0,0.0090640811,0.012983562,0,0,0.0013228415,0,0,0,0,0,0,0,0,0,0.0017704898,0,0,0,0,0,0,0,0.0034952071,0,0,0,0,0,0,0,0.0039454415,0,0,0,0,0,0,0,0,0.00018562729,0.0017237592,0,0.0033696939,0.0056670429,0,0,0,0,0,0,0,0,0.0020552804,0,0,0,5.2873133e-05,0.0029759093,0,0.0037902768,0.0031231095,0,0,0.000513823,0,0.0077419728,0.031088304,0.025229529,0.028385963,0.051704921,0.0090884399,0.060231738,0.026660178,0.014948535,0.035674252,0.045239292,0.01161973,0.018245522,0.025687065,0.00075186091,0,0,0,0,0,0,0,0,0,0,0,0,0,0.0048428248,0,0,0,0,0.0039384039,0.0079269186,0,0,0,0.0063951775,0,0.013668817,0.00048899546,0.003000801,0,0,0,0,0,0,0,0,0,0,0,0,0,0,0,0,0,0,0,0,0,0,0.0030136737,0,0,0.0011249857,0,0,0.0020727352,0.0021266346,0,0.00088941614,0.00083157665,0,0,0,0,0.0034505711,0,0,0,0,0,0.0024606986,0.00021792648,0,0,1.8311319e-05,0,0,0,0,0,0.0028238259,0.0034245893,0.0041623618
0,0.0027217572,0,0,0.01031237,0.0027009666,0.011429468,0.011041952,0,0,0.0025206534,0.0010096426,0.0020602583,0.0054224851,0.0052494248,0.0034023616,0,0.0026132371,0,0,0.010819059,0.0021559997,0.0085068131,0.0098850075,0,0.0021953215,0,0.0016008485,0.0024154459,0.0049661873,0.004986499,0.003039666,0.05538274,0.050974805,0.024867984,0.082097873,0.01103239,0.03937716,0.074807771,0.019865621,0.022269297,0.084405817,0.030762333,0.084726214,0.079074822,0.049004495,0.010809574,0.023077104,0.02082083,0,0,0,0.014983241,0.014821349,0,0,0,0,0,0.0061842436,0,0,0.0049629607,0.0088911075,0.016940445,0,0.0062004621,0.0084278258,0.022518829,0.027200228,0.023156058,0.01492996,0.016882444,0.0043544983,0.0031905517,0.013943535,0.0040624659,0.0073915944,0.014810053,0.0070910333,0,0,0.015571857,0.017513175,0.029392432,0.005611042,0.0076714,0,0,0,0,0.0041266023,0,0.0076868474,0.0039649168,0,0,0,0.00095332495,0.0027413866,0.0032319345,0.006768337,0.025764812,0.0088747134,0,0,0,0,0,0.0076002181,0.008127938,0.011439061,0,0,0.0020434246,0,0,0,0,0.0043369606,0,0.011822758,0,0,0,0.00089183624,0,0.030416295,0.0052416651,0.0038923104,0.017631665,0.015417969,0.0027438165,0.021591496,0.050717521,0.063994728,0.021118728,0.050668497,0.04892667,0.015432651,0.081687927,0.078305334,0.031795762,0.045677502,0.069179378,0.051507466,0.026703069,0.017587947,0,0,0,0,0,0,0,0,0,0,0,0.013263628,0,0.0094332052,0,0.011660419,0,0,0.012468668,0,0,0.0056367926,0.004498574,0.018828478,0.013961703,0.02352648,0.021655452,0.01420075,0,0,0,0,0,0,0,0.0061236406,0.013707504,0,0,0,0.029257279,0,0,0.0080481172,0,0,0,0,0,0,0.0053818785,0,0.0029840406,0,0.0062925937,0.00099392026,0,0,0,0,0.022963438,0.0086889574,0,0,0,0,0.00041738656,0,0,0,0.0050668521,0,0.0019865276,0.0023088974,0,0,0.0014090415,0,0,0,0,0.023940798,0.0084079402,0.01962487
0,0.0045801695,0,0,0,0.0040000086,0.0049336138,0.0039351927,0,0,0.00053230877,0,0,0,0,0,0,0.0086672641,0,0,0,0.0045278459,0.0024437241,0.0057298741,0,0,0,0,0,0,0,0,0.044997219,0.041396491,0.050262488,0.03276014,0.033818416,0.0077005872,0.041943409,0.059982587,0.065349124,0.030002136,0.090360455,0.020360218,0.054439306,0.094394878,0.0039327447,0.0034765291,0.0053148107,0.0044826041,0.0025704235,0,0.020262394,0.007583966,0,0,0,0.012985406,0.011948355,0,0,0,0,0.014221037,0.033436064,0,0.0043212348,0.0080616716,0.028207112,0.035298325,0.0078041987,0.0050282413,0.011491952,0.0025006379,0,0.0014585715,0.0029347984,0,0,0.0027612136,0,0.00017009389,0.007242871,0,0.0081302263,0,0,0.00379202,0,0,0.00035106254,0,0,0,0,0,0.0090218773,0,0.0028445628,0.00202934,0.0042070434,0.00014132485,0.0004103166,0,0,0,0.0070207613,0,0,0.0054054535,0.0076121553,0.022825632,0.0010815052,0,0,0.0073318994,0,0,0,0,0.0030288505,0.0041788495,0,0,0.0053973715,0,0.0024379487,0.0070018605,0,0,0.0015072223,0,0,0.015222455,0,0.036913473,0.044422999,0.043048095,0.018424802,0.04573267,0.035624556,0.026075881,0.071297362,0.060233444,0.027369728,0.042727545,0.054950722,0.0032961492,0,0,0.0022715763,0,0,0,0,0,0.016554443,0,0,0,0.011480919,0.015372428,0,0.001009959,0,0,0,0.022300897,0,0,0,0.017473485,0,0.036245473,0.011619559,0.00076695229,0.0069347443,0,0,0,0,0,0,0,0,0.0013120963,0,0,0,0.0016577633,0,0,0,0,0,0,0,0,0,0,0,0.0024730559,0,0.0056330077,0.009706853,0.0030162462,0.0033818227,0.0014636841,0.003803758,0,0,0.0039401948,0,0.0092765409,0,0,0,0,0,0,0.0023950648,0,0,0,0.0010375024,0,0,0,0,0.0048199068,0,0.0061186478
0.00029134733,0,0,0.0051556481,0.014780482,0.00048358351,0,0.0019500742,0,0,0,0.0024862138,0,0.0019322624,0.0068740575,0,0,0,0,0.0040032128,0.013336862,0,0,0,0,0.0041570696,0,0.0038746789,0,0.00085928384,0.008774519,0,0.045526695,0.042760264,0.026553314,0.06505359,0.0020559973,0.034121435,0.032850724,0.027735695,0.012180166,0.087243743,0.022797246,0.067587666,0.086128697,0.050317217,0.011813371,0.023060923,0.023270506,0.016381554,0.0094612669,0,0,0.018815827,0,0.025738824,0,0,0.01185783,0.013746105,0,0.021032326,0.015982952,0.007529641,0.015420564,0,0,0.010170132,0.026181107,0.027573809,0.025826748,0,0.017310429,0.004720408,0,0.018728662,0.0033075667,0.0048817042,0.015940258,0.0025815095,0,0,0.010598882,0.018067922,0.032001983,0,0,0,0.00049415434,0,0,0.0071522407,0,0.0044269026,0,0.0048736176,0,0,0,0,0,0.0034814805,0.030864576,0.0052054538,0,0.0010566071,0,0.005010325,0,0.013030836,0.011973827,0.0073361262,0.0027217681,0,0,0,0,0.0025857512,0,0,0,0.0065321783,0,0,0,0,0,0.03786096,0.0058393818,0,0.019729678,0.017400341,0.0087972181,0.02254221,0.048659034,0.057566684,0.026104126,0.033236805,0.04490944,0.0065850141,0.057657011,0.066367656,0.024279315,0.037568081,0.077736981,0.05607168,0.026430342,0.016659578,0.021863608,0.020157326,0,0,0,0,0.021045446,0,0,0,0,0,0,0,0,0,0,0,0.020798452,0.024454821,0,0,0,0.019174324,0,0.026016617,0.025434013,0,0,0,0.0048155477,0,0,0,0,0.0041188123,0.015697654,0.0021971494,0.018397938,0.018606294,0.029426619,0,0,0.011524444,0.00060870586,0,0,0.0062325974,0,0,0.0022268838,0.0066611441,0,0,0.0019552894,0,0,0,0,0,0.022761308,0.0053544934,0,0.0049063037,0,0.0056270873,0,0,0.0087598795,0,0.012465216,0,0.002239137,0,0,0,0,0,0,0,0,0.025837397,0.0073637934,0.020489637
0,0.0073102452,0,0,0,0.0073762177,0.005328591,0.0070973067,0.0015157445,0.0022686317,0,0,0,0,0,0,0,0.01040387,0,0,0,0.0085454686,0.0012130095,0.0066529564,0,0,0,0,0.0034747671,0.0006744343,0,0,0.042279493,0.02502271,0.01492458,0.05616178,0.0089865346,0.012213076,0.059348613,0.029976124,0.04529912,0.078065582,0.054297201,0.082934409,0.1355997,0.11691771,0.0029513349,0.0079672998,0.011593036,0.015872914,0.0087946169,0,0.03060306,0.014756203,0,0,0.0030911528,0.021541474,0.020109501,0,0,0,0,0.001048282,0.015326868,0,0,0,0.020803276,0.020721793,0.01361413,0.0064467909,0.0089609968,0.001745549,0,0.0053559514,0,0.0018934214,0,0.010788515,0,0.0049405871,0.015874991,0.0086632911,0.018223669,0.0049790978,0,0.010077434,0,0.0044206963,0,0,0,0,0,0,0.010866366,0,0.0059751654,0.0056818086,0.00029922643,0,0.019341648,0,0,0,0.014149493,0,0,0.005263899,0.0063574044,0.0092678228,0.0034017873,0,0,0,0,0,0,0,0.0023743431,0.01261186,0,0.00071777124,0.0045264112,0,0.0085532125,0.024057554,0,0.002144495,0.0011103845,0,0,0.0087300325,0.035809465,0.057159353,0.024163347,0.038642067,0.027332921,0.022233654,0.062711209,0.052500479,0.048135202,0.083260238,0.069050014,0.076302305,0.034675591,0.0094054891,0,0.0072543649,0.010140864,0,0,0,0.02247835,0,0,0,0,0,0.02068821,0,0,0.0081964415,0,0,0,0.023274662,0,0,0,0.013272757,0.00073940936,0.026135001,0.01512711,0.0058149206,0,0,0,0,0,0,0,0,0,0.011436707,0,0.009088628,0.023754476,0,0,0,0,0,0.00048311063,0,0,0,0,0,0.0020852531,0,0,0.0087309843,0.0038628406,0.014509028,0,0,0.011094986,0.0034297176,0,0.015968187,0.0069012344,0.0056000976,0,0,0,0.01391348,0,0,0.0016103722,0,0.014634642,0,0.0020508175,0,0,0,0,0.005394083,0,0.004352787
0,0.0037527971,0,0,0,0.0061697513,0.0017567205,0.0070737181,0.0012358634,0.0016104216,0,0,0,0,0,0,0,0.008125931,0,0,0,0.0050833453,0,0.0056888536,0,0,0,0,0.0070813037,0.0021034093,0,0,0.046871711,0.045223769,0.041395325,0.046253324,0.026485607,0.0075691692,0.049752921,0.040984068,0.068059862,0.048637383,0.095034279,0.047803197,0.1175199,0.14318377,0.0030768174,0.0079515306,0.0089871362,0.0067366147,0,0,0.026806191,0.0073952219,0,0,0.00068384106,0.018276136,0.01723933,0,0,0,0,0.0067363577,0.047954585,0,0,0.0066736592,0.033164244,0.037145525,0.0094951745,0.0055182958,0.010538353,0,0,0.0017953205,0,0,0,0.0042909109,0,0,0.006446328,0.0014982846,0.011131453,0,0,0.0029389702,0,0,0,0,0,0,0,0,0.010021558,0,0.0037548584,0.0028471942,0.0054411283,0,0.0065496759,0,0,0,0.0085510053,0,0,0.0043674018,0.010230898,0.022937683,0,0,0,0,0.0019011566,0,0,0,0,0.0068772258,0,0,0.0021927622,0,0.0071364893,0.01326791,0,0.00091940479,0.00013026714,0,0,0.015527534,0.045546703,0.049309142,0.042872492,0.045928761,0.021024281,0.036742568,0.049787566,0.037568219,0.065429188,0.07760264,0.050150353,0.056992829,0.057468217,0.0036862227,0,0,0.0049017826,0,0,0,0,0,0,0,0,0,0,0.020038899,0,0.0045837029,0,0,0,0.023360536,0,0,0,0.014384018,0.013822021,0.039327197,0.012715447,0.00066956558,0,0,0,0,0,0,0,0,0,0.0032423425,0,0.0025413933,0,0.0065437048,0,0,0,0,0,0,0,0,0,0,0,0.0065190569,0,0.0047326959,0.0062145581,0.0051316624,0,0.0022130916,0.0057716826,0,0,0.0092569087,0.0016986042,0.0082975896,0,0,0,0.0087563619,0,0,0.0028595426,0,0.0070931702,0,0,0,0,0,0,0.0045524621,0,0.0041992366
0.009083095,0.0038219076,0,0,0.0048369747,0,0.0057532238,0.006234725,0,0,0.0012517704,0,0,0.0020176442,0,0.001437636,0.0053115273,0,0,0.0062846467,0.0013482019,0,0.0064672986,0.0046140859,0.0027688453,0.003928219,0,0,0,0.0036891834,0.0063697612,0.0017134838,0.013948386,0.012334279,0.012724076,0.014061379,0.0035015508,0.011198145,0.0072390763,0.012954389,0,0.012946412,0.0058222641,0.012689891,0.0047445623,0.004795474,0.051801801,0.066952497,0.035607491,0.01102267,0.015999522,0.022355165,0.011846905,0,0.014884196,0.017258884,0.014812591,0,0.0078518502,0.010958184,0.014369512,0.01456215,0.0073095066,0.0023940199,0.0037802663,0.0073117772,0.0098128263,0.0062580244,0.0053683408,0.0094023021,0.0077280775,0.012578512,0.010638429,0.0025348456,0.0081100687,0.029441318,0.010678822,0.0076050321,0.049468882,0.0053209006,0.018258341,0.0015834924,0.0059141945,0.02073158,0.016254548,0.011705217,0.0075489269,0,0,0,0.0024456275,0.033638723,0,0.0013755638,0.0031303558,0.0057366951,0,0.0025781293,0.0005717079,0.003254107,0.0045863171,0.0085110422,0.0042525353,0,0.0025543212,0.0077686319,0,0.010969354,0.0030286,0.025623009,0.012323904,0.0042553181,0.0035323747,0,0.0042514536,0,0,0,0,0.00045212341,0,0.0085548367,0,0,0,0,0,0.0054165404,0,0,0.0073211268,0.0069466918,0,0.0026656929,0,0.0083611486,0,0.0097888196,0.013096573,0.00014441284,0.0041052373,0.01147013,0,0,0.0061522643,0.002056154,0.00037769048,0.040907696,0.030454859,0.026071245,0.02253079,0,0,0,0,0,0.015474707,0,0,0.0097615663,0,0.0063506076,0,0.0089901565,0,0.012069874,0,0,0,0.0036865124,0.0014967681,0.0037545008,0,0.003699115,0.008334863,0.0093051083,0,0,0.0058791279,0,0.013937382,0.016102809,0,0.017699959,0.036652297,0,0.017764719,0.01896251,0.018023118,0,0,0,0,0,0,0.0022758429,0.0021761213,0.00015560859,0,0.00024085364,0,0,0,0.0039379713,0,0.0079405513,0.0034283251,0,0.0059954817,0,0.0012875351,0.011939935,0,0,0,0,0.0056010415,0,0.0111518,0,0.010817283,0,0,0,0.00026205758,0,0,0,0,0.0077980878,0.0030874501,0.0075554289
0.011107557,0,0,0,0.0077476231,0.003421972,0.0094690416,0.0053310599,0,0,0.0020459658,0,0,0.0073637157,0,0.0017766943,0.0092543494,0.004891688,0.001865563,0.0061359163,0.0061670723,0.0028383532,0.0066967593,0.0048004072,0,0,0.00226898,0,0,0.0095967855,0.0045302934,0.0015586645,0.020698171,0.016187754,0.0205133,0,0.0068192706,0.01734199,0.011066142,0.022953536,0.0025318647,0.026082739,0.0060410807,0.024296066,0.010574715,0.010329505,0.067133456,0.073942095,0.05199182,0.026449617,0.026440656,0.037827026,0.021637734,0.024152894,0.021795083,0.029516077,0.023960173,0.0077285953,0.017979158,0.018065784,0.02396081,0.023983859,0.0083209751,0.0070559094,0.0093410816,0.017059673,0.013252361,0.0092328452,0.012180556,0.013918753,0.013928224,0.021303594,0.014628355,0.0029943238,0.015083549,0.064182505,0.017709408,0.012072241,0.037858218,0.0116878,0.023886997,0.010265264,0.0093437135,0.02481089,0.0250565,0.018501299,0.010044363,0,0.00089387567,0,0.0017249904,0.021845667,0.0035470896,0.0080997366,0.010206657,0.0021207058,0,0.0025802681,0.00052758527,0.0060830982,0.010583329,0.010828333,0.007714876,0.0028809502,0.0013644153,0.0041920068,0,0.020073779,0.016556572,0.045368675,0.017673086,0.010367362,0.0056548244,0.0013181564,0.0050076488,0,0.0032632046,0,0.012504995,0.0053587183,0,0,0,0.0019891232,0,0.0054845097,0,0.011854591,0.0051549571,0.0054653115,0.014391199,0.0092566554,0,0,0,0.019088726,0,0.015056525,0,0,0.014833385,0.024360387,0.0074462616,0,0.019442625,0.010545121,0,0.051424004,0.045560077,0.035080876,0.040271573,0,0,0,0,0.01396094,0,0,0,0.017927052,0,0.014040431,0,0.020606149,0,0.024759354,0,0,0.014910561,0.0086210305,0.010919213,0.0064696185,0.0097065922,0.0086277984,0.015444811,0.01886083,0.010171774,0.0014830637,0.012439864,0,0.02117293,0.023891328,0,0.019497784,0.031803526,0,0.02078017,0,0.024660992,0,0,0,0,0,0,0,0.0026839778,0.0028538941,0.0059909327,0.0050697094,0,0,0.0095769772,0.0029324419,0.0032751958,0.010158851,0.0038605542,0,0.0090068942,0.0025752089,0.0018611725,0,0,0,0.0023157466,0,0.0066356235,0,0.018195793,0.00027430983,0.016893096,0.0044581401,0,0,0,0.0016271158,0,0.0048942519,0,0.014127353,0.0086089922,0.014783902
0.0065132203,0,0,0,0.0063071265,0.010422931,0,0.0098073501,0,0,0,0,0.0050364742,0.00802706,0,0.0026253767,0,0.0069193356,0,0,0.0085971579,0.0096787037,0.0041477629,0.010861924,0,0.0016350156,0,0,0.0060861562,0.013348782,0,0.0017901877,0.015129669,0.015569543,0.013793038,0.023381881,0.0032380852,0.012832105,0.012540191,0.026193019,0.0080421213,0.023832276,0.0076725176,0.024245188,0.014109428,0.01116191,0.0358188,0.052002925,0.029501971,0.045401517,0.044027951,0.042725414,0.03004783,0.038960718,0.032652218,0.032960016,0.024117747,0.021009585,0.032410011,0.018675739,0.0343282,0.019313078,0,0.006066815,0.0067326492,0.02333897,0.021261306,0.0092234034,0.0095021212,0.013871023,0.013660638,0.033736657,0.016985223,0.005492676,0.008275982,0.034767371,0.025154967,0.0090616643,0.026755545,0.01766355,0.03736981,0.01370579,0.012998061,0.034406357,0.031040734,0.027595375,0,0,0,0,0,0.0066087348,0,0.003368143,0.0037607546,0,0,0.0017263256,0.004804634,0.0073988838,0.0099276556,0.0061587384,0.008944721,0.0011273283,0.0040641553,0,0,0.0058416156,0.008922969,0.024971114,0.019410949,0.0061155902,0.0056250794,0,0.010423256,0,0.0021232178,0,0.0046663252,0,0.00083387783,0.016289132,0.0019742404,0.0013550876,0,0.0040698005,0,0.013401842,0.0062381336,0.0048946133,0.011360771,0.0053736181,0,0,0,0,0,0,0,0,0,0.025595659,0,0,0,0.016292814,0,0.035921015,0.029284883,0.046369605,0.043141954,0,0,0,0,0,0,0,0,0.019881237,0,0.032136943,0,0.032466821,0,0.019733768,0,0,0,0.004082338,0.015480722,0.005423435,0,0.010602274,0,0.02701585,0,0,0,0,0,0.025346631,0,0,0.022253904,0,0.027094806,0.032100402,0,0.023682093,0,0,0,0,0,0,0,0,0,0,0,0,0,0.0024739101,0.006609465,0.0094634155,0.0019352582,0,0.0079735573,0.0031748854,0.0022658422,0,0.00051872001,0,0.0008552972,0,0,0,0.0084466059,0,0.012733279,0.0021119283,0,0,0,0.00015051522,8.1050566e-05,0.0018174,0,0.012787936,0.0081248339,0.010615876
0,0,0,0,0,0.0081119137,0.0020039987,0.0016685262,0,0,0,0,0.0044234195,0.0025272644,0,0,0,0.0099655399,0.00076608389,0,0,0.0086079324,0,0.0021868953,0,0,0,0,0.0053289086,0.0093380921,0,0,0.005204319,0.0027113012,0.0012896641,0,0,0.0017030922,0.0021459847,0.026713977,0.0021213025,0,0.0067691738,0.017951939,0.018558638,0.0089951688,0.011702561,0.026955903,0.046025667,0.057472866,0.055628169,0.048813712,0.03766685,0.032074176,0.026148727,0.022585703,0.016103644,0.02453126,0.028620293,0.015230974,0.019986011,0.0019483274,0,0.0067235841,0.0018885027,0.024296662,0.017619252,0.0024108477,0.0024665953,0.0023067459,0.010216205,0.022611486,0.016460869,0.0060530789,0.011767818,0.029339483,0.047246385,0.016276669,0.020578917,0.026109036,0.043341126,0.040677372,0.016116312,0.032159407,0.023737932,0.032033436,0,0,0,0.0025134238,0,0,0,0,0,0,0.012353848,0,0,0.0098219803,0.00075698399,0.0038054369,0,0,0,0,0,0.0028813784,0.0061344514,0.019435439,0.016467411,0,0.0048681647,0,0.00060799357,0,0.0060176863,0,0.003843395,0,0.0026732923,0,0,0,0,0,0.0024912239,0.0015403081,0,0,0.0010693225,0,0,0,0,0.014241708,0,0,0,0,0.011159801,0.017237762,0,0,0,0,0,0.019238148,0.02418879,0.03403759,0.034807108,0.045359768,0,0.037852503,0,0.022135073,0.036709938,0.02783912,0.013865277,0.010337151,0.0254246,0.028460398,0.012489716,0.023215789,0.013609789,0.00024480183,0,0.018961646,0.016916273,0,0.0099326968,0.00021056997,0,0.0050447984,0.0087019969,0.015799189,0.015031813,0.0026838123,0.0067847706,0,0.021311535,0.031664204,0.012056261,0,0,0,0,0.030711994,0,0.030570403,0,0,0,0,0,0,0.0014713409,0,0,0,0,0,0,0,0.0008791195,0.011726063,0.0010958295,0,0,0,0,0,0,0,0,0,0,0,0,0,0.0098674651,0,0,0,0,0,0,0,0,0,0,0
0,0,0,0,0,0.0065695844,0,0.00013642976,0,0,0,0,0,0.0018068647,0,0,0,0,0,0,0.00093496207,0.0069887401,0,0.0011695352,0,0,0,0,0.0031713862,0.0076508098,0,0,0.0045219739,0.004921196,0.0030591381,0,0,0,0,0.022324562,0,0,0.0050384216,0.011516439,0.011757206,0.0022159372,0.017079372,0.027514705,0.045137368,0.056115471,0.032729365,0.029453348,0.025574857,0.035160668,0.03917215,0.027984655,0.026318515,0.027565598,0.033446342,0.022814341,0.026806468,0.0049634045,0,0.0097989095,0.003959741,0.036992259,0.033067051,0.012186999,0.0069065578,0,0.013895136,0.034294937,0.019513991,0.0078348089,0.012396364,0.03220249,0.05267328,0.010915169,0.019689817,0.0193602,0.03385653,0.023470376,0.013167922,0.033316743,0.023737822,0.033205166,0,0,0,0,0,0,0,0,2.4164638e-05,0,0,0,0.0019607837,0.0087116268,0.0032328758,0.0030909001,0.00095289748,0,0,0,0,0,0,0.019181093,0.015189221,0.00046918975,0.0039501907,0,0.0036613725,0,0.0027439692,0,0.0050479574,0,0,0,0,0,0,0,0,0,0,0,0,0,0,0,0,0,0,0,0,0,0,0,0,0,0,0,0,0,0,0,0.037818138,0.026235711,0,0.023252543,0,0.035233822,0.025883773,0.031638853,0.015180042,0,0.02424198,0.032063164,0.020350227,0.029259983,0.020945217,0,0,0,0.028369263,0,0.024107389,0.0034495525,0,0.0088049434,0,0,0.015911058,0,0.012398416,0,0,0.033994745,0.010691276,0,0,0,0,0.031211561,0,0.024320204,0,0,0,0,0,0,0,0,0,0,0,0,0,0,0,0,0,0,0,0,0,0,6.5540487e-05,0,0,0,0,0,0,0,0,0,0,0,0,0,0,0,0,0,0,0
0,0,0,0,0.010659751,0.0019239523,0,0,0,0,0,0,0,0.0040714792,0,0,0,0,0,0,0,0.0017125463,0,0,0,0,0,0.004660795,0,0.005316508,0.0066689132,0,0.012732932,0.018151764,0.015666306,0,0,0,0,0.02084505,0.00010475617,0,0.00035771582,0,0,0.0011544703,0.023713304,0.039252494,0.044826563,0.050263919,0.029804945,0.07221894,0.0391398,0.028030848,0.032821011,0.047029398,0.022812959,0.0093699284,0.020604908,0.024077825,0.038664594,0.036168601,0.016088197,0.0062737809,0.0065329731,0.041821547,0.024783414,0.012561351,0.0098751988,0.01930082,0.011040953,0.025781527,0.015780313,0.0035476997,0.023505216,0.028295889,0.018828128,0,0.019879024,0.001186291,0.024961345,0.011879493,0.0040606461,0.021687794,0.017533142,0.020813653,0,0,0.0059742741,0,0,0.011156222,0,0.0051307012,0.010144049,0.0087477136,0,0.0057935924,0,0,0.0063461377,0.013352145,0.0033158294,0,0.00068809569,0.01132206,0,0.012978069,0.0055336878,0.02596494,0.01443542,0.0035525684,0.0035629768,0.0045106318,0.0022774902,0,0.0065298094,0,0.0090951715,0,0,0,0.004562567,0,0,0.0016904309,0,0.0095941545,0.0065785893,0,0.013168989,0.0073545016,0,0,0,0,0,0,0,0,0,0,0,0,0,0,0.003825434,0,0,0.041683365,0,0.032805886,0.03775264,0.077442855,0,0.021988999,0.036376994,0.027660642,0.037603922,0.025281508,0.01417509,0.021311959,0.025833493,0.028983379,0.035958748,0.035255745,0,0,0.024114482,0.0039906981,0.02070074,0.0044800043,0.008959027,0.01416601,0.010957545,0.020364884,0.011773568,0,0.00585766,0,0,0.013810274,0.014931212,0.0076764217,0.016052321,0,0.018130401,0.019180629,0,0.014181013,0,0,0,0,0,0,0,0,0.0021775526,0,0,0,0,0,0,0,0,0,0,0,0,0,0,8.8984627e-05,0.00020249646,0,0,0,0,0,0,0.00071253616,0,0.00029847093,0,0,0,0,0,0,0.0050493395,0
0,0,0,0,0,0.014448171,0.0018642157,0.01082956,0,0,0,0,0,0.0015842756,0,0,0,0,0,0,0,0.016563058,0,0.011161737,0,0,0,0,0.01654198,0.0054080426,0,0,0.013248648,0,0.0019602454,0,0,0,0,0.022827169,0.0053639738,0.018854896,0.023131834,0,0.034116738,0.02971838,0.012463389,0.022269893,0.030940231,0.038126275,0.025189579,0.03863772,0.073549531,0.031939801,0.027593341,0.014501117,0.0018002347,0.059115749,0.038773648,0,0.014077701,0,0,0.0020603193,0.0058913352,0.0096661784,0.0093835276,0.0016781496,0.0040351637,0.0044688759,0.0012304451,0.010226573,0.03574213,0.01316078,0.0036367446,0.021646569,0.022172168,0.012310613,0.0037892486,0.025875971,0.022330593,0.025401587,0.019180063,0.026613217,0.016659088,0.03522744,0,0,0,0.010499015,0,0,0,0,0,0,0,0,0.01015343,0.016137417,0.021065768,0.012892872,0,0,0,0,0.030407777,0,0,0.018599121,0.015695926,0,0.0049356082,0,0.012002913,0,0.0017512783,0,0.0029517722,0,0.01266468,0.022412006,0,0.010555362,0.01397079,0.0012470572,0.025659135,0,0,0.0018190636,0,0,0,0,0,0,0,0,0,0,0,0,0,0,0,0,0.01225323,0,0.0078610089,0.025015017,0.023688655,0.030235212,0.021130133,0.036800969,0,0.020690214,0.05874107,0.019411657,0,0,0.047526665,0.037642609,0,0.014853912,0.0072177239,0,0,0.017357675,0.010258974,0,0,0,8.4067418e-05,0.0081024794,0.0081184665,0.0088617578,0.010680208,0.013054701,0.0066720033,0.015759986,0,0.011630291,0.004685591,0,0,0.018317953,0.0033622384,0.021908145,0.022395978,0.039759703,0,0,0,0,0,0,0,0,0,0,0,0,0,0.013527004,0.010742364,0.0095066465,0.0064371973,0.0092749279,0,0,0.0001784029,0,0.012605632,9.1196824e-05,0,0,0,0,0,0,0,0,0,0,0,0,0,0,0,0,0,0
0,0.0036100256,0,0,0.0018513843,0.0093347263,0.0026231636,0.0059331269,0,0,0,0,0,0.0053899554,0,0.00048698724,0,0,0,0,0.0038648178,0.0088036815,0.0024354453,0.0076707439,0,0,0,0,0.0048578484,0.0057954695,0,0,0.010979424,0,0.0075315898,0,0,0.0057273638,0,0.020267665,0,0.017608415,0.0097176097,0.019843942,0.017221887,0.0095568364,0,0.024236243,0.039076298,0.031844031,0.03464818,0.026988771,0.031433906,0.07335449,0.029189199,0.029925833,0.022549739,0.028878519,0.030820478,0.023681549,0.044981424,0.011618107,0,0.0062545678,0.004493901,0.018590195,0.019983824,0.0074787005,0.010529897,0.012309196,0.01435934,0.028702835,0.021105383,0.0080505628,0.0063750842,0.024957733,0.019916842,0.0087407222,0.015482922,0.014935063,0.026270861,0.016703509,0.017390113,0.067130812,0.061269097,0.045007359,0,0,0,0,0,0,0,0,0,0,0,0,0.00050050899,0.0046836818,0.0045886245,0.0022190618,0.004647295,0.0092540393,0.013111291,0,0,0,0.0030092704,0,0,0.0013755923,0,0,0,0,0,0,0.00055908918,0.0065334104,0.0047731139,0.026985982,0.0017865046,0.0065640425,0,0.00022221214,0.0050537926,0.007170917,0.0097460505,0.012409974,0.015901664,0.0013158144,0,0.0025341909,0,0,0,0,0.013423157,0,0,0,0,0,0.019412063,0,0,0,0,0.032783672,0,0.02681681,0,0.030267105,0.034129623,0,0.033467658,0.043191679,0,0.019677,0.025877932,0.03161899,0.023359289,0.030838218,0.033150516,0.010632353,0,0,0,0,0,0.0047737663,0.0064397976,0.012197415,0.01672541,0.025233397,0.016417939,0.00592581,0.0085105347,0,0,0,0.010770263,0,0,0.010654101,0.02274636,0.033374868,0.029337261,0.032923743,0,0,0,0,0,0,0,0,0,0,0,0,0,0.0029213848,0.0055484553,0.011954721,0.0030126688,0,0.0027736411,0.0066305972,0.0089454707,0.015038957,0.0037206851,8.275143e-05,0,0,0,0,0,0,0,0.0031680907,0,0.0032049674,0.004919874,0,0,0,0,0.0061701066,0.0023734269,0.0074450993
0,0,0,0,0,0.0038560065,0,0.0011783515,0,0,0,0,0,0,0,0,0,0,0,0,0.00020050924,0.0040805405,0,0.0015955353,0,0,0,0,0,0.0020638851,0,0,0.0068194726,0,0.011853842,0,0,0,0,0.027414476,0,0,0,0,0,0,0.015525538,0.022430275,0.033711288,0.026454683,0.038729783,0.032725368,0.02789541,0.029253339,0.05574606,0.058177203,0.031985957,0.046169378,0.047269337,0.025351256,0.031243125,0.00064455206,0,0.0027652949,0.01220019,0.051071484,0.062526055,0.018580209,0.0095929457,0.021611873,0.011150772,0.029987821,0.014323734,0.00798574,0.0088155726,0.015727196,0.015272656,0,0.0048549538,0.003097411,0.019529665,0.0025336735,0.0049530184,0.019699095,0.01237207,0.021900639,0,0,0,0,0.00049342553,0.001796277,0,0.00023992316,0.0066124247,0,0,0,0,0.0028400221,0.0077057937,0.0017136794,0.0014715317,0,0,0,0,0,0.0065379031,0.019958686,0.014874415,0.0034171953,0.0051115518,0.0004574052,0.002370941,0,0.00058393739,0,0.0074054599,0,0,0,0.0021706424,0,0.002182726,0.0046619512,0,0.0092974938,0.0060812179,0,0.010550114,0,0,0,0,0,0,0,0,0,0,0,0,0,0,0,0.0076786773,0.015066959,0.01266068,0.02454761,0.026203781,0,0.0205258,0.021793358,0.018650319,0.053422619,0.021445217,0,0.02380131,0.02279219,0.033070143,0.037952356,0.020530235,0.027305264,0.02026321,0.0029544614,0.0048480998,0,0.027603617,0.001890573,0.032898247,0.001989254,0.012204425,0.018508663,0.011716774,0.026398193,0.0059321569,0.002105969,0.00067773386,0,0.010891571,0.010130211,0.0039365054,0.0044603189,0.0027685054,0,0,0,0.014985962,0.012009973,0,0,0,0,0,0,0,0,0,0,0,0,0,0,0,0,0,0,0,0,0,0,0,0.0024449974,0.001322659,0,0,0,0,0,0.010942017,0,0,0,0,0,0,0.0023198782,0,0,0,0
0,0,0,0,0.019840119,0,0,0,0,0,0.0036246143,0,0,0.00046906862,0,0,0,0,0,0.016789623,0.014494357,0,0,0,0,0,0.0055769589,0.010274791,0,0.0059556803,0.020296078,0,0.0057874732,0.021900868,0.017708948,0,0,0,0,0.016789427,0,0,0,0.026917512,0,0,0.017624177,0.029670808,0.033640176,0.022578938,0.027744284,0.046149042,0.014199229,0.029931571,0.058286004,0.083374202,0.045977391,0.026105318,0.028159041,0.048527323,0.039025273,0.063491866,0.033232585,0.0059827375,0.0042249262,0.032504685,0.038830902,0.014591677,0.011329948,0.016294587,0.014215629,0.034099873,0.014928472,0,0.019419702,0.024312593,0.0086949971,0,0.018053044,0,0.014648099,0.00037412165,0,0.018710364,0.022072786,0.013677841,0,0,0.011405914,0,0,0.011738158,0,0.008881011,0.0096907597,0.016215777,0,0.00058276893,0,0,0,0.0099678943,0.0027676183,0,0,0.015968945,0,0,0.0026754574,0.015912551,0.0051980396,0,0.0012590288,0.0028614593,0.00068810594,0,0.00074645213,0,1.6100192e-05,0,0,0,0.0027185879,0,0,0,0,0.0096208239,0.0071777375,0,0.014830749,0.013530006,0,0,0,0,0,0,0,0,0,0,0,0,0,0,0.0021147265,0.016941929,0.029245278,0.025127361,0.030179802,0.014227556,0.024432477,0.030625856,0,0.027368244,0.017306508,0.028486004,0.056272894,0.040410485,0,0.010727925,0.035224058,0.031261183,0.036066052,0.05181244,0.027622163,0.014220348,0.020313423,0.0066482248,0.029897314,0.0058419057,0,0.013539006,0.011348804,0.026091725,0.016273679,0,0.0070515955,0,0.0027960555,0.015406206,0.019179657,0.0074248337,0.020863902,0,0.019868111,0,0,0.002274307,0,0,0,0,0,0,0,0,0.0039299633,0.015916921,0,0,0,0,0,0,0,0,0,0,0,0,0,0,0,0,0,0,0,0,0.0053885151,0.0017819923,0,0,0,0,0,0.0052654501,0,0,0,0
0.0017722959,0,0.0033145833,0.0099083884,0.013148713,0,0,0,0,0,0.0046399501,0,0,0,0.0097706597,0,0.00066422496,0,0,0.0097437128,0.0092634428,0,0,0,0,0,0.0070997104,0,0,0.0011133513,0.012904756,0,0.0066241855,0.017660152,0.017554885,0.018612789,0,0,0,0.018826259,0,0,0,0,0.0048287911,0.0023872727,0.014511344,0.023306116,0.023509772,0.015121599,0.024708781,0.021363106,0.00068425026,0.021576975,0.030827567,0.044885904,0.073822573,0,0.032426931,0.043213464,0.026459996,0.034978505,0.020675879,0.010839294,0.011596102,0.034533035,0.05160151,0.033217464,0.027172979,0.028949991,0.026561245,0.073302753,0.023881495,0.0038069882,0.016114421,0.024246775,0.020137055,0.0067228051,0.022360647,0,0.017597176,0.00063195854,0.0073051988,0.023175778,0.03246928,0.016272757,0,0,0.0015545207,0,0,0.013276778,0,0.0044008982,0.013335806,0.013614023,0,0,0,0,0,0.005799185,0.001857608,0,0,0.0022338959,0,0.005273764,0,0.0066459104,0.0044748094,7.6569617e-05,0,0,0,0,0,0.010540896,0,0,0,0,0,0,0,0,0,0.00093700283,0,0,0.0083356267,0.0059402301,0.015511641,0.0037634608,0,0,0,0.0040719146,0.013102693,0,0.0054069171,0,0,0,0.01682562,0.0093176002,0.0081349323,0.013415876,0.014149882,0.018145835,0.0236974,0.0092676142,0,0.013781572,0,0.01655451,0.0094767753,0.022461222,0.034099691,0.046983674,0,0.011197659,0.038418222,0.022381207,0.020700766,0.031684,0.020026948,0.018231954,0.026308456,0.011190602,0.033759147,0.016696498,0.020505914,0.02585588,0.029645354,0.040547203,0.025017181,0.0015605552,0.010646714,0,0.0039850785,0.02624983,0.017609481,0.0067786709,0.017388631,0,0.02193312,0.023411276,0.023471925,0.010415554,0,0,0,0,0,0.011052952,0,0,0,0.0090859775,0,0,0.0036605194,0,0,0.0074394322,0,0,0.00031790134,0,0,0,0,0,0,0,0.014366122,0,0.015034469,0,0,0,0,0,0,0,0,0,0,0.0026361526,0,0.011125848
0,0,0,0,0,0.013525972,0,0.0082444418,0,0,0,0,0.0071615754,0,0,0,0,0.016991694,0.00097814377,0,0,0.019613083,0,0.014328867,0,0,0,0,0.011530673,0.0072828741,0,0,0,0,0,0,0,0,0,0.01547047,0,0,0.014663207,0,0.023423426,0.02001695,0.0002302834,0.0084369425,0.022179982,0.025118327,0.027876144,0.0093028881,0.059343081,0.029384291,0.046913572,0.026761467,0.00036271499,0.13035589,0.047732942,0.021916222,0.049793042,0,0,0,0.0012446421,0.011385248,0.013795564,0,0,0,0,0.009830757,0.01983292,0.008396754,0,0.0060361843,0.015373453,0,0,0.015746143,0.012923121,0.010067647,0.0071510761,0.014482824,0.0046785432,0.025294974,0,0.031580575,0,0.0065624714,0.00099651399,0,0,0,0,0,0,0,0.0091685858,0.012440404,0.01479503,0,0,0,0,0,0.045112275,0,0.00014096845,0.0073284255,0.012151491,0.0024125506,7.8640151e-06,0,0.0011046052,0,0.0016286888,0,0,0,0.011561168,0.01258601,0,0.011680394,0.01927178,0.0043992223,0.028441425,0,0,0.004435048,0,0,0,0,0,0,0.0062975353,0,0,0,0,0.0030933521,0,0,0,0,0.0052844444,0.010465985,0,0.016078178,0.015608305,0.012859625,0,0.018856341,0,0.033182971,0.03854068,0.022591764,0,0,0.06979844,0.045426566,0.00097076362,0.015195973,0.015621712,0,0,0.0081225308,0.011192443,0,0.0045316843,0,0,0.00097183569,0,0.010036087,0.0004824198,0.0075622671,0,0,0.015916174,0,0,0,0,0.0080926931,0,0.009233973,0.011147648,0.024254499,0,0,0,0,0.014585127,0,0,0,0,0,0.0012123066,0,0,0.011862275,0.0075767548,0,0.0012381992,0.013952988,0,0,0,0,0.0092301741,0.0018582527,0,0,0,0,0,0,0.01433033,0,0,0,0,0.0040746955,0,0,0.0037539653,0,0,0
0,0,0,0,0,0.0055198632,0,0.0044287769,0,0,0,0,0.0049663438,0,0,0,0,0,0,0,0,0.008354133,0,0.0057880562,0,0,0,0,0.0068487301,0.0041468493,0,0,0.0063026063,0,0.0043805777,0,0,0,0,0.027891036,0,0,0.013661643,0.01235056,0.022031378,0.018959451,0.0077717244,0.017520268,0.032169931,0.027960205,0.032111652,0.019224089,0.037761655,0.030057305,0.046012025,0.02726059,0.032487828,0.046303622,0.080100819,0.0078542465,0.050366987,0.011584967,0,0.0030671465,0.0094830785,0.017926613,0.025173064,0.013240625,0.0093783159,0.016725972,0.012096176,0.048986901,0.017342683,0.010065938,0.00052468566,0.014226566,0.01836713,0.0036135036,0.00086261361,0.01077847,0.016676668,0.00096325518,0.010920828,0.021349143,0.02223777,0.021716151,0,0,0,0.0058555012,0,0,0,0,0,0,0.0068402467,0,0.0071884943,0.0094382605,0.010099494,0,0,0,0,0,0.0066799102,0,0,0.016664172,0.013990508,0.0030228791,0.00045163766,0,0.0050269263,0,0,0,0,0,0.0037812474,0.0097052203,0,0.00017311545,0.0041869739,0.0037279811,0.0096677598,0.0047711292,0,0.0020342153,0.0023545146,0,0,0,0,0,0,0,0,0,0,0,0.017208537,0.020446334,0,0,0.014137317,0.012966068,0.0089851292,0.022948166,0.025326675,0.010952437,0.018018724,0.020325262,0.023843776,0.03510607,0.033746019,0.021820176,0.0070142136,0.013439439,0.043803196,0.050905503,0.0087593514,0.044509858,0.020730335,0,0,0.020096023,0.014954736,0.000851385,0.013728756,0.0048255543,0.0092194211,0.01202671,0.016792264,0.035568617,0.010053519,0.0093163867,0,0.012329788,0.015980205,0.013361884,0,0,0,0.0060406099,0,0.01790756,0.023078151,0.023858072,0,0,0,0,0.008741172,0,0,0,0,0,0.0012535059,0,0,0.0046080118,0.0038137857,0.0035398267,0.0017025794,0.0024185162,0,0.0024104968,0,0.0067118378,0,0.0028841984,0,0,0,0.005200976,0,0,0.0095016742,0,0.0064368257,0,0.00033833308,0.00020369193,0,0,0,0.0029066785,0,0.0049392013
0.0080006626,0,0,0.017164523,0.014124328,0,0,0,0,0,0.0021893331,0.0028834683,0,0.002468393,0.0098910946,0,0,0,0,0.017647253,0,0,0,0,0,0.003560435,0.011728258,0.0077316156,0,0.0097693866,0.016197497,0,0,0.012156376,0.0080936942,0.0096276151,0,0,0,0.012615574,0,0.0083843097,0,0.015185704,0,0,0.011597771,0.018767793,0.019709297,0.015926767,0.023542967,0.024345433,0,0.02428272,0.026540965,0.049191467,0.045611292,0.0220218,0.0096044084,0.15112388,0.049048133,0.039583001,0.027781013,0.0016352462,0.0084175952,0.034748368,0.039294768,0.020015934,0.019670371,0.018586993,0.019605553,0.037374437,0.056890834,0.021268535,0.027862106,0.018459961,0.01829369,0.0036679481,0.019001428,0,0.018754732,0.0051370291,0.0054889428,0.023471002,0.02424374,0.063603535,0,0,0.0087781716,0,0,0.014328385,0,0.0019847569,0.005046125,0.0099870618,0,0,0,0,0,0.0080768093,0.0014852609,0,0.00085895613,0.011352366,0,0.0086739901,0,0.008137783,0,0,0,0,0,0,0,0.00081557484,0,0,0,0,0.0018243112,0,0,0,0,0.0024068744,0,0,0.0079199392,0.0089192083,0.011775425,0,0,0,0.0059849625,0,0,0,0,0,0,0,0,0,0,0,0.019420313,0.016257079,0.021620423,0.011771052,0,0.014435652,0.007735637,0.019498494,0.0075660506,0.032694876,0.038225297,0.038156025,0,0.005961223,0.061811667,0.019782722,0.031882949,0.036107101,0.023228338,0.0096280752,0.0259177,0.01036516,0.034102291,0.012412925,0.01941793,0.017935455,0.018626459,0.027227962,0.032693766,0.0074968971,0.01255504,0,0.0017903785,0.021852843,0.022779062,0,0.016321786,0,0.023420816,0.024655182,0.015980814,0.022115555,0,0,0.0029864169,0,0,0,0,0,0,0.01074733,0,0,0.0040674093,0,0,0.004051019,0,0,0.0018956218,0,0,0,0,0,0,0,0,0,0,0,0,0,0,0,0,0,0,0,0,0.0045231218,0,0.0080227163
0.0085252281,0.0006912924,0,0.0043457597,0.0069127502,0.0012423826,0,0,0,0,0,0,0,0.00083046284,0,0,0.0098051857,0,0,0.0064696409,0.0070013353,0.0054098819,0,0.0040859166,0,0,0.00093832368,0.0010997469,0,0.0056689908,0.0016386956,0,0.0048103598,0.013333119,0.011465372,0.01365755,0,0.010602558,0.0022137137,0.018517466,0,0,0,0,0.00048362935,0,0.015398,0.025035787,0.036031511,0.020727279,0.027181337,0.038635306,0.014444497,0.046194255,0.031403832,0.039859883,0.027876567,0.050032198,0.052035563,0.04885269,0.2,0.075179264,0.0074915835,0,0.0075871111,0.018978406,0.020341448,0.0083629852,0.010054751,0.017046914,0.015869249,0.057446145,0.014910871,0.0019377287,0.010945038,0.024256919,0.0059024515,0,0.0087293927,0,0.013880904,0,0.0027529134,0.022330588,0.051865704,0.035478711,0,0,0.0017249973,0,0,0.0022209664,0,0.0001244798,0.0024384432,9.6807162e-05,0,0,0,0,0.0030182563,0.0050792848,0.0022465929,0.0441055,0.00061002671,0.0002854871,0,0.005037732,0,0.017963935,0.0095702279,0.0023585972,0.0024730447,1.6996139e-06,0,0,0.0018085686,4.7697024e-05,0.0032500774,0,0,0.00029832331,0.0060308068,0,0,0.0011729423,0,0.0087996926,0.0044132033,0,0.011893127,0.002212262,0.0024489167,0.00071098661,0,0,0.016225673,0.0052263043,0.012105474,0,0.0020200489,0,0,0,0,0,0.0058335946,0.01432272,0.021338621,0.029101098,0.031890463,0.014093244,0.019190047,0.031526081,0.01889501,0.026304558,0.021059418,0.045918662,0.036988661,0.025027525,0.032723673,0.031867664,0.036365591,0.070372857,0.10559179,0.040719125,0.010554212,0.015440954,0.01627465,0.0033874861,0.018380824,0.0040643234,0.012741295,0.015827375,0.018078109,0.035055138,0.013962133,0,0.0011476243,0.0045226365,0.0088447537,0.01014571,0.0091404673,0.0001156795,0.0071514561,0,0.010222589,0.019330742,0.020846512,0.016037174,0,0,0,0,0,0.0024121562,0,0,0,0.0019166078,0,0,0,0,0,0,0,0,0,0.032221358,0,0,0,0.00058221782,0,0,0.0040544854,0,0.012899498,0,0.0071676383,0,0,0,0,0,0,0,0,0.010126967,0.0036474909,0.0074171112
0.017551262,0,0,0,0.028886806,0,0,0,0,0,0.0050410805,0.013618017,0,0.0049546668,0.024899639,0.0023529863,0.014734738,0,0,0.023698788,0.019723654,0,0,0,0,0.0022225308,0.013831643,0.0189161,0,0.0099554956,0.033627458,0,0,0.026024461,0.014429919,0,0,0,0.0021709898,0,0,0,0,0.021244589,0,0,0.014397621,0.023454893,0.019081863,0.0012859069,0.0040915473,0.034650676,0,0.011201758,0,0.06269794,0.034834702,0,0.011284151,0.038625468,0.073788561,0.098170362,0.056814514,0,0,0.009996797,0.012034045,0.004102536,0.0035424973,0.0097421212,0.0067167878,0.026563589,0.0021260849,0,0.014395624,0.020883515,0,0,0.021471605,0,0.0078082085,0,0,0.010730801,0.020224219,0.0023971952,0,0,0.028220445,0,0,0.020554045,0,0.0043116575,0.0042886804,0.037920877,0,0.0053791236,0,0,0,0.0072438382,0.0062114839,0.0065156156,0,0.027905563,0,0.021402352,0,0.0045049591,0,0,0,0,0,0,0,0.020612586,0,0,0,0,0,0,0,0,0,0.001820694,0.0018597397,0,0.011964267,0.01599174,0.029749816,0.0053532748,0,0,0.0049065715,0.0044488097,0.015734805,0,0,0,0,0,0,0,0,0.0097925421,0.021726858,0.017687425,0.020889042,0.012626757,0.010595856,0.020141046,0,0,0,0.01792134,0.052142702,0.037235867,0,0,0.033483543,0.026276972,0.044538017,0.081249289,0.04140928,0,0.0056724669,0.0054153232,0.014296971,0.0026195853,0,0.0051016882,0.0088699143,0.015875723,0.0091197202,0,0,0,0,0.012251105,0.021891011,0.0057750633,0.028261065,0,0.027194828,0.012961936,0.007943633,0,0,0,0.027096193,0,0,0.04400716,0,0,8.0772676e-05,0.032680117,0,0,0.0072097429,0,0,0,0,0,0.0072725415,6.6419489e-05,0,0,0,0,0,0,0.047235087,0,0.036332384,0,0,0,0,0,0,0,0,0,0,0.0082523366,0.0025851282,0.0073081679
0.020126317,0,0.0047729006,0.054632884,0.037050247,0,0,0,0,0,0.00065182499,0.016330646,0,0,0.030655423,0.0034050078,0.018916471,0,0,0.035178609,0.026599338,0,0,0,0,0.0064480766,0.01036624,0.023614487,0,0,0.041963585,0.00021836584,0.0088055125,0.043779094,0.048706222,0.010267739,0,0.019426446,0,0.0029119062,0,0.0050116107,0,0.01569052,0,0,0.0066816383,0.0074739903,0,0,0,0.015068306,0,0,0,0.032703705,0.020476686,0,0,0.027065262,0.0068521677,0.056588214,0.092642672,0.020615408,0.0084628854,0.010598438,0.012684172,0.016634865,0.0082074907,0.015739214,0.0050402181,0.0046759518,0,0,0.027797956,0.0057823071,0,0,0.015783956,0,0,0,0,0,0.0015209748,0,0.083643027,0,0.04445998,0,0,0.029432217,0,0.0084331539,0.011423169,0.070902348,0,0.01465362,0,0,0,0.015266967,0.007743258,0,0,0.042814493,0,0.016480442,0,0.0045568952,0,0,0,0,0,0,0,0.028160742,0,0,0,0,0,0,0,0,0,0,0,0,0.011382174,0.040717833,0.049162306,0.014807363,0.030002913,0,0.0083768638,0.0017167612,0.012777606,0,0,0.0021717953,0,0,0,0,0,0,0,0,0,0,0,0,0,0,0,0,0,0.031355985,0,0,0.02795887,0,0.012975593,0.05434208,0.073208213,0,0,0.013259646,0.01418261,0.0084868949,0.019548412,0.007490112,0.0024626816,0.00048702126,0.0074228831,0,0.00037050733,0,0,0.0032026593,0.025972407,0.0075560785,0.030496556,0,0.021066707,0,0,0,0,0,0,0,0,0.054979555,0,0,0.0052988911,0.055572223,0,0,0.013350527,0,0,0,0,0,0.0075857379,0,0,0,0,0,0,0,0.062634386,0,0.045636825,0,0,0,0,0,0,0,0,0,0,0,0,0.0064049801
0,0,0,0,0,0,0,0,0,0,0,0,0,0,0,0.0039465735,0.0048496849,0,0,0,0.0025146264,0,0.00061678106,0.001569615,0,0.0038692332,0,0,0.0010451179,0.00075944711,0,0.003420467,0.0077787549,0.007648523,0.033510782,0.0053338031,0.0014027439,0.0011727276,0.0058427323,0.03138303,0.0032833037,0.0082845893,0.014686276,0.006254503,0.0011544952,0.0072046579,0.00091647927,0.0050866669,0.0039888457,0.004589323,0.0074753449,0.0040162895,2.6022812e-05,0.0042956769,0.0015951827,0.0045442889,0.010407526,0,0.0022508879,0,0,0,0.020396344,0.087633625,0.034080997,0.025891796,0.019320238,0.043452121,0.03467796,0.02218153,0.031661756,0.017883716,0.030029219,0.032485813,0.033841603,0.0095161805,0.032628778,0.042426083,0.012266109,0.008895983,0.01220073,0.018824453,0.014543409,0.011245763,0.02068747,0.0027587623,0,0,0,0,0,0,0.014028033,0.021495568,0.038535483,0.012466206,0.0089198891,0.0061379392,0.0016955901,0.031882051,0.018150374,0.018132126,0.0068937121,0,0.0038802293,0,0,0,0,0.020932227,0.031599041,0.032489929,0.00085268624,0,0,0,0,0,0,0,0,0,0,0,0,0.0035838974,0,0,0,0,0.0016638665,0.012812115,0.0083050504,0.0098731099,0.0056832349,0.0063755773,0,0.0054391264,0.0050304444,0,0.0060380511,0,0,0,0.0077871718,0.010303295,0.023531081,0.0042347917,0.0024468328,0,0.0028423134,0,0,0.0013788005,0,0.0011980787,0,0,0,0.013329828,0,0,0.0030408418,0.0016670028,0,0,0,0,0.021560643,0.030801391,0.018429054,0.034972481,0.025247741,0.023968961,0.023838362,0.017908085,0.020735422,0.02104398,0.023400445,0,0,0.028394571,0.012912245,0,0.0073546236,0,0.0059743645,0,0.021379456,0.0048326603,0,0,0,0,0,0,0,0,0.016246196,0,0,0,0,0.018971113,0.015213449,0.008809207,0.0078223255,0,0.0014581087,0,0.0010088222,0,0,0,0,0,0,0,0,0,0,0,0,0,0,0,0,0.00026108656,0,0,0,0
0,0,0,0,0.0052292543,0,0.0037185687,0.0030652075,0,0,0,0,0,0,0,0.00056192471,0.00042816988,0.00081492506,0,0,0.0081943646,0,0.0024495632,0.0048978222,0,0,0,0,0,0.0030162488,5.2069645e-05,0.0023165764,0.01898212,0.023235604,0.033298779,0.014613466,0.0068354607,0.0091732331,0.018840773,0.022662403,0.011771167,0.016144168,0.033973455,0.013674642,0.015375549,0.048242539,0.0021668479,0.0073318584,0.0047001662,0,0.001925846,0.0043840115,0.0037725009,0.0025473074,0.010611644,0.0026027099,0.011125809,0,0.0085461726,0.0068139494,0.0058449199,0,0.0082499608,0.034658633,0.11191455,0.025344962,0.021848721,0.054299898,0.088961266,0.050830495,0.034540184,0.018193718,0.032052968,0.030984059,0.03498539,0.0067500323,0.010206264,0.01559187,0.0023457143,0.0052452106,0.0014289382,0.0049183615,0.0086361561,0.0053004432,0.015634283,0,0.0032066903,0,0,0,0,0,0.0084256148,0.063459255,0.044059597,0.0043800692,0.0014352192,0.0064483904,0.0085319718,0.02800943,0.026742553,0.021717107,0.032181516,0,0.0029571645,0,0,0,0,0.0042407522,0.011259845,0.057050895,0,0.0041385451,0,0,0,0,0,0,0,0,0,0.0071596303,0,0.0083209751,0,0.016650725,0,0.0018279685,0.016550422,0.0078864954,0.0024557009,0.011880371,0.020593952,0.012485662,0.016039509,0.018391689,0.0077359369,0.015207984,0.015108926,0.011842749,0.025853613,0.012318925,0.01160454,0.014154742,0.051300973,0.00024675153,0.0009724698,0,0.0013424477,0,0,0,0,0.0058258902,0.0011936945,0,0,0.0037839119,0,0.0069536441,0.0002533636,0.0081328768,0,0,0.021726578,0.014847581,0.014015702,0.041011646,0.01634321,0.043486491,0.044126585,0.044611767,0.021719541,0.0097009195,0.022187227,0.023671651,0.01863437,0,0.00060120295,0.0050245724,0.013093924,0,0,0.0011253407,0,0,0.011643615,0,0,0,0,0,0,0,0.0034185504,0.015262133,0.039997287,0.0112411,0,0.0062588444,0.0067249634,0.015376322,0.02627283,0,0,0,0.016731963,0,0,0,0,0.021332668,0,0.0001546835,0,0,0,0,0,0,0,0,0,0,0,0.0068895421,0.0024708223,0.013807865,0,0.020716
0,0,0,0,0.0050051957,0,0,0,0,0,0,0,0,0.00082078791,0,0,0,0.00039020277,0,0,0.0082021439,0,0,0,0,0,0,0,0,0.0037283213,0,0,0.0052252081,0.0093928082,0.01622037,0.010562556,0,0,0,0.024373807,0,0,0.0023326166,0,0,0,0.0081045497,0.018031314,0.024470149,0.024655502,0.036699057,0.04174972,0.010180158,0.018842595,0.051706292,0.032752473,0.036361616,0.01098558,0.019465689,0.033545516,0.019115133,0.010931619,0.0115844,0.028491993,0.027571062,0.06748043,0.07832367,0.046814673,0.028848803,0.029161323,0.022659527,0.035681304,0.029363472,0.017368302,0.038453698,0.020261031,0.056115288,0.031803586,0.016130049,0.0071817143,0.028499654,0.020765724,0.011190516,0.021793878,0.01882505,0.01939909,0,0,0.0019346636,0,0,0.0056450032,0,0.0086363908,0.040212281,0.00058674265,0,0.0041504093,0,0.014877195,0.006122571,0.011979181,0.00084242399,0,0.0016112986,0,0,0.0027335726,0,0.012082189,0.011707827,0.0020789658,0,0,0.0017385839,0,0,0,0.0036957667,0,0,0.00032754842,0,0,0,0,0,0,0,0,0.0040083406,0.0072265319,0.0014042984,0,0,0,0.0062119784,0,0,0,0,0,0,0,0.0046787257,0.0015298032,0.011285743,0.0083267633,0.012746111,0.016169768,0.020783572,0.010246295,0.017871281,0.01730625,0,0.030364698,0.0086537609,0,0.016788524,0.03012925,0.0071068457,0.018043278,0.025874536,0.017922152,0.013639537,0.0088007804,0.019178618,0.016869698,0.047371365,0.028065542,0.047532924,0,0.030423129,0.024403514,0.020312821,0.028639521,0.026075363,0.01032429,0.024087351,0.00028231059,0.0045589851,0.028662402,0.015427371,0.0037234607,0.0099715553,0,0.014850614,0,0.016223235,0.0096170316,0,0,0,0,0,0,0,0,0.0020274511,0.0068110405,0,0,0,0.0027271437,0.00013471153,0.0022892917,0.00022073661,0,0,0,0,0,0,0,0,0,0,0,0.0055712764,0,0.00043381524,0,0,0,0,0,0,0,0,0,0,0
0,0,0,0,0.0083507355,0,0,0,0,0,0,0,0,0,0,0,0,0,0,0,0.0081543811,0,0,0,0,0,0,0,0,0.00075379608,0.0041104285,0,0,0.017220896,0.020659029,0,0,0,0,0.02304922,0,0.0083855446,0.0066429987,0,0,0.0012585775,0.010053557,0.013458584,0.021641951,0.017416544,0.032138992,0.024322141,0.0093336869,0.019626467,0.062409706,0.038391389,0.052703112,0.012885943,0.026171738,0.037483823,0.020022012,0.012621148,0.013174945,0.020628856,0.023192709,0.077467412,0.069649756,0.059820812,0.028601095,0.030868903,0.022971805,0.036617856,0.029519141,0.015220238,0.031007353,0.013897861,0.031314291,0.0087844571,0.010355379,0.00046974566,0.022827167,0.0078864116,0.0085650338,0.01728284,0.017705169,0.01411542,0,0,0,0,0,0.0057396954,0,0.0084903315,0.039838277,0.0067923563,0,0,0,0.0044304985,0.0017360753,0.013114812,0.0023481939,0,0.0029396047,0.00040688305,0,0.0012726507,0,0.0087502245,0.01023214,0.0041218684,0,0,0,0,0,0,0,0,0,0,0,0,0,0,0,0.0039132149,0,0,0.0079783034,0.00083058298,0,0,0,0,0.014856473,0,0,0,0,0,0,0,0,0,0.014161065,0.0046520196,0.0095030917,0.016492,0.018483715,0.0062807226,0,0.011628956,0,0.032737143,0.0081013599,0,0.020967165,0.036882721,0.0083162142,0.017739588,0,0.018879607,0.016585803,0.012534442,0.018865893,0.018361207,0.041566931,0.02440279,0.055216856,0,0.029496834,0.030026305,0.021975957,0.029494861,0.026334247,0.0087590916,0.017193599,0.0017606125,0.0042398004,0.020157875,0.012382049,0,0.0078543592,0,0.015968192,0,0.014447378,0.0077568516,0,0,0,0,0,0,0,0,0.003243594,0.0073124184,0,0,0,0,0,0,0,0,0,0,0,0,0,0,0,0,0,0,0,0,0,0,0,0,0,0,0,0,0,0,0,0
0,0,0,0,0.0076016686,0,0,0,0,0,0,0,0,0.00036759904,0,0,0,0,0,0,0.0084335627,0,0,0,0,0,0,0,0,0.0014089153,0,0,0.01052173,0.015605587,0.025897112,0,0.00068190729,0.0064247823,0,0.021074243,0.00076268724,0.0087704128,0.0094272941,0.0096843457,0,0.0079719536,0.0053052334,0.0080526425,0.0078826034,0.00087743474,0.010356501,0.010847056,0.0003315119,0.0060871593,0.017664855,0.013371238,0.033348426,0,0.012959029,0.018246841,0.0070715509,0.0038029817,0.016905755,0.044714093,0.054954499,0.045022663,0.059116066,0.075209945,0.050600689,0.050296325,0.036012214,0.025327224,0.041920345,0.033234067,0.045917504,0.011767412,0.026748264,0.028785214,0.0096246693,0.0094939079,0.014929898,0.012802614,0.013313922,0.01351424,0.019817404,0.0094318911,0,0,0.003740354,0,0,0,0.015504586,0.05365964,0.067563169,0.0058358135,0,0.0012085785,0,0.02372122,0.016737673,0.025960708,0.014539039,0,0.0022168709,0,0,0,0,0.0075857923,0.011111902,0.019367151,0,0,0,0,0,0,0,0,0,0,0,0,0,0,0,0,0,0,0.0072028846,0.007485576,0.0044825999,0.0055962456,0.014609383,0,0,0.0060057952,0,0,0,0,0,0,0,0,0.030836534,0.0023563858,0.0034558387,0.0035485555,0.0047778138,0,0,0,0,0,0.00075762131,0,0.005764137,0.020290382,0,0.0056013432,0.018553954,0.0082771229,0.0044225873,0.0016421645,0.024678234,0.015934771,0.027570367,0.048939832,0.034024559,0,0.051300425,0.039204486,0.027786642,0.018406898,0.030656308,0.027327966,0.031226838,0.0027669203,0.003938579,0.024137057,0.022416057,0,0.0091429064,0,0,0,0.01905949,0.0071513765,0,0,0,0,0,0.0061692651,0.011167647,0.012111718,0.024367364,0.016658312,0,0,0,0.012423158,0.016396914,0,0,0,0,0,0,0,0,0.0089945579,0,0,0,0,0.0032164075,0,0,0,0,0,0,0,0,0.00046059972,0,0,0,0.012888247
0,0,0,0,0.0070066713,0,0.0013827165,0.0022434432,0,0,0,0,0,0,0.0022564358,0,0,0,0,0,0.006906738,0,0.0013901157,0.0018458746,0,0,0,0,0,0,0.0032831565,0,0.022778112,0.020173032,0.028220881,0.023881152,0.0079247942,0.011151082,0.013293508,0.021414269,0.010946448,0.021719862,0.028480042,0.024308298,0.021000188,0.033343334,0.0039208829,0.010141526,0.0074113021,0.00039324132,0.0046155378,0.0074229464,0.0015759105,0.0085298233,0.0078381579,0.0094227297,0.026252851,0,0.0081827333,0.017315317,0.0080404868,0.0028055303,0.0077487146,0.034247879,0.087766841,0.025932649,0.026595328,0.048896898,0.095744677,0.052515574,0.065702483,0.044337925,0.03522858,0.032463074,0.026338279,0.011399106,0.013253227,0.018343063,0.0085989777,0.0047262791,0.0063300421,0.0019701051,0.014820112,0.013185193,0.029846141,0.0054570683,0,0,0,0,0,0.001285997,0.0019342089,0.02442186,0.02465721,0,0,0,0,0.010871672,0.004649288,0.010429772,0.034772463,0.0023089214,9.0099646e-05,0,0,0,0,0.0023240473,0.0054877466,0.034914039,0,0,0,0,0,0,0,0,0,0,0,0,0,0.0046856352,0,0.010291832,0,0,0.015929054,0.015022713,0.0024468261,0.017361809,0.024123466,0.022484871,0.020251013,0.017264016,0.013776546,0.010743331,0.019445797,0.021715758,0.029364925,0.0129769,0.021658797,0.027074073,0.046630301,0.0023619761,0.0050529656,0.0031551321,0.0041577476,0,0.0023169988,0,0,0,0.0052027879,0.0077784369,0,0.016308242,0,0.0082983337,0.016385663,0.011887267,0.0063994108,0.0042380001,0.020857604,0.016436268,0.018152986,0.029962471,0,0.060935758,0.039245404,0.054819345,0.042372622,0.023034044,0.035209883,0,0,0.0021346782,0.0046912446,0.018131444,0,0.0021181295,0.0041899988,0.0014478614,0.0035195635,0,0.027638128,0.0060140705,0,0,0,0,0,0,0.0079847639,0.0038940981,0.015265654,0.0053519648,0,0,0.0024927338,0.0054961029,0,0.0093478644,0.00909652,0,0.01393619,2.1409867e-05,0,0,0,0.018971324,0,0,0,0,0,0,0,0,0,0,0,0,0,0.0057731206,0,0.011940016,0,0.023391251
0,0,0,0.00172029,0.010194624,0,0,0,0,0,0,0,0,0,0.0038494202,0,0,0,0,0.00047800838,0.010933841,0,0,0,0,0.0024814182,0,0,0,0,0.0062373085,0,0.030959899,0.035656732,0.038854986,0,0,0,0.023048276,0.033687539,0.016375117,0.028793607,0.037666522,0.027674008,0.023099249,0.039333485,0.0086180344,0.012808183,0.013030216,0.0012275043,0,0.017944293,0.003028695,0.011308195,0.020315362,0.015117523,0.028609985,0,0.016403956,0.016853984,0.015834665,0.0094548818,0.015644142,0.022334354,0.051117498,0.026999723,0.02939928,0.049603246,0.053607225,0.050898492,0.022849347,0.036658712,0.029177288,0.0093148081,0.018271532,0.012339648,0.0029666054,0.0053972448,0.0076452554,0,0,0,0.0086588012,0.01041172,0.01747139,0.0043257372,0,0,0,0,0,0.0060296725,0,0.017164698,0.010010191,0,0,0,0,0,0.0032839116,0.010406993,0.010627227,0,0,0.0062941154,0,0,0,0.012005164,0.0066606812,0.0057011861,0,0,0,0,0,0.00015984099,0.0027706618,0,0,0,0,0,0,0,0,0.0055405139,0,0,0.011279136,0.0070017492,0.0044777421,0.012511578,0.040133767,0.031272043,0.030568412,0,0.020180803,0,0.023724329,0.027912881,0.03877734,0,0,0,0.048264347,0.0051628472,0.0073717409,0,0.0097235907,0,0,0,0,0.011427829,0.0088527752,0,0,0.019445209,0,0.013707699,0.013112058,0.014334192,0.010747848,0.0086077172,0.029471386,0.02211149,0.017240264,0.017729212,0.021648912,0.030226279,0.038613077,0.0560809,0.023454774,0.020666488,0.029483357,0.0065862401,0.011616213,0.0045339521,0.0071309903,0.010792859,0,0.0049176351,0,0,0.004693646,0,0.015005292,0.0047823479,0,0,0,0,0,0,0,0,0.0066614137,0,0,0,0.0028435555,0,0.002765411,0.0061954092,0,0,0.0087145418,0,0,0,0,0.0011796637,0,0,0.0077325692,0,0.010387788,0,0,0,0,0,0,0,0,0,0,0.0083307456,0,0.011028493
0,0,0,0,0.0065978616,0,0.0080820573,0.0074295877,0,0,0.00053780706,0,0,0,0.0038635053,0,0,0,0,0,0.0054610767,0,0.0076732808,0.0066157156,0,0.0034907658,0.0011692831,0,0,0,0.0056286175,0.00053508661,0.014005999,0.01401107,0.007831892,0.019107761,0,0.01201641,0.010996033,0.016626852,0,0.021372987,0.0073392494,0.02319763,0.012859096,0.0091209486,0.0057002855,0.011022312,0.010254493,0.0070203943,0.010355287,0.0076821768,0,0.011410689,0.0083667431,0.01147644,0.024479816,0,0.0097941346,0.016310163,0.012900675,0.0054359641,0.00446516,0.030757099,0.033321608,0.019072192,0.020334125,0.034133293,0.064893179,0.021369042,0.08840137,0.057938077,0.0318233,0.040110596,0,0.010220155,0.02047557,0.032773744,0.015502918,0.010506111,0,0.0042650178,0.027234498,0.024275452,0.063352369,0.0099739889,0,0,0,0,0,0,0.0091483276,0.014978452,0.02280592,0,0.0023825751,0,0.0052307746,0.017801268,0,0.0041111689,0.034046512,0.02935021,0.0025612668,0,0,0,0,0,0.015864959,0.038395874,0.0062649138,0,0,0,0,0,0,0.0011731313,0,0.012974987,0,0,0,0,0,0.01863404,0,0,0.04604917,0.0096341046,0.0013357211,0.010002444,0.012801966,0,0,0.0080634225,0.012615534,0,0.017817453,0.020001549,0,0.0024710291,0.019150389,0.014229457,0.018766005,0.0029015546,0.0066142334,0.0056646145,0.0075647095,0,0.0057297582,0,0.014606689,0.0010128572,0.0039773704,0.0071668499,0,0.017212054,0,0.005281792,0.017423499,0.016056657,0.002478976,0.0070073144,0.012040886,0.022589222,0,0.021848027,0.016496833,0.049903326,0.026770983,0.03053515,0.068719953,0.03455827,0.025366228,0.029195046,0.012125684,0.010035947,0.015457554,0.028435573,0,0,0.008574822,0.0065374374,0.010294863,0.019806558,0.043599971,0.010557813,0,0,0,0,0,0,0.019411078,0.0078065908,0.011022151,0.0054979464,0,0,0.005140292,0.0068500265,0.00083852757,0.025542656,0.014414373,0,0.022996027,0.02326427,0,0.01385691,0,0.030028228,0,0,0,0,0.0032284432,0,0,0,0,0.00063608296,0.0026350883,0,0,0.014867721,0.0024285784,0.02156819,0.0025092934,0.042686529
0,0,0.00064511481,0,0.0062635876,0.00085006526,0,0.0046545034,0,0,0,0,0,0.00020947999,0.001565869,0,0.00051104859,0,0,0.00082980731,0.0075814351,0.0025001667,0,0.0028351774,0.00065704633,0.0010160602,0,0,0,0.0051679173,0.0022355814,0,0.0052877241,0.010638924,0.013526077,0,0,0.0092002023,0.003015358,0.02160437,0.00015038032,0.015559388,0.0058357064,0,0.00720743,0.0062354724,0.011524701,0.019596133,0.031849854,0.020529862,0.031407256,0.023183994,0.0080715669,0.026564753,0.027831847,0.03205809,0.072008744,0.0074399421,0.047741357,0.033931192,0.054424979,0.025849406,0.0045301556,0.01798154,0.018054377,0.032971796,0.034716953,0.02458385,0.044438291,0.036025073,0.059531987,0.11385988,0.025614956,0.014572337,0.0093862414,0.021627951,0.029328233,0.018757602,0.016083272,0.0030515562,0.022904512,0.0056351875,0.013678451,0.030209377,0.053696174,0.024035323,0,0,0,0,0,0.00012665868,0,0.0014603648,0.0087366011,0,0,0,0,0.0022668266,0,0,0.0079452451,0.015082774,3.6960344e-05,0,0,0.0017965774,0,0.0084273769,0.011002304,0.0041328827,0,0,0,0,0,0,0,0,0,0.0031158472,0,0,0,0,0,0.0034259211,0,0,0.010044973,0.0052632531,0.0021874006,0.0034937002,0,0.01457562,0.013792522,0.0044252444,0.011447286,0.0019825904,0.0095839072,0.016084565,0.0033458886,0,0.018830802,0.013471024,0.01073661,0.011117372,0.0092984866,0.020961223,0.026303913,0.017148767,0.017212935,0.018265003,0.021160975,0.01966106,0.015981281,0.025191939,0.024784833,0.043180235,0.0052392571,0.02502965,0.033539522,0.041332547,0.024096137,0.024934094,0.010527568,0.022786569,0.024460977,0.012063181,0.031630822,0.023281706,0.021776188,0.030699704,0.050976694,0.066018023,0.023622615,0.007832231,0.0068755844,0.0052905483,0.011323849,0.033910427,0,0.0031396572,0.011643588,0.00057799049,0.019933218,0.028207526,0.038416352,0.018179839,0,0,0,0,0,0,0,0,0,0,0,0,0,0,0,0.010055264,0,0,0.0045018513,0.012858937,0,0.0026798318,0,0.0018389489,0,0,0.00089439889,0,0.0066964934,0,0,0,0,0,0,0,0,0,0,0.0064997943,0,0.013054994
0,0,0,0,0,0.0016922593,0.0031137441,0.0054332092,0,0,0,0,0.004416849,0.0031112898,0,0.0055688163,0,0,0,0,0.0030247732,0.0024363468,0.0047813961,0.0053539937,0,0,0,0,0.0029933196,0.0079726642,0.0028632064,0.004904211,0.01362825,0.011655422,0.016572718,0,0.002281398,0.0057728072,0.010479565,0.019774832,0.003898649,0.018556833,0.013877775,0.017900355,0.011052791,0.012858371,0.01011034,0.013947289,0.016080962,0.015443152,0.018208336,0.014319547,0.034750432,0.020314697,0.013799854,0.014226426,0.024723586,0.018949101,0.017669052,0.055821866,0.013878954,0.0021301382,0,0.032288194,0.034200802,0.028678183,0.02974304,0.043598853,0.038291547,0.03093202,0.035275407,0.027424321,0.12327664,0.067453533,0.037866827,0.018758604,0.023221146,0.02749316,0.014065887,0.01940782,0.020220093,0.024786215,0.026000887,0.031520795,0.031621907,0.026980832,0,0,0,0,0,0,0.0041236947,0.017024616,0.027601063,0,0,0.00062525191,0.0033068496,0.020712759,0.016658757,0.044542201,0.010231628,0,0.0035677701,0,0,0,0,0.010971962,0.019164298,0.018712765,0,0,0,0,0,0,0.00066151505,0,0,0.014067158,0,0.0087041687,0.0022185734,0.012423936,0,0.0021072659,0,0,0.0080835456,0.0033926927,0,0,0,0,0.015390973,0,0,0,0,0,0,0,0,0,0.023901757,0,0,0.0098750321,0.011802719,0.0059170602,0,0.010668451,0,0.010367233,0.015515899,0.015184241,0.0062614577,0.015143332,0.0062188283,0.011120203,0.023981642,0.010725359,0.010687502,0,0.009507372,0.019888066,0.019709278,0.028143352,0.02086236,0.031883962,0.027092505,0.029535711,0.03184136,0.018506851,0.049590409,0.028620819,0.030704284,0.010137418,0.014205402,0.023935298,0.024113599,0,0,0.012341241,0.0147778,0.025550758,0.027250042,0.030790249,0,0,0,0,0,0,0.0099507738,0.0053804377,0.0083679464,0.0011140292,0.0039877342,0,5.7516543e-05,0.010812085,0.014357929,0.019800942,0.010580163,0,0.0050407583,0,0,0,0.00075282546,0.01059631,0,0,0,0,0,0,0,0.0013587123,0,0,0,0,0,0.0075078038,0,0,0,0.016576579
0,0,0,0,0,0.0033768746,0.0035112258,0.0049786223,0,0,0,0,0.0019462446,0,0,0.00040687775,0,0,0,0,0,0.0016254166,0.0027990169,0.0076988963,0,0,0,0,0.0046806466,0.0017829962,0,0.0046022795,0,0,0,0,0.0049444572,0,0,0.0033478891,0,0.004694778,0.0035125851,0.004568289,0.0024243118,0.00049405976,0.0020054972,0.0022507752,0.004305427,0.0048820348,0.0065238909,0.0022915243,0.012127754,0.0070869201,0.0072689168,0,0.004308451,0.0073669888,0.01000571,0.020361181,0.0010662022,0,0,0.034492698,0.032619305,0.016827019,0.015229074,0.034609605,0.035133205,0.01040058,0.043514911,0.01573568,0.067373045,0.086197607,0.033569925,0.00068523583,0.020972308,0.029237073,0.0039187772,0.017756673,0.010911387,0.019905213,0.026552942,0.018935781,0.023269018,0.018604714,0,0,0,0,0,0,0.013993214,0.022023275,0.034189276,0,0,0.0021283147,0.011861764,0.036283597,0.022235427,0.018968491,0.012774025,0,0.0058071921,0,0,0,0,0.00088525628,0.010198982,0.03579694,0,0,0,0,0,0,0,0,0,0.012734031,0,0.011014476,0.016723853,0.042374756,0.010564611,0.007839676,0,0,0.0089879502,0.0038444544,0,0,0,0,0,0.0017931834,0,0,0,0,0,0,0,0,0.01521147,0,0,0,0.0012598186,0.00078850827,0,0.003830682,0,0.0035533346,0.0074243755,0.0072251013,0,0,0.006598535,0.0064062998,0.0089567024,0.0020279598,0,0,0,0.011926214,0,0.024834272,0.01200684,0,0.015175974,0.01456995,0.027899086,0.012195546,0.021581793,0.047627196,0.018376691,0.0065227053,0.0053559961,0.016987331,0.0099758729,0,0,0.011187477,0,0.015401338,0.024739098,0.015090713,0,0,0,0,0,0,0.017240779,0.011274644,0.015278855,0,0.00054753182,0,0,0.018290963,0.01545947,0.018106049,0.016853672,0.005827032,0,0,0.0017700102,0,0.011735728,0.021724159,0,0,0,0,0,0,0,0,0,0,0,0,0,0.019363053,0.011675173,0,0,0
0,0,0,0,0,0,0,0,0,0,0,0.0025787042,0,0,0,0.0042465725,0,0,0,0,0,0,0,0,0,0,0,0,0,0.0039444705,0.015292439,0.0075363079,0.004280488,0.012482511,0.016895387,0,0,0,0,0.0080789691,0,0.0051084179,0,0,0,0,0.0087306779,0.015925225,0.0090427138,0.012294593,0.012937002,0.023695353,0.0041621071,0.0069436012,0.010095215,0.020239497,0.018130694,0,0.0020012956,0.028249884,0.011377441,0.015165962,0.029152583,0.037319578,0.037935369,0.039918616,0.033007205,0.048733149,0.029763941,0.020815913,0,0.011843475,0.039255068,0.034620948,0.076377667,0.019206878,0.025356844,0.025196064,0.016478669,0.012045255,0.019941984,0.050385397,0.0082710814,0.013795192,0.013266074,0.012486541,0,0,0.0075072283,0,0,0.0051524313,0.010958677,0.029207949,0.048260387,0.019341178,0,0.018331882,0.0019089853,0.032219436,0.041234422,0.05098471,0.0043846634,0,0.0053582266,0,0,0,0,0.013287785,0.0062849605,0.01247404,0,0,0,0,0,0,0.019020876,0,0,0,0,0.0089406651,0,0.0054867878,0,0,0,0,0,0.0098026134,0,0,0,0,0,0,0,0,0,0,0,0,0,0,0,0,0,0.0054621813,0,0,0,0.0069059818,0,0.0065987767,0,0.010387869,0.014452179,0.017081842,0,0,0.023273129,0.0094846543,0.010421662,0.014732507,0.029057939,0.0093160532,0,0.039473146,0.025193442,0,0.033066966,0.019391738,0.01219525,0.010610928,0.026346168,0.022583729,0.037735794,0,0,0.021859132,0.027471844,0,0,0,0.01560573,0.015546787,0.0086563015,0.0046123434,0,0,0,0,0,0,0,0.012688029,0.022692451,0.02199794,0,0,0,0.011773375,0.021219471,0,0,0,0,0,0.0011886291,0,0,0.0055674682,0,0,0,0,0,0,0,0,0,0,0,0,0,0.0021675343,0,0,0,0
0,0,0,0,0.0072433203,0.0032918849,0.0015576369,0,0,0,0.0010628651,0,0.00027840759,0.0060285265,0,0.0020991215,0.0026150893,0.0023550626,0,0,0.0077104517,0.001562432,0.00037223601,6.2259096e-05,0,0.0012934388,0,0,0,0.0098353047,0.0058920174,0.00043088757,0.010018048,0.010958295,0.011688565,0,0,0.01032107,0.0037409808,0.024119055,0,0.017164264,0.0043023494,0.020527551,0.0083088456,0.0045130411,0.029828032,0.064465865,0.035211466,0.029312741,0.031756554,0.027669961,0.021580921,0.025657717,0.015981119,0.024876002,0.025533983,0.0060736518,0.015249645,0.018295763,0.023957666,0.021643866,0.0066371886,0.011606717,0.0086982865,0.019871535,0.01425568,0.013044054,0.013603119,0.013797225,0.013149733,0.023917934,0.019716021,0.0015116495,0.018543305,0.06169337,0.032986354,0.036559753,0.029307023,0.016890028,0.024684457,0.025689777,0.015993614,0,0.027363727,0.025147622,0,0,0,0,0,0.014962387,0.0027718293,0.0045753499,0.010522236,0,0,0,0,0.0075387061,0.01200371,0.013405031,0.0035893228,0,0,0,0,0.013266983,0.0087053217,0.053371735,0.025885776,0.00037653299,0.020720173,0,0.0041159564,0,0.009024376,0,0.017648388,0,0,0,0,0,0,0,0,0.0017758098,0,0,0.0087857116,0.0038979421,0,0,0,0,0,0,0,0,0,0,0,0,0.017992368,0.012766863,0,0.03132084,0,0.025283804,0,0,0,0.022449363,0,0.0084172972,0.021312468,0,0.01890274,0.019987153,0,0.012409044,0,0.024398362,0.015621409,0.019172914,0,0,0.01626515,0.0087224431,0.011911003,0.0069974884,0,0.008853904,0.017463094,0.020705288,0.016517522,0,0.014032887,0.020570979,0,0.031198572,0,0,0.022108553,0,0.024349485,0,0.024903581,0.020402873,0,0,0,0,0,0,0.0047244197,0,0,0,0.001998354,0,0,0.0015953591,0.0029062086,0.0093315458,0.0034008049,0,0.0026967551,0,0,0,0,0,0,0,0,0,0.02063424,0,0.024880312,0.0066962643,0,0,0,0,0,0,0,0.001987471,0,0.008107462
0,0,0,0,0,0.0028713869,0.0036395458,0.00068106822,0,0,0.0009207254,0,0,0.00012931424,0,0,0,0,0,0,0,0.0044202446,0.0016180094,0.0029664964,0,0,0,0,0.0021210692,0.0062783286,0,0,0.001151145,0,0,0.002484411,0,0,0,0.019317936,0,0.0058643627,0.004664843,0.0040253871,0,0.00089187594,0.010564907,0.017318279,0.024437137,0.046068128,0.050949536,0.017204601,0.021177957,0.019052558,0.014937321,0.0080107134,0.020673415,0.014311681,0.01854695,0.016632158,0.0046659685,0,0,0.034691989,0.011613423,0.05522307,0.031319473,0.027726045,0.014956352,0.0039633042,0.023269732,0.030683521,0.022998642,0.02098331,0.023632403,0.032179024,0.064535566,0.057609618,0.025273627,0.027744025,0.03318223,0.033068165,0.02669912,0.030423846,0.02958506,0.026545022,0,0,0,0.00076047372,0,0,0,0,0.01690384,0,0.012232108,0,0,0.027519431,0,0,0.0033326794,0,0.0036516991,0,0,0,0,0.009102311,0.010360532,0.002214354,0,0,0.00065539626,0,0,0,0,0,0,0,0,0,0,0,0,0,0,0,0,0,0,0,0,0,0,0,0,0,0.0035272732,0,0,0.00089887285,0,0,0,0.0098201353,0.0032228935,0.015939701,0.01822949,0.025698986,0.027017485,0.010594316,0,0.014348701,0.016026195,0,0,0.016452124,0.010276878,0.016566809,0.012500912,0.0085256258,0,0,0,0.020557139,0.031205688,0.016282886,0.024634091,0,0.013598044,0.0099472273,0.022967409,0.023237092,0.02047964,0.014692595,0.019843508,0.008625837,0.017810056,0.053333648,0.011857144,0,0.010690433,0,0.026253164,0.031765182,0,0.026272055,0,0,0,0,0,0,0.01229379,0,0,0,0,0,0,0.020736462,0.00024146948,0.016719252,0.0042969789,0,0,0,0.00032620659,0,7.1770177e-05,0,0,0,0,0,0,0,4.8834801e-05,0,0,0,0,0,0,0,0,0,0,0
0,0,0,0,0,0.0024268157,0.008306752,0.0062990831,0,0,0,0,0.005777969,0.0057642264,0,0.0062574423,0,0,0,0,0,0.0025645797,0.0069467439,0.007276976,0,0.0023619751,0,0,0.0069149747,0.0071081319,0,0.0059681721,0,0,0,0,0,0,0,0.0054906984,0,0.0063688406,0,0.0033299313,0.0015643925,0,0.0058905883,0.009754248,0.0061280555,0.013411775,0.007892278,0,0.010001535,0.0064643486,0,0,0.0055822697,0,0.0022374417,0.0016757369,0,0,0,0.0429295,0.015345134,0.02936114,0.0073586493,0.028004196,0.018494207,0.0050974851,0.033271562,0.017754145,0.025563503,0.027652865,0.022821559,0.034242947,0.055365838,0.057666641,0.02280364,0.03022497,0.020688737,0.037043132,0.036315888,0.023198579,0.03423601,0.017385188,0,0,0,0,0,0,0.032433789,0.012057723,0.042000614,0,0.0091668675,0,0.0015262172,0.045087401,0.0078629563,0.0075295554,0.013036145,0.0066415938,0,0,0,0,0,0.007966931,0.018201951,0.011156403,0.014147344,0,0.0054215007,0,0,0,0.0036937702,0,0,0,0,0.004618763,0,0,0,0,0,0,0,0,0,0,0,0,0,0.00045634649,0,0,0.0076223374,0,0,0,0.0057576979,0.002595572,0.0024071063,0.0042965766,0,0,0.0037509955,0,0,0,0,0,0.0027954902,0,0,0.0023281029,0,0,0.0015311301,0,0,0,0,0.01604837,0.0077355443,0.020991288,0.0014127042,0,0.012801962,0.0023886482,0.028871197,0.013175569,0.014905098,0.018983949,0.024121147,0.019677075,0.02024046,0.045996908,0.017864916,0.0012580636,0.0099162301,0.024765026,0.020449361,0,0.03457341,0.021390734,0,0,0,0,0,0,0.043007139,0.011596851,0,0,0.0019914869,0,0,0.033906586,0.0022025111,0.03104724,0.021728594,0.00024399362,0,0.003205609,0,0,0,0.00022094185,0,0,0,0,0,0,0,0.00497828,0,0,0,0,0,0,0,0,0,0.0062683485
0,0.00076323887,0,0,0.0078169573,0,0.0077410252,0,0,0,0.0083623622,0,0,0.0030069049,0,0,0,0,0.0035107303,0.014130647,0.003455213,0,0.0095789311,0,0.00081030081,0.0061235437,0.01204168,0.0035108228,0,0.011764528,0.014456379,0,0.010059563,0.014498988,0.0088185798,0.014706163,0.0030868961,0.012137948,0.0084391208,0.011942165,0,0.015538534,0,0.015497157,0.00072156894,0.0003433956,0.048467018,0.036356214,0.024813149,0.018538265,0.017351162,0.017336141,0.0020455739,0.013973634,0.0033768578,0.016669746,0.021685746,0,0,0.017369119,0.0066467822,0.020748569,0.016119312,0.013253657,0.0030953276,0.014444044,0.0094303098,0.0098320488,0.0093118148,0.0077099702,0.016857669,0.015935417,0.013448809,0.0036952395,0.014976677,0.027617943,0.0242997,0.02405674,0.063792974,0.016756739,0.027148867,0.014530562,0.013272235,0.025068453,0.023603249,0.011900616,0.019158667,0,0,0,0.011529945,0.052863598,0,0.002295356,0.010076029,0.0027795795,0.0011618023,0,0,0.0069140755,0,0.0047246339,0.0071281129,0.0037707421,0.00071223918,0.011101818,0,0.0068736882,0,0.0095282095,0.0057753809,0.00099253363,0,0,0.0018831708,0,6.8040594e-05,0,0.0063283481,0,0,0.0081902873,0,0,0,0,0,0,0,0,0.0029342573,0.011682965,0.0061285226,0,0.012986824,0,0.0072093816,0.0085616764,0.012674694,0,0.008026964,0.013575947,0,0,0.0098348577,0,0,0.019463453,0.017667718,0.018686894,0.020533711,0,0,0,0,0,0.0058518308,0.011068475,0.013499385,0.013395242,0,0,0.016667882,0.0089742895,0.0048744273,0.018101573,0.016097946,0.0098234471,0,0,0,0.0098728491,0.0085569955,0.0034449541,0.016130427,0.0097232377,0.013449977,0.00041582383,0.013209725,0,0.013865618,0.030381396,0.01679167,0.026838932,0.033402801,0.010441824,0.030983541,0.025215883,0.023868183,0.0098282369,0,0,0.0043590637,0.0031243777,0,0,0.0095607154,0.0020300641,0,0.0067882002,0,0,0,0.0052615465,0,0.015103139,0.00056533038,0,0.010544665,0.00055775262,0.00050888926,0.012028708,0,0,0,0,0.0084804371,0,0.012685043,0,0,0.0033649872,0,0,0.0017830729,0,0,0,0,0.0021459819,0,0.0069015706
0,0,0,0,0,0,0.0086026462,0.008245769,0,0,0,0,0.014501305,0.0032816608,0,0.0010525051,0,0.0069147372,0,0,0,0.0083918832,0.0075015887,0.010213894,0,0,0,0,0.019297747,0.0075674625,0,0.0016629044,0,0,0,0.0047180816,0,0,0.0022423179,0.0077249305,0,0.0086666103,0.0040400196,0.0029983639,0.012230275,0.0054746373,0.0053139422,0.011612005,0.016966304,0.02553012,0.018408919,0,0.025318975,0.014688268,0.0024454913,0,0,0.015037581,0.010617608,0,0,0,0,0.010780299,0.0066169864,0.0065812841,0.00047958564,0.010772863,0.0065183975,0,0.012984522,0.0039971457,0.019972671,0.018508131,0.011678472,0.016693715,0.028401811,0.03287911,0.018103842,0.033507101,0.032263022,0.039770044,0.033380974,0.028242564,0.019091241,0.019885786,0,0.0066154092,0,0.0036741421,0,0,0.0085673705,0.0096398909,0.014456171,0,0.019046133,0,0.009931392,0.036321517,0.022042394,0.010277444,0.0083812429,0.0056616683,0.0012411786,0,0.013857814,0,0,0.0077088946,0.0068422905,0,0.0012226652,0,0.015400087,0.0067372075,0.0076189721,0,0.017340858,0.0010126045,0,0.034582455,0,0.021536222,0.0011905404,0.0011177971,0.012460107,0,0,0,0,0,0,0,0,0,0,0,0,0,0,0,0,0,0,0.0086485874,0,0.0086396886,0,0,0,0,0,0,0,0,0,0.0077160657,0,0,0.011324952,0,0,0,0,0,0,0,0.002432798,0.0078018988,0,0,0,0,0.011483253,0,0.010689819,0.016783806,0.019713581,0.013301897,0,0.02336159,0.0073049376,0,0,0,0.019018982,0,0,0.028926369,0,0,0,0,0,0,0,0,0,0,0,0,0,0.02646043,0.01511126,0.025311401,0.015712131,0.0031641826,0.0040285327,0.005532545,0.0025537466,0,0.017123746,0,0,0,0,0,0,0,0.0054644425,0.0028049685,0,0,0,0,0,0,0,0,0,0
0,0,0,0,0,0,0,0.0049877237,0,0,0,0,0,0.008871058,0,0,0,0.0025262977,0,0,0.002372623,0,0,0.0051118596,0,0,0,0,0.0098019289,0.010160457,0,0.00082959252,0,0.0055957423,0.0045314105,0,0,0,0,0.014802473,0,0,0,0,0.0017431781,0.0012875386,0.0190221,0.024510592,0.03791225,0.043402974,0.03359076,0.024078421,0.02214697,0.026430434,0.019580908,0.014614659,0.018583616,0.012546457,0.017328126,0.018211599,0.013305379,0.008195227,0,0.014330436,0.003102266,0.028579807,0.023462905,0.016428588,0.008166736,0,0,0.024733523,0.02114569,0.011741256,0.019479949,0.024846282,0.034480676,0.023331342,0.02903096,0.032707155,0.023212902,0.032097306,0.017184829,0.035286814,0.024448432,0.02717739,0,0,0,0,0,0.0042737992,0,0,0.0087851416,0,0.0032541421,0,0,0.014563598,0.0028431355,0.0024513942,0,0,0.00083480414,0,0,0,0,0.01283589,0.01046981,0,0,0,0.0045365104,0,0,0,0,0,0,0.016048353,0,0,0,0,0,0,0,0,0,0,0,0,0,0,0,0,0,0,0,0,0,0,0,0,0,0,0,0,0,0,0,0,0,0,0,0,0,0,0,0,0.018383363,0,0,0,0,0,0,0,0,0,0,0,0.016552728,0.02111306,0.01712192,0.0074287257,0.020086892,0,0.013078643,0,0.015131186,0,0,0,0,0.032300632,0,0.029753003,0,0,0,0,0,0,0,0,0,0,0,0,0,0,0,0,0.00022535026,0,0,0,0.0028532851,0,0,0,0,0,0,0,0,0,0,0,0,0,0,0,0,0,0,0,0,0
0,0,0,0,0,0,0.00078428612,0,0,0,0,0,0,0.0034495157,0,0,0,0,0,0,0,0,0.0021767211,0.0034535732,0,0,0,0,0.014249474,0.0084489873,0,0.0056974627,0,0,0,0,0,0,0,0.0069336332,0,0,0.0021503437,0,0.006903158,0,0.0021958749,0.01101434,0.01435443,0.041307021,0.023860412,0.01199916,0.025934065,0.017479258,0.0032807724,0.0011489997,0.0021447658,0.010513099,0.0021314018,0.0056304168,0,0,0,0.021280425,0.0067128511,0.021514859,0.0090823909,0.014518159,0.0042285039,4.2578431e-05,0.0069329627,0.0077004754,0.026156297,0.021090817,0.050379008,0.026479775,0.034598894,0.039701864,0.01622501,0.04009176,0.032557808,0.071940765,0.030880606,0.024923805,0.013701381,0.027750561,0,0,0,0.006435073,0,0,0.015514518,0.0067180037,0.018740736,0,0.013202496,0.0018759929,0.0092992997,0.031931419,0.027448574,0.019754963,0,0,0.0012378966,0,0.0043542162,0,0.0081004575,0.024222443,0.014872925,0,0.013365214,0,0.013482491,0.0018142328,0.012747189,0,0.045828868,0,0.0023452942,0,0,0.016980579,0.0046057347,0,0.031386513,0,0,0,0,0,0,0,0,0,0,0,0,0,0,0,0,0,0,0,0,0,0,0,0,0.0184472,0,0.0096545918,0.014134586,0.0059383539,0.014787806,0.0091121998,0,0,0.0094040409,0.010117337,0.00078011787,0.0023076406,0,0,0,0.0091247447,0.0091912597,0,0.0026555399,0,9.4972871e-05,0.0014782847,0.0046241065,0.0025751886,0.010231051,0.01361772,0.02444485,0,0,0.022842873,0.013069418,0.0019454304,0,0,0.015110232,0.018418279,0.01241185,0.02437475,0,0,0,0,0,0,0,0,0,0,0,0,0,0.019042274,0.011494935,0.016032469,0.0063714758,0,0,0,0,0,0.013028702,0,0,0,0,0,0,0,0,0.011534442,0,0,0,0,0,0,0,0,0,0
0,0,0,0,0,0,0.015279382,0.010486323,0.00051178638,0.0069618463,0,0,0.012565361,0.008488874,0.0035822336,0.0083335619,0,0.00058354379,0,0,0,0,0.013081374,0.014551836,0,0.0028028921,0,0,0.015438041,0.010346667,0.00066653022,0.012389639,0.003759,0,0,0.01071062,0,0,0.011053463,0.0082952613,0.0030295637,0.01449067,0.0074288747,0.008967014,0.015602546,0.0066030836,0.003667844,0.0063777985,0.0096840207,0.012909281,0.0098710433,0.0015997706,0.016498778,0.014889305,0.0030361926,0,0.0060707661,0.0051831761,0.009330905,0.0035575517,0.00089322001,0,0,0.013945201,0.008441723,0.0086788749,0.006910977,0.01246513,0.014971375,0.0081607644,0.027325694,0.012821558,0.023935862,0.024739817,0.0060594892,0.012754242,0.024011282,0.035020702,0.011534552,0.029831698,0.014215639,0.027302722,0.11339162,0.030187603,0.030948352,0.019881664,0,0,0,0,0,0,0.016177034,0.00162859,0.0056409733,0,0.010298202,0,0.039823685,0.059079915,0.0092088869,0.0044765566,0.022799339,0.012623921,0.0034906329,0,0,0,0.00086588087,0.0072810785,0.0096778367,0.0043743141,0.014936638,0,0.0060452204,0,0.0011289744,0,0.0076255635,0.015793893,0.016684696,0.042453822,0.017013382,0.012790415,0.02421983,0.034554992,0.020562978,0,0,0.0049082083,0.0097885141,0,0,0,0.0017480334,0,0,0.0056834696,0,0,0,0,0,0.0091099953,0.0086434875,0.012283058,0.0046498999,0.005817703,0,0.0039197011,0.0065775947,0.010501173,0,0.0016781536,0.018925669,0.0030856056,0.010315655,0.0076269419,0,0.0013121465,0.0048407461,0.0090046907,0,0.0037357933,0,0,0,0,0.0052798069,0,0,0.016200079,0.0030009889,0.0047336118,0.023932246,0.012625937,0.010180022,0.01771543,0.010496216,0,0.017124627,0.025063941,0.0090623014,0.0022989323,0.0029472827,0,0.013393885,0.026717577,0.032860629,0.025367897,0,0,0,0,0,0,0.027829593,0.0039873896,0,0,0.011671053,0,0.00085069833,0.029718673,0.0011233212,0.061350524,0.038823701,0.0043275394,0,0.011467503,0.001357072,0.036223087,0.022028277,0,0.0026746057,0,0,0,0,0.0014829205,0.0012776686,0.0046348227,0,0.010861748,0.010546533,0.0034491871,0.0070940582,0.0089191599,0.0019800246,0,0,0.01406769
0,0,0,0,0,0,0.011228956,0.0099752005,0,0.0015640694,0,0,0.010797332,0.01041346,0.0016548516,0.0028917487,0,0,0,0,0.0020701529,0.0072727138,0.01090727,0.009711979,0.0029874733,0.0030403621,0,0,0.0098051447,0.010892464,0.0026438888,0.0041626273,0.0059525697,0.0052833739,0.0035952721,0.017452553,0,0.005778308,0.0087448675,0.012435536,0,0.019222196,0.0010996799,0.01818767,0.010197043,0.0027618692,0.020014694,0.023552293,0.03289295,0.030617977,0.031383771,0.019391082,0.024951946,0.065901473,0.018283233,0.017230559,0.023233384,0.012788077,0.020654444,0.022013655,0.019883115,0.010236511,0,0.013052769,0.0067623234,0.0207143,0.016888753,0.01469917,0.014853003,0.010855109,0.027215373,0.031381086,0.031810582,0.019407474,0.012865752,0,0.030779937,0.025845509,0.025935989,0.027742054,0.034179211,0.023669587,0.033193711,0.11304677,0.06537021,0.052786194,0,0,0,0,0,0.0027211944,0,0,0.0070986077,0,0,0,0.00070574967,0.014788878,0.0034982786,0.0083360188,0.011586521,0.0081823524,0.043339413,0,0,0,0,0.0079914434,0.0099405916,0,0,0,0.0050040013,0,0,0,0,0.015628051,0.00067795918,0.063632697,0,0.027626205,0,0,0.017582877,0.0019026615,0.0079038423,0.016958337,0.013600324,1.8776911e-05,0,0,0.010143051,0,0,0.005692347,0.0099129053,0,0,0,0,0.0031333696,0.017038617,0.01276131,0.0037375842,0,0,0.02747928,0,0,0,0.018955778,0.030532032,0.014644986,0,0.031396173,0,0.018336084,0.011618065,0,0.024529748,0.02195891,0.013302669,0.0087225558,0,0.016102877,0.019149441,0.0084765805,0.014262222,0.012355478,0.011661938,0.0091960644,0.027693352,0.029443184,0.024328198,0.015882213,0.01817398,0,0,0.039032117,0.020305296,0.010287737,0.023296906,0.021959282,0.033593897,0.054033607,0.038432423,0.049061827,0,0,0,0,0,0,0.0099008121,0,0,0,0,0,0,0.0099768853,0.00087601505,0.026440587,0.0090053584,0,0.009213252,0.0027507085,0.020117039,0.029949745,0.013113101,0,0,0,0,0,0,0,0.0045914212,0.00043434379,0,0.00049696577,0.0071541192,0,0,0,0,0.00066853862,0,0.0088916933
0,0,0,0,0.0070823943,0.0045260852,0.010850568,0.01082761,0,0,0.00054720126,0.00018965598,0.0031498619,0.004700196,0.0051969592,0.0042568147,0,0,0,0,0.0057292441,0.0029475186,0.0092377923,0.0089155398,0,0.0041029579,0,0.0020498796,0.0019529883,0.0042601419,0.0046776226,0.0026222053,0.017248809,0.013611014,0.011976864,0,0,0.013931903,0,0.021123612,0.00074145908,0.029699558,0.0091623617,0.030688694,0.019103093,0.012109136,0.014607275,0.022577345,0.027955528,0.020691028,0.020307194,0.01418905,0.013654689,0.058680493,0.009952547,0.019760538,0.03113367,0.0022438692,0.020527735,0.021485951,0.048610531,0.018980335,0.0016322784,0.02138149,0.016281292,0.016027255,0.015919399,0.019599596,0.030552512,0.017053679,0.065118834,0.053309519,0.029894898,0.021972477,0.011069736,0.024484888,0.027797988,0.035141639,0.023038231,0.017099481,0.0218205,0.011278166,0.032332961,0.063377857,0.11537792,0.024579309,0,0,0,0,0,0,0.0027531781,0.0036138161,0.0082601365,0,0,0,0,0.01625289,0,0.0027899456,0.026258806,0.043168787,0.011344728,0,0,0,0,0.0065384032,0.013948338,0.017557731,0.0049694525,0,0,0,0,0,0,0.0094575649,0,0.036552992,0,0,0,0.0038835749,0,0.01437075,0.0087603424,0.022362165,0.035266332,0.0081789987,0.0011654459,0.0099298824,0.017146446,0,0,0.013134032,0.019309588,0,0.024354504,0,0.010590957,0,0.027587291,0.022541001,0.013893776,0.01947422,0.014731057,0.021030685,0.024696182,0,0,0.012766307,0.031425215,0.0068441601,0.021109968,0.020197043,0.014238563,0.02489694,0.0027732893,0.017208189,0.023678051,0.03113861,0.02522153,0.016487457,0.0094831986,0.026767517,0.012834002,0.011775319,0.014120361,0.028181765,0.01593079,0.021055913,0.05389588,0.03811799,0.026145061,0.01848432,0.015167465,0.015551274,0.022757171,0.041753765,0.019750692,0.0087340893,0.021436274,0,0.025085539,0.035561591,0.059538502,0.026041681,0,0,0,0,0,0,0.019113582,0.0002957363,0,0,0.0027689496,0,0,0.011002475,0,0.030646678,0.012473816,0,0.020636719,0.038850032,0.0023483243,0.019978147,0,0.01357531,0,0,0,0,0.0044054342,0,0,0.00014050763,0,0.003951658,0.0066266409,0,0,0.003922611,0,0.015711274,0.0021655564,0.027379867
0,0.00089559518,0,0,0,0.0053683287,0.0030490549,0.0038848645,0,0,0,0,0.0066246493,0.0064204535,0,0,0,0,0,0,0,0.0059831855,0.00408745,0.0051209293,0,0.0012615778,0,0,0.0066102147,0.011222238,0,0,0,0,0,0.0083377976,0,0,0.00020278187,0.013717994,0,0.0082610277,0,0,0.0070294878,9.8495817e-05,0.012492974,0.019156229,0.028438827,0.032832991,0.033531178,0.020740148,0.035529364,0.045602527,0.022153342,0.014022052,0.017714325,0.025209084,0.022817576,0.063504085,0.03493461,0.0032436482,0,0.0049465024,5.3724361e-05,0.020014424,0.015060568,0.01126343,0.0075265886,0.0054810564,0.013184692,0.026666846,0.028378665,0.019693041,0.012561163,0.025576022,0.028613547,0.020494765,0.014015922,0.020600807,0.028006429,0.027902454,0.022942007,0.054749299,0.027701918,0.1299251,0,0,0,0,0,0,0,0,0,0,0,0,0.00060615741,0.01045117,0.0023661831,0.0020430533,9.3254675e-05,0.0035190582,0.017346893,0,0,0,0,0.0073601292,0.0077909408,0,0,0,0.0024315328,0,0,0,0.00045471624,0,0,0.016973335,0,0,0,0,0.020111678,0,0,0,0,0,0,0,0,0,0,0,0.0033063653,0,0,0,0,0,0,0,0.00045855663,0,0,0.023272503,0,0.027630795,0,0.022440307,0.025463974,0.018325329,0.029128287,0.038620617,0.00633538,0.013414192,0.022351604,0.024777893,0.030763537,0.01975351,0.022000793,0.0014307878,0,0.015589019,0.021064969,0.0031179094,0.012897739,0,0.0090777054,0.0057364805,0.01878359,0.022569459,0.024806987,0.01612659,0.017946385,0.0088975187,0,0,0.017758537,0,0.0094267493,0.016973853,0.025261153,0.038894646,0.027192151,0.074844614,0,0,0,0,0,0,0,0,0,0,0.0034886971,0,0,0.0058158371,1.9957442e-05,0.01844145,0.001749545,0,0,0,0.015687782,0.01672118,0.0059476346,0,0,0,0,0,0,0,0,0,0,0,0.00062228978,0,0,0,0,0,0,0
0,0,0,0,0,0,0,0,0,0,0,0,0,0,0,0,0,0,0,0,0,0,0,0,0,0.0054813535,0,0,0,0.0028800354,0.044580914,0,0.0012744528,0.036302123,0.01975704,0.010663234,0,0,0.0026568226,0,0,0.0072322502,0,0,0,0,0.0069332919,0.0092634046,0,0,0,0,0,0,0,0,0,0,0,0,0,0,0.083479285,0,0.0029527815,0,0,0,0,0,0,0,0,0,0,0,0,0,0.018584041,0,0,0,0,0,0,0,0.014430964,0,0,0,0,0.028192764,0,0,0,0.059837956,0,0.024501273,0,0,0,0.013485579,0,0,0,0.042099562,0,0.017750364,0,0,0,0,0,0,0,0,0,0.027071226,0.0020154598,0,0,0,0.0063818484,0,0,0,0,0,0,0,0,0.02693907,0,0,0,0,0,0,0,0,0,0,0,0,0,0,0,0,0,0,0,0,0,0,0,0,0,0,0,0,0,0,0,0,0,0,0,0,0,0,0,0,0,0,0,0,0,0,0,0,0,0,0,0,0,0,0.030922016,0,0,0,0,0,0.035140231,0,0,0,0,0,0,0,0,0,0,0,0,0,0,0,0,0,0,0,0,0,0,0,0,0,0,0,0,0,0,0,0,0,0,0,0,0,0,0
0,0,0,0,0,0.0091643929,0,0,0.021265941,0.0052847303,0,0,0,0,0,0,0,0.0096242325,0,0,0,0.0095884968,0,0.00092470058,0,0,0,0,0.0084632505,0,0,0,0,0,0,0,0,0,0,0,0,0,0.0034923665,0,0.0096017923,0.0025634756,0,0,0,0,0,0,0,0,0,0,0,0.031121498,0,0,0,0,0,0,0,0,0,0,0,0,0,0,0,0,0,0,0,0,0,0.0064376025,0,0,0,0,0,0,0,0.013522451,0,0.028195936,0,0,0,0,0,0,0.020890987,0,0.0043186499,0.0068193562,0,0,0,0,0,0,0.071254961,0,0,0,0,0,0,0,0.007752019,0.068166807,0,0,0,0,0.010915064,0.0017013761,0,0.0042182435,0,0,0.024167795,0,0,0,0,0,0,0,0,0,0,0,0,0,0,0,0,0,0,0,0,0,0,0,0,0,0,0,0,0,0,0,0,0,0,0,0,0,0,0,0,0,0,0,0,0,0,0,0,0,0,0,0,0,0,0,0,0,0,0,0,0,0,0,0.070227876,0,0,0,0,0,0,0,0,0,0,0.0076646567,0,0.008275385,0,0,0,0,0,0,0,0,0,0,0,0,0,0,0,0,0,0,0.06715636,0,0,0.0013790061,0,0,0,0,0,0
0.028920352,0,0.0081848148,0.024773318,0.015934242,0,0,0,0,0,0,0.014068845,0,0,0.011322511,0,0.037941981,0,0,0.015320502,0.011137267,0,0,0,0,0,8.2848273e-05,0.01770992,0,0,0.016354039,0,0,0.013300007,0.0099035343,0.0022457836,0,0.012950346,0,0,0,0,0,0.00053253502,0,0,0,0.00058547017,0,0,0,0.0054711583,0,0,0,0.011208756,0.0014146394,0,0,0.0084036533,0.0015505317,0.028074589,0.044481326,0,0,0.0015451253,0,0.0037537094,0,0,0,0,0,0,0.0069148196,0,0,0,0,0,0,0,0,0,0,0,0,0,0.030241704,0,0,0.0053608166,0,0.00080664863,0.0021467649,0.036307074,0,0.0083380258,0,0,0,0.00078253011,0.0025835405,0,0,0.02904802,0,0.018676367,0,0,0,0,0,0,0,0,0,0.023980919,0,0,0,0,0,0,0,0,0,0,0,0,0.0025718715,0.0046949731,0.02717638,0,0.0079482989,0,0,0,0.00098615477,0,0,0,0,0,0,0,0,0,0,0,0,0,0,0,0,0,0,0,0,0.010005589,0,0,0,0,0.0024490051,0.026352916,0.030162791,0,0,0,0,0,0.011786794,0,0,0.0011670971,0,0,0,0,0,0,0,0,0.0089733079,0,0.0011280813,0,0,0,0,0,0.020697314,0,0,0.052683733,0,0,0,0.028555397,0,0,0,0,0,0,0,0,0.00041934577,0,0,0,0,0,0,0,0.034777265,0,0.022560498,0,0,0,0,0,0,0,0,0,0,0.0015232533,0,0.00064732315
0,0,0,0,0,0.0039693192,0,0,0.0093681123,0.0084869834,0,0,0.0056605539,0,0,0,0,0.0042264098,0,0,0,0.0026427731,0,0,0,0,0,0,0.012525633,0,0,0,0,0,0,0,0,0,0,0.0013353828,0,0,0,0,0.0045332322,0,0,0,0,0.0021023892,0,0,0.010174626,0,0,0,0,0.0062132301,0.0056174514,0,0,0,0,0,0,0,0,0,0,0,0,0,0,0,0,0,0.00047756857,0,0,0.0035481877,0,0.0059861066,0,0,0,0,0,0.028192785,0,0.058510344,0,0,0,0,0,0,0.018099412,0,0.0087416321,0.0071816379,0.0050405031,0,0,0,0,0,0.034524616,0,0.0036889513,0.0032703741,0.0065049669,0,0.00091640383,0,0.012579581,0,0.0013847845,0,0,0,0.0050440384,0,0,0,0.0086886324,0,0.013942592,0,0,0,0,0,0,0,0,0,0,0,0,0,0,0,0,7.1852184e-05,0,0.0002231634,0,0,0,0,0,0,0,0,0,0,0,0,0,0,0.011482496,0.0028739737,0,0,0,0,0,0,0,0,0,0,0,0,0,0,0,0.0014295471,0,0,0,0,0,0,0,0,0,0,0,0.0015495709,0,0,0,0,0.037374657,0,0,0,0,0,0,0.0039994786,0,0,0,0,0,0,0,0,0,0.0025276931,0,0,0,0,0,0,0,0,0,0,0.030262401,0,0,0,0.0014582174,0,0,0,0,0
0,0.0083651086,0.0072055841,0.008615138,0,0,0,0,0,0,0.010036746,0,0,0,0,0,0,0.0079159606,0.023951942,0.015488043,0,0,0.00041023042,0,0,0.0032284209,0.010325307,0,0,0,0,0,0,0,0,0,0.0097137978,0.0017079823,0,0.00049178046,0.0039135469,0,0.00065948174,0,0,0,0.0025600872,0.001872059,0,0,0,0,0,0,0.00032110588,0,0,0.00095987262,0,0,0,0,0,0,0,0,0,0,0,0,0,0,0,0,0,0,0,0,0.011736122,0,0,0,0,0,0,0,0,0,0,0,0.015674397,0.031814616,0,0,0,0,0,0,0,0,0,0,0,0,0,0.01539878,0,0,0.0097362716,0,0,0,0,0,0,0,0,0,0,0,0,0,0,0,0.0018230213,0,0,0,0,0,0,0.0064960271,0,0.0053623817,0,0,0,0,0.0025388866,0,0,0,0,0.0004408778,0,0,0,0,0,0,0,0,0,0,0,0,0,0,0,0,0,0,0,0,0,0,0,0,0,0,0,0,0,0,0,0,0,0,0,0,0,0,0,0,0,0,0,0,0,0,0,0,0,0.040753044,0,0,0,0,0,0,0,0,0,0,0,0,0,0.0027297125,0,0,0,0,0,0,0,0,0.0042224899,0,0,0,0,0,0,0,0,0,0,0,0,0,0,0
0,0.0022465361,0.005872766,0.024321716,0.0091092158,0,0,0,0,0,0.0079063708,0.0026558926,0,0,0,0,0,0,0.0060933675,0.022644205,0.0029770087,0,0.0021833235,0,0.0041536978,0.0084075127,0.013711157,0.0072305403,0,0,0.019423019,0,0.0063746586,0.017478548,0.0096108606,0.0097329002,0,0.010927148,0,0.0037675339,0,0.0052717384,0,0.0074575134,0,0,0.033484235,0.021611322,0.0064892499,0,0,0.010344571,0,0,0.0012850824,0.011464508,0.013309846,0,0,0.013853207,0.0015222884,0.020628877,0.02972292,0,0,0.0050827712,0.00549781,0,0.0019767063,0.0063740769,0,0.00040963115,0,0,0.0047068885,0.014517943,0,0,0.053214461,0,0.0038209152,0,0,0.0029725297,0,0,0.028547972,0,0.00555168,0,0.0318105,0.036487095,0,0,0,0.019173849,0,0,0,0,0,0.0063825599,0,0,0,0.03527189,0,0.015615565,0.002669804,0.0054665124,0.0020379317,0,0,0,0,0,0.0068931519,0.01424705,0.0070366361,0,0,0,0,0,0,0,0,0,0,0,0.0055704275,0.018338464,0,0,0.015064664,0,0.00062773586,0.00038743688,0.009919812,0,0,0.0028398712,0,0,0,0,0,0,0,0,0.0056839478,0,0,0,0,0,0,0,0,0.0047709667,0,0,0,0,0,0.021153033,0.02806747,0.00062530709,0,0,0,0.0037884028,0,0,0.00029623052,0,0.0042079166,0,0,0,0,0.0026775266,0,0.028604541,0.023683425,0,0.012001594,0,0,0,0,0.018487141,0.016477669,0.014880245,0,0,0,0,0,0,0,0,0.001793429,0,0,0,0,0,0.00094321987,0,0,0,0,0,0,0,0.028643932,0,0,0,0,0.0014543401,0,0,0,0,0,0,0,0,0,0.0052397526
0,0,0,0,0,0,0.0097720269,0.0022184511,0,0,0,0,0,0,0,0.009844183,0,0.0018931,0,0,0,0,0.012842959,0.0061825193,0,0,0,0,0,0.0031190319,0.0058387532,0.013045174,0,0,0,0,0,0,0,0,0,0,0,0,0,0,0,0.0010675957,0,0,0,0,0,0,0,0,0,0,0,0,0,0,0,0.013221279,0.0074092052,0,0,0.014056049,0.0015534859,0,0.0081178714,0,0.0025297459,0.012687172,0.0090892157,0.0010561477,0,0.030633543,0,0.0059751826,0,0.013516383,0.016045835,0,0.00063175533,0,0,0,0,0,0,0,0.062468134,0.058406405,0.046864595,0.010804011,0.01616757,0.037114434,0.02761437,0.031946611,0.02578187,0.027607065,0.020305909,0.0092437249,0,0,0,0,0.025699696,0.0057796417,0.019179055,0.02375838,0.048788887,0.057712566,0.010776966,0,0.0048537692,0,0.016244501,0,0,0.0077460743,0,0.039886259,0.043616615,0.03807899,0.0089693451,0,0.011354464,0.030722525,0.02550137,0,0,0,0,0,0,0,0,0,0,0,0,0,0,0,0,0,0,0,0,0,0,0,0,0,0,0,0,0,0,0,0,0,0,0,0,0,0,0.0097295111,0,0,0,0,0,0,0,0.008903401,0.00091961707,0,0,0,0,0,0,0,0,0,0,0,0,0,0,0,0,0,0.04269303,0.043855928,0.026191616,0.0075816549,0,0,0,0.020133447,0.015449094,0.012139928,0,0.030546691,0,0.0077143423,0.0046391166,0,0.020335916,0.013587324,0.032845028,0,0,0,0,0.02309447,0,0.011562038,0,0,0,0.0051574986,0.021849679,0.02135695,0,0,0,0.018603165
0,0,0,0,0.0032124403,0,0.010745989,0.0033297879,0,0,0,0,0,0,0,0.0077506676,0.0011087304,0,0,0,0.0036673569,0,0.013529604,0.0072245942,0,0.0031046732,0,0.0021745772,0,0.0037103991,0,0.0091575328,0,0.0024107995,0.0023137531,0,0.0051522995,0.0054901754,0.0099905804,0,0,0.0053713727,0,0.0018756113,0,0,0,0.0052107857,0.00017191403,0,0,0.0024918267,0,0,0,0.0067437226,0.0028785875,0,0,0.00040563778,0,0.0033451382,0.0081371404,0.021029795,0.062667206,0.0058081332,0.0063814363,0.052369617,0.0245465,0.016378658,0.014752408,0.0001073788,0.014965406,0.020640066,0.026819983,0.0022678452,0,0.011207676,0.00042591369,0.0072745038,0,0.0049937116,0.0012823881,0,0.0015285803,0,0,0,0.00050854339,0,0,0,0.059683889,0.089543916,0.06520085,0.015946567,0.011925759,0.035297491,0.020216504,0.034797687,0.04527127,0.042097241,0.041592006,0.018155269,0,0,0,0.00043916283,0.010150308,0.0059296554,0.010590141,0.035532124,0.011134402,0.054840408,0,0,0,0.0030304182,0.0043010018,0,0,0,0,0.029739469,0.019055501,0.030339306,0,0.014123879,0.014126854,0,0.032855406,0.007399661,0,0,0,0,0,0.0089581776,0,0,0.0056841183,0.00047129099,0,0,0,0,0.0065485006,0,0.0019370824,0,0,0,0,0,0,0,0,0,0.001016303,0,0,0,0,0,0,0.002247209,0,0,0,0.032722201,0,0.021781659,0.012153706,0.001691895,0.00071165629,0,0.0027328813,0.013294893,0.0084734764,0,0,0,0.006064767,0,0,0,0,0,0,0,0,0,0,0,0,0,0.015595351,0.047472648,0.062510103,0.021157278,0,0.017568592,0,0.016117778,0.033616889,0,0,0.01959547,0.030688792,0.013154723,0,0,0.0084057003,0.015437697,0.010533975,0.038474433,0,0,0,0.0022465247,0,0,0,0,0,0,0,0.019333702,0.016696541,0.011990188,0.020259295,0.028781924
0,0,0,0,0.0017924008,0,0.0012256366,0.00020485511,0,0,0,0,0,0,0,0.0058664158,0,0,0,0,0.0033578202,0,0.003070506,0.0028816652,0,0,0,0,0,0.0027257425,0.0068260157,0.006242163,0,0.00073048775,0.0028489656,0,0.0012263097,0,0,0,0,0.0032808383,0,0,0,0,0.0017433598,0.0084993653,0.0018498445,0,0,0.0082017286,0,0,0.0053584012,0.0084368885,0.012914428,0,0,0.0037727791,0.00098869612,0.0037988084,0.011591992,0.039305307,0.044293061,0.038176097,0.038756955,0.06725046,0.025669623,0.010480511,0.02369369,0.0083766691,0.026176473,0.032913052,0.04579049,0.0091420393,0.015347374,0.042140372,0.0093001071,0.012745427,0.0070228414,0.017083179,0.0062630004,0.00547618,0.0076057808,0,0,0,0.0021057059,0,0,0,0.048699345,0.06624826,0.069918163,0.0090436041,0,0.019959491,0.0089987451,0.047677275,0.035599165,0.032566138,0.017372901,0.0024717622,0,0,0,0,0,0.0047871354,0.0029851836,0.020261532,0,0,0,0,0,0,0,0,0,0,0,0.021305962,0,0.017173953,0,0,0,0.0041048094,0.0074736653,0.0039916066,0,0,0,0,0,0,0,0,0,0,0,0,0.00068355026,0,0.011689059,0,0.0030731228,0,0,0,0,0,0,0,0,0,0.0039062058,0.0061532562,0,0,0.0040358896,0,0,0.0015893085,0.012693012,0,0.0086428802,0.054418392,0.00861865,0,0.025188154,0.010775691,0.0094124563,0.0027644138,0.013330224,0.026964068,0.026155014,0,0,0.010812269,0.013231228,0,3.6045723e-05,0.0075146509,0.00080335152,0,0.0068653733,0,0,0,0,0,0,0,0.022273574,0.03961518,0.046668969,0.016413461,0,0,0,0.029802417,0.0271494,0,0.020743217,0.0046044081,0,0,0,0,0.0037759722,0.0098448116,0,0.011032948,0,0,0,0,0,0,0,0,0,0,0,0.01121,0,0,0,0.015815342
0,0,0,0.03742817,0.027166907,0,0,0,0,0,0,0,0,0.0025580905,0.021346355,0.0036593031,0.014160166,0,0,0.021535756,0.018166699,0,0,0,0,0.00077673153,0.0058144722,0,0,0,0,0.0034981184,0,0.025697451,0.019678783,0,0,0.0052204421,0,0,0,0,0,0.0040744212,0,0,0.0048487103,0.00092106347,0,0,0,0.0076447651,0,0,0,0.015336558,0.013189502,0,0,0.0094470531,0,0.037463941,0.070514895,0.011998149,0.0038413717,0,0.0060032122,0.0051775086,0,0,0,0,0,0,0.017938863,0,0,0,0.0020096523,0,0,0,0,0,0,0,0.059768129,0,0.036020018,0,0,0.018670319,0.009965213,0.014855755,0.0078800675,0.086005621,0,0.023643743,0,0,0,0.012224089,0.0069216965,0,0,0.02356194,0,0.0034682055,0.016626526,0.0023889684,0,0,0,0.015005437,0,0,0,0.02837781,0,0,0,0,0,0,0,0,0,0,0.0014057186,0,0.012915323,0.0079538068,0,0,0,0,0,0,0,0,0,0,0,0,0,0,0,0,0.0057667349,0,0,0,0,0,0,0,0,0,0.020178897,0.012522252,0,0,0.014223496,0,0.0063389437,0.039112665,0,0,0,0.0043041017,0.0014153918,0,0,0,0,0,0,0,0,0,0,0,0.0042240089,0,0.014605639,0,0.0078892587,0,0,0,0,0,0.024567455,0,0,0.036058225,0,0.0059690857,0.0097250463,0.054873843,0,0,0,0,0,0,0,0,0.002440555,0,0,0,0,0,0.0025354971,0.0088821212,0,0,0,0,0,0,0,0,0,0,0,0,0,0,0.0024547565,0.003768292
0,0,0,0,0,0,0,0.0049324632,0,0.010187292,0,0,0.002130616,0,0,0,0,0.012297384,0,0,0,0.0053438204,0.0045449603,0.0059047355,0,0,0,0,0.013523613,0.0015355801,0,0,0,0,0,0,0.0072486228,0,0.0025915916,0.001079675,0.00071343849,0,0.0090469699,0,0.010524602,0.010014185,0,0,0,0.01083926,0,0,0,0,0,0,0,0,0.006105145,0,0,0,0,0.0086999293,0.0014218608,0,0,0,0,0,0.0024852208,0,0,0,0,0,0.010791418,0.0081984606,5.5329379e-05,0.017344715,0.0016349977,0.011563272,0.010499692,0,0,0,0,0.020981822,0,0.017956365,0,0,0.016184051,0.012069695,0,0,0.026730996,0.0086461669,0.009923663,0.024983924,0.01682369,0,0,0.00042126182,0,0,0.028983196,0,0,0.0048472984,0.0006607406,0.010127933,0,0.007157973,0,0.024977515,0.013501888,0,0.0013446627,0.017084675,0.012044792,0.01186621,0.00091431208,0.018408323,0,0.015451687,0.015194809,0.0017325934,0,0,0,0,0,0,0,0,0,0.0034682055,0,0,0.0035623491,0,0,0.0088622523,0,0.0030276219,0,0,0,0,0,0,0,0,0,0,0,0,0,0,0,0,0,0,0,0,0,0,0,0,0,0,0,0,0,0,0,0,0,0,0,0,0,0,0,0,0,0,0,0,0,0,0,0,0,0,0.0057178205,0,0,0,0,0.036433186,0,0.021666985,0,0,0,0,0,0.0018360207,0,0,0.0065175937,0.0037642953,0,0,0,0,0,0,0,0,0,0,0,0,0,0,0,0,0,0
0,0,0,0,0.0049181581,0,0,0,0,0,0,0.0021167623,0,0,0.0094050523,0.014689734,0.010916757,0,0,0,0.0097236056,0,0.00466451,0,0,0.0010205286,0,0.0027458319,0.0047856811,0.0069847405,0.016667079,0.018589344,0,0.0076610297,0.0016627964,0,0.00079402962,0,0.0060232254,0,0,0,0,0,0,0,0.0021450194,0.00190739,0.00095574185,0,0,0.0049452293,0,0,0,0.00017788356,0,0,0,0,0,0.0053982013,0.014859009,0.0065605203,0.0066906875,0.0034207187,0,0.0011155007,0,0,0,0,0.00065209053,0.002259485,0.01719225,0,0,0,0,0,0,0.00086246972,0,0,0,0,0.024729205,0,0.0083422661,0,0,0,0.036337618,0.034277458,0.018872898,0.024187151,0.0087035019,0.064429134,0.028834794,0.028627509,0.028700838,0.022442967,0,0,0.0036892011,0.0081311027,0,0.0060326955,0.01408297,0.01105126,0.012604728,0.010297407,0.014660883,0.034004755,0.0099824928,0,0.014674174,0.0035512298,0.031807046,0.003178044,0.0073612914,0,0.028524969,0.024722481,0.020370878,0.019309847,0,0,0.0095253345,0.014896028,0.012468976,0.0069541717,0,0,0,0,0,0.0056300201,0,0,0,0,0,0,0,0,0,0.0054601105,0,0,0,0,0,0,0,0,0,0,0,0,0,0,0,0,0.00077055837,0.0030584079,0.012044085,0,0,0,0,0,0,0,0,0,0,0,0.00070885004,0,0,0,0,0,0.0009089628,0,0,0,0,0,0,0,0,0,0,0,0,0.017554468,0.015595029,0,0,0.028054621,0.022167925,0.0018018255,0.01447842,0,0,0.0081392806,0,0,0,0,0.0071360366,0,0.013600958,0.024782592,0.010339945,0,0,0,0,0.012852083,0,0.002970844,0,0.0014418386,0.014713317,0.0079640653,0,0,0.0072038756,0.00018969347
0,0.0023733147,0,0,0,0,0.0010156052,0.0073531172,0,0.01691217,0,0,0.0063640536,0.00068527821,0,0.006447521,0,0.0061343866,0,0,0,0.0038724069,0.003418114,0.010872712,0.0039772489,0.0076561533,0,0,0.011197349,0.0023934266,0,0.014851572,0,0,0,0,0.00057646254,0,0.0070869038,0.00037463568,0.0049387114,0,0.0029223578,0,0.005573275,0.0038399603,0,0,0.0025135318,0,6.5649365e-06,0,0.0085748732,0,0,0,0,0.0078652306,0.0060402052,0,0,0,0,0.0012549964,0.0084783835,0,0,0,0,0,0.005392191,0,0.0023073442,0.010996261,0.00037574704,0,0,0.00063508668,0,0.0076909252,0,0.007405492,0.039756149,0,0,0,0,0.0042976416,0,0.008245185,0,0,0.026881412,0.019552561,0.0080393497,0,0.0092638666,0.027939051,0.070638195,0.043957066,0.021300483,0.0092681218,0.017524295,0.0066053285,0.0029192078,0,0.0053669163,0,0.013504831,0.0052846232,0.010968177,0.0095304903,0.010635014,0.018084597,0.019651327,0.013087919,0,0,0.00446543,0.026239267,0.035043612,0.0181731,0.015087605,0.026307911,0.033329457,0.033220202,0.02094296,0.0078908606,0.010374645,0.021292673,0.014959434,0,0,0,0,0,0,0,0,0,0.0063949041,0,0,0.0094385305,0,0.00085724209,0.0023815886,0,0,0,0,0,0,0,0.0020008115,0,0,0,0,0,0.0079654362,0,0,0,0,0,0,0,0,0,0,0.002432826,0,0,0,0,0,0.011253002,0,0,0.0026580491,0,0,0,0,0,0,0,0.0033049169,0,0.0085585434,0,0,0,0,0,0.0090552522,0,0.0090877097,0,0,0.0061105094,0.037897274,0.028192198,0.014277597,0.020596106,0.027661826,0.02285734,0.01290195,0.0070080711,0.004137137,0.021798331,0.02069612,0,0.014388591,0.015737541,0,0.0042899214,0,0.0087152217,0,0.0015016203,0.007457505,0.010822499,0.0020296329,0.023420442,0.015422001,0.024028245,0.013615991,0.002660933,0.011011034,0.010085379
0,0,0,0,0,0.0022336587,0.0068702907,0.0081346277,0,0.0054022097,0,0,0.0093624163,0.0013462841,0,0.005589461,0,0.0034202109,0,0,0,0.0048781801,0.0093355505,0.011937121,0.0016021772,0,0,0,0.016990785,0.0069918805,0,0.012172888,0,0,0,0,0.0017747758,0,0.0081095789,0.00025928553,0,0.0018990202,0.0025458978,0,0.0055405567,0.0033090543,0.0015452888,0.0039692293,0.0050193709,0.0075438544,0.0064843586,0,0.014373002,0.0028779444,0.001746394,0,0,0.011158371,0.0085629858,0,0,0,0,0.032291315,0.028153921,0.013029071,0.003609139,0.023336736,0.01183592,0.00025999994,0.018544791,0.0021177391,0.019339774,0.034859903,0.029606972,0.0055657653,0.025591558,0.044415675,0.0055865794,0.033550628,0.012286195,0.029254019,0.059847094,0.012765428,0.015448153,0.008408647,0,0.006905017,0,0.0070816949,0,0,0.032697272,0.034985073,0.046859019,0,0.025334742,0.028878223,0.04483363,0.12756872,0.058168191,0.020306461,0.015967097,0.0049338108,0.0099548213,0,0.0065541752,0,0.00014664853,0.0031585488,0.0088310707,0.015332341,0,0,0.0106285,0.0060005579,0,0,0.016813871,0.0057816613,0.0021441993,0.02211499,0,0.030590218,0.023101706,0.027880356,0.01029569,0,0,0.012597799,0,0,0,0,0,0,0,0.0040895445,0,0,0,0,0,0,0,0,0.0042226128,0.00067497173,0,0,0,0.0017759481,0,0,0.008057734,0.0046123373,0.0056388723,0,0,0,0.0092262942,0.0057171118,0,0,0,0,0,0.0037704713,0.0043347725,0.023700077,0,0.012304363,0.0057368553,0,0.0080390144,0.0012945144,0.0059420718,0.022750851,0.019409249,0.0062355907,0.0078302361,0.014019708,0.00071665843,0,0,0,0,0.01004047,0.017827829,0.0099211559,0.0066116154,0,0,0,0,0,0.025383446,0.018513095,0.019628167,0,0.0054263156,0.01334767,0.0069373935,0.056052577,0.028600726,0.028604601,0.032083366,0.015150733,0.005990888,0.0029707127,0.0076489486,0.022001056,0.017685201,0,0,0.0021088314,0,0.006310463,0,0,0,0,0.0011712434,0,0.0038075813,0,0,0.010565532,0.010976962,0,0,0.0043954332
0,0,0,0,0,0,0.0022304507,0.0051306528,0,0,0,0,0.0063558766,0,0,0.0060244454,0.00053127285,0,0,0,0,0.0025853333,0.005276266,0.010616138,0.00040000788,0,0,0,0.0093900952,0.0023262571,0,0.011498142,0.00198185,0,0.0027012227,0,0.010801742,0,0.012788551,0.0058161919,0.001075766,0.0042880932,0.0060176612,0,0.0015648942,0.0072205635,0.0042569474,0.010342669,0.0095644202,0.00027971668,0.0024704533,0.0056394404,0.020822776,0.0042787916,0.007389368,0,0,0.014564211,0.010379775,0,0.0027166517,0,0,0.020133564,0.028744843,0.0054125767,0.0017547242,0.017853905,0.0072337128,0.0047454699,0.0014519602,0,0.017150389,0.022920091,0.040328134,0.011780145,0,0.0088933744,0,0.021579331,0.0022248644,0.026718596,0.011107806,0.0036804986,0,0.0019496701,0,0,0,0.0052688112,0,0,0.027754193,0.047214821,0.036363106,0,0.017718229,0.030576665,0.02361678,0.059801679,0.096258275,0.052395128,0.0087252054,0,0.0048063723,0,0.0028619464,0,0.021421876,0.024278071,0.026571792,0.027497392,0.017083835,0.02196973,0.010049853,0.0050905421,0.017472927,0,0.040555645,0.0012851538,0.0095339222,0.0057247556,0.01722247,0.045709796,0.048380211,0.032583054,0.021533515,0.013945517,0.011371169,0.018450173,0.018788779,0.0024775243,0,0,0,0,0,0.012041959,0,0,0,0,0,0,0,0,0,0.005455195,0,0,0.0033640272,0,0,0.0052853031,0,0.005687221,0.0088827116,0,0,0,0.013580824,0.0071671987,0,0,0,0,0,0,0,0.014894274,0,0.007345262,0.0085498085,0.00035715787,0,0,0.00025969214,0.012217836,0.0092155896,0.011302568,0,0,0.0041074231,0,0,0.0067889905,0,0,0,0.0015143721,0.00070998742,0,0,0,0,0,0,0,0.030745637,0,0.0072279023,0.012038744,0.0062474506,0.013696112,0.046746626,0,0.012089279,0.022367705,0,0,0,0.0038635831,0.014119701,0,0.0054669725,0.010337374,0,0,0,0.0097050136,0,0.0063559092,0,0,0,0.00072656886,0.0038545381,0.0098277871,0.012228716,0,0,0.008736684
0,0,0,0,0.0024826317,0,0.0040902151,0.00068789709,0,0,0,0,0,0.00087885931,0,0.0047454415,0,0,0,0,0,0,0.0085553555,0.0033872586,0,0,0.0011647572,0.0012737851,0,0.0047046975,0.013693361,0.0092070829,0.0052766586,0.010358982,0.014759037,0,0.0080882888,0,0,0.0040256931,0,0.007864153,0.0021256609,0.0038024175,0,0,0.0080257235,0.01036592,0.0056325872,0.0031635247,0.0022297637,0.012662369,0.012599344,0.0019596836,0.0012965146,0.0098194648,0.0063668899,0,0,0.0080263624,0.0049284133,0.0076229861,0.016067533,0.019845424,0.023716092,0.011201668,0.013023751,0.02699185,0.012757322,0.011814349,0.0061474415,0,0.045013316,0.019712314,0.050471492,0.013119115,0,0.008367518,0.0048540407,0.0096937763,0.0017422403,0.019042082,0.0063751577,0.008375234,0.003642305,0.0015699563,0.014082236,0,0.0011212607,0,0,0.0062092608,0.029494474,0.043999732,0.033471577,0.013608342,0,0.02409596,0.011243362,0.021869665,0.052781485,0.095350921,0.0066247261,0,0.0068198182,0.008112913,0,0.0098689832,0.018400196,0.024531052,0.026299868,0.017173937,0.024513412,0.02239006,0.005894145,0,0.018622067,0.003963592,0.032580785,0.0011651112,0.00029461371,0.0010098953,0.015479763,0.033082243,0.054092534,0.022235362,0.011517792,0.0031559528,0.0074511939,0.0097206617,0.020101648,0.0049881968,0.0096414043,0,0,0,0.012430023,0,0,0,0,0,0,0,0,0,0.010406618,0,0.0025224248,0.0020782468,0.0042388118,9.1442227e-05,0,0.0026704208,0,0,0.0019656464,0.0035983906,0.0082201324,0.0018903881,0,0,0.0082497029,0,0.0054785144,0.0071189762,0.009578459,0.00037062372,0,0.017718486,0.0041989069,0,0.010363397,0.0070851883,0,0,0.01547206,0.0081185717,0.013952604,0.004330691,0,0,0.025038641,0,0,0,0,0.0022934345,0,0.0063052932,0,0,0,0,0,0,0,0.016112357,0.020809839,0.018034033,0,0.0027069864,0.014236216,0.00072789122,0.027128994,0,0.0037239573,0.016512366,0,0,0,0,0.010719993,0.0036632717,0.0071346015,0.0095300814,0,0,0,0.00036507234,0,0.011310289,0,0,0,0,0.0013374611,0.006536027,0.010031587,0,0.0029092364,0
0,0,0,0,0.011181607,0,0.013884218,0.010369649,0,0,0,0.0020572303,0.0032719739,0.0024421718,0.010326204,0.0068798168,0,0.00028969595,0,0,0.010643474,0,0.013968721,0.011765792,0,0.0056229248,0,0.0046292422,0.00068950676,0.0033873711,0.012879151,0.0074276463,0.0054694577,0.013156788,0.0021016295,0.013536689,0,0.015206528,0.017793249,0,0,0.022132801,0,0.026765933,0.016496854,0.0038763185,0.00097846682,0.0034662951,0.0042265356,0,0,0,0,0.00093101198,0,0,0,0,0,0,0,0.0044464245,0.007162529,0.0058303652,0.031295322,0,0,0.013098657,0.034005217,0.0080495374,0.033608824,0.00551312,0.0074911169,0.011265329,0.0025383297,0,0,0.012242735,0.0043729953,0.0054328358,0,0,0.022064433,0.007954007,0.023468662,0,0,0,0.0022956408,0,0,0,0.022600971,0.042875573,0.017283233,0.0076174191,0,0,0.017888831,0.015849797,0.0072959363,0.0054926341,0.067222461,0.048094839,0.0047304854,0,0,0,0.0026718001,0,0.0057537784,0.026891122,0.013636798,0.015796188,0.00059489801,0,0,0.0061164494,0,0.013117181,0,0.014951435,0,0.0062125348,0,0.01875392,0,0.044712059,0.034591362,0.030498117,0.052294016,0.010667334,0,0.0025947744,0.010437348,0.0090612005,0,0.012932149,0.0087204408,0.0004192185,0.018365921,0.013521345,0,0,0.012994413,0.010264433,0.0076148189,0,0,0,0,0,0,0,0.0043566464,0,0,0,0,0,0,0,0,0.0025068191,0,0.0033492171,0.0075019114,0.00096315832,0,0,0,0.032781255,0.0096277921,0.0061021619,0.018074397,0.0027834403,0,0,0,0,0.0038086283,0,0,0,0.0033136017,0.0057081995,0.0030383053,0.0055516874,0.020052548,0,0,0.0045643719,0.003949251,0,0,0.0032070256,0.020875294,0,0.031918973,0.010373017,0.0056664217,0,0.01741305,0.008920812,0.0045118406,0.021949049,0.022354031,0.006035998,0.078260876,0.042499363,0.0059748041,0.015582102,0.002577174,0.017378861,0.016073326,0,0,0,0.00602839,0.0024467462,0,0,0,0.013048707,0.0032909517,0,0,0.01737491,0,0.029728467,0.03674721,0.042522557
0,0,0,0,0,0,0.011086381,0.0098982975,0,0,0.00098902185,0,0.0013586271,0.0015475082,0.0045378194,0.0030023737,0,9.9387442e-05,0,0,0.00049965817,0,0.01165459,0.017165015,0.0014695551,0.00092442578,0,0,0,0.0021271321,0.0028194508,0.0031246396,0,0,0,0.0027553479,0,0.0023024797,0.0060821539,0,0,0.0065079653,0,0.0025673488,0,0,0,0,0,0,0,0,0,0.0062357089,0,0,0,0,0,0,0.041580275,0.0049114353,0,0,0,0,0,0,0.0017776707,0,0.028671134,0.012925668,0,0,0,0,0,0.0057770773,0.0015087185,0.0033898628,0,0,0.012067403,0.0052912827,0.040949326,0.0011426411,0,0,0,0,0,0,0.010438247,0.018854823,0.0023055398,0,0.00018699402,0,0.0067659803,0.0047645834,0,0,0.048236959,0.18165532,0.0097668003,0,0,0,0,0,0,0.0011510778,0.00097054185,0.0034345803,0,0,0,0,0,0.011309407,0,0.016244264,0,0.0013561992,0,0.0039388062,0,0.012543431,0.023896564,0.035637919,0.023164727,0,0,0,0,0.00051967049,0,0.0027546789,0,0,0.0077986815,0.0030928063,0,0,0.00093716197,0,0,0.00018109039,0,0,0,0,0,0,0.0007363105,0,0,0,0,0,0,0,0,0.0099361883,0.025874371,0.00097599655,0,0,0,0,0,0.012238702,0,0,0.028186122,0.0080481162,0,0,0,0,0,0,0,0,0,0.0034558265,0,0.0005299648,0.020693291,0.0010403078,0,0,0,0,0,0,0.010896242,0.012317245,0.0095533831,0,0.0023613949,0,0.0033913883,0.005192115,0,0.014968924,0.010375472,0,0.043473847,0.14074317,0.009146424,0.012498112,0,0,0.0026276526,0.0099387188,0,0,0,0,0,0,0,0.0088743307,0,0,0,0.0019219465,0.00013510759,0.0050529656,0.019472424,0.020898733
0,0.0016219557,0,0,0,0,0.0023662695,7.861304e-05,0,0,0,0,0,0,0.0025753807,0.0027123201,0,0.0015073221,0,0,0.0003776637,0,0.0047831698,0.00094838085,0,0,0,0,0,0.0015003784,0.0015467668,0.0040643462,0,0,0,0,0,0,0,0,0,0,0,0,0,0,0.0018085921,0.00029213596,0.0027754833,0,0,0,0,0.012200686,0,0,0,0,0,0.00016870681,0,0,0,0.0045410627,0.0034660536,0.00062066386,0.0022347304,0.0023017565,0.00064249977,0,0.0032842171,0,0.0034289479,0.0058062659,0.0046555577,0,0.00296443,0,0.00030869528,0.00040459051,0,0.00046018497,0.0041624466,0.042683039,0.011262443,0.016505288,0,0,0,0,0,0,0,0,0,0,0,0.004377373,0.0038397,0.010643772,0.0045540179,0.0066806898,0.0053104786,0.010389761,0.081527367,0,0,0,0,0,0,0,0,0.0063850111,0.0039352365,0,0,0,0,0.016548075,0.0020093773,0.026086703,0.0057838229,0.016354758,0.0016475314,0.0092479493,0.0095058223,0.0052291518,0.012127815,0.026113877,0.0086881574,0.0026474849,0,0,0,0,0,0.0015255619,0,0,0,0,0,0,0,0,0,0,0,0.00013226988,0,0,0,0,0.0017235407,0,0,0.0093254866,0,0,0,0,0,0,0.0021090319,0,0,0,0,0.00030814353,0,0.0017416661,0,0,0,0,0,0,0,0,0,0,0.0011314985,0,0.0015262365,0,0,0.0097384928,0.0034265071,0.016682465,0,0,0,0,0,0,9.9156998e-05,0.0014401765,0.0026515161,0,0,0.0012933364,0.00072201819,0.0020244385,0.0013582022,9.4986615e-05,0.0028134058,0,0.0017206001,0.0013381487,0.055012573,0.0071078129,0.01802831,0.0013332001,0,0.0028728195,0,0,0,0,0,0,0,0.0037666089,0.0033885438,0,0.0026682955,9.833197e-05,0.0024461797,0.0022935143,0.0055174502,0.0026024366
0,0,0.0088817738,0.030439448,0.013331738,0,0,0,0,0,0.0038868003,0.0084180376,0,0,0.010710333,0,0.015406417,0,0.0070371581,0.027230302,0.010462632,0,0,0,0.0046295361,0.0022709069,0.0081928242,0.012714694,0,0,0.021324933,0,0,0.017261444,0.005053781,0.0010411786,0,0.0094910031,0,0,0,0,0,0.0016423657,0,0,0.0080442149,0.0045693675,0,0,0,0.011326057,0,0,0,0.016158078,0.0026272773,0,0,0.011437748,0.00052396889,0.028263235,0.043051545,0,0,0,0.0005009739,0,0,0.0067811101,0,0,0,0,0,0,0,0,0.011603739,0,0,0,0,0,0,0,0.042278886,0,0.02921544,0,0.015526077,0.035437949,0,0,0,0.024001243,0,0.0082989978,0,0,0,0.0080331275,0,0,0,0.057022065,0,0.043944597,0.015452164,0.0092877578,0.0016882103,0,0.012072481,0.0145979,0,0,0.014537846,0.02613065,0.014719203,0,0,0,0.0180392,0,0,0,0,0,0.014197836,0,0.0094521325,0.014864914,0.014915114,0.00051265565,0.013306802,0,0,0,0.0031852503,0,0,0,0,0,0,0,0,0,0.0059499913,0,0,0,0,0,0,0,0,0,0,0.011448066,0,0,0,0,0.0057203001,0.030619716,0.031035852,0,0,0,0,0,0,0,0,0,0,0,0,0,0,0,0,0.00082912965,0.0086469036,0,0,0,0,0,0,0,0.026459828,0.0087797381,0,0.03367636,0,0,0,0.022009619,0,0,0.0061140098,0,0,0,0,0,0,0,0,0,0,0,0.0093220146,0,0.059568204,0,0.033227779,0.0019822794,0.001144931,0.0018566463,0,0,0,0,0.0034456619,0,0,0,0.0056146765,0
0,0,0,0,0,0.0066647106,0,0.00079587766,0,0,0,0,0.00057856791,0,0,0,0,0.012105471,0,0,0,0.01065993,0,0.0033523291,0,0,0,0,0.012105139,0,0,0,0,0,0,0,0,0,0,0,0,0,0.0067696599,0,0.013903828,0.0082902443,0,0,0,0,0,0,0.030261666,0,0,0,0,0.044868335,0.0064244447,0,0,0,0,0,0,0,0,0,0,0,0,0,0,0,0,0,0,0,0,0.013963056,0,0.0043715565,0,0,0,0,0,0.0713237,0,0.034548238,0,0,0,0,0,0,0.029002961,0,0.0055047246,0.0066057602,0.0026553893,0,0,0,0,0,0.053725779,0,0.0011339148,0,0,0,0,0,0.0021820422,0,0,0,0,0,0.019630907,0.0044793063,0,0.0063396753,0.025758469,0,0.039726861,0,0,0,0,0,0,0,0,0,0,0,0,0,0,0,0.0045823138,0.020626465,0,0,0,0,0,0,0,0,0,0,0,0,0,0,0,0,0,0.012416145,0,0,0,0,0,0,0,0,0,0,0,0,0,0,0,0,0,0,0,0,0,0,0,0.0052812588,0,0,0,0,0,0,0,0,0.03311982,0,0,0,0,0,2.1859352e-05,0,0,0.0074667521,0,0,0,0.017419597,0,0,0,0,0.0088948496,0,0,0,0,0.10564037,0,0.0013440477,0,0,0,0,0,0.00080245594,0,0,0,0,0,0
0.019744363,0,0,0,0.0051301136,0,0,0,0,0,3.7888687e-05,0,0,0,0.0081542507,0,0.0214999,0,0.0010353426,0.008411481,0.0045316094,0,0,0,0,0,0,0.0042803893,0,0,0.010282025,0,0.00037691742,0.011288858,0,0,0,0.0083249826,0,0.0023169112,0.0021484683,0,0,0.0062596216,0,0,0.011568553,0.020745303,0.0067688623,0.0033127503,4.7636182e-05,0.013003483,0,0,0,0,0.0060764579,0,0,0.0088331448,0.0054892614,0.022063036,0.016925234,0,0,0.0027515145,0.0015697172,0,0,0,0,0.0031222268,0,0,0,0.013603447,0,0,0.0077493256,0,0,0,0,0,0,0,0.018048611,0,0.01888874,0,0,0.016108487,0,0.001622805,0,0.0041474653,0,0.0062069027,0,0,0,0.0099562947,0,0,0,0.04407974,0,0.062906839,0.03897167,0.031689279,0.013400684,0.0020775197,0.015469181,0.021129752,0.0046577612,0,0.014914641,0.017708663,0.011835614,0,0.0027508433,0,0.01304246,0,0,0.0059357136,0,0.0070279622,0.021778611,0.0025982249,0.014253484,0.008023506,0.0030568754,0,0,0,0,0.00091033336,0.0065786033,0,0,0.00087400584,0,0,0,0,0,0,0.0099211317,0.003024488,0.0040194634,0,0.0085146753,0,0,0,0,0,0,0.0053611598,0,0,0,0.002829042,0.0062800003,0.020431649,0,0,0,0,0.0063099777,0,0,0,0,7.3661344e-05,0,0,0,0,0,0,0,0,0,0,0,0,0,0,0,0,0,0,0,0,0,0,0,0.00095422112,0,0,0.0059504276,0,0,0,0,0,0,0,0,0,0,0,0.0087253619,0,0,0,0.030026343,0.012476189,0.013553599,0.0036047888,0,0,0,0,0.0064978488,0,0,0.005441267,0.013731423,0.0037136145
0,0,0,0,0,0,0,0,0,0,0,0,0,0,0,0,0.0017930216,0.0074218265,0.0013409219,0,0.0015333293,0.00011153731,0.00032023509,0.0013473281,0,0,0,0,0.0014998533,0.0018030651,0,0.0055584228,0,0,0.0017876832,0,0.0033007585,0,0.0022469733,0.004974917,0.0034242221,0,0,0,0,0,0.0027278385,0.016187642,0.0086415308,0.0058037145,0,0.0047701839,0,0.002962,0.0059020757,0.002456059,0,0,0,0,0,0,0,0,0,0,0,0,0,0,0,0,0,0,0,0.0082953852,0,0,0,0,0,0.0071268631,0.0024295026,0,0,0,0,0,0,0.0036435393,0.0098725613,0.002582503,0.026143029,0.010555051,0,0.0174313,0,0.014577781,0.014942509,0.00069901336,0.020536326,0.017496251,0.0035321701,0,0,0.015413372,0.0013968401,0.038269449,0.079647973,0.056497745,0.037002824,0,0.043618586,0.041139536,0.017962266,0,0.03343926,0.0012732953,0.034935482,0.0085068699,0.026847977,0,0.025712948,0.018012691,0.034380697,0.015131416,0.017394233,0.0056676674,0.030130535,0.017881976,0.024009321,0.0031598837,0,0,0,0,0.0033686324,0.0038317875,0,0,0,0,0,0,0,0,0,0,0.0010860653,0,0,0.0019115299,0,0.0036342624,0,0,0,0,0,0,0,0.0020723806,0,0,0,0,0,0,0,0,0,0,0,0,0,0,0,0,0,0.0097845253,0.0038983165,0,0,0,0,0,0,0,0,0,0,0,0,0,0,0,0,0,0,0,0.0077985935,0,0,0,0.0025358819,0,0,0.010301878,0,0,0,0,0.0039816471,0,0.031108608,0.015123759,0,0,0.015518519,0.042057142,0.020769509,0.013330087,0,0,0,0,0.015326776,0,0,0,0.019740485,0.0013366968
0,0,0,0,0.0026673062,0,0,0,0,0,0,0,0,0.00080014102,0,0.00087984151,0.0086742276,0.0070015863,0.0021817707,0,0.0052722292,0,0,0,0,0,0,0,0,0.0045470549,0,0.0028894299,0.0096864123,0.0072492845,0.014828771,0,0.0077171093,0.0050903521,0.0047842166,0.032958202,0.0017177339,0.010827021,0.0085064862,0.014876125,0.0082722809,0.007358829,0.026262268,0.046214797,0.026079323,0.019911513,0.019238351,0.025763635,0.019039264,0,0.020455468,0.016813273,0.0082075698,0.0078092753,0.018003898,0.0085178427,0.018332647,0.0056403307,0.005386441,0.022999775,0.0065027862,0.011892664,0.0092319278,0.0088946987,0.0047760988,0.01373644,0.0012386378,0.010793474,0.012307676,0.0021829966,0.012857747,0.0536354,0.0098313484,0.0096455431,0.011029055,0.0083751399,0.012983602,0.023419183,0.01032098,0.0098661054,0.0093153315,0.0077318652,0,0,0,0.0036932263,0,0.0059751575,0.0075110877,0.0081866216,0.0060237031,0.0035595042,0.0061266175,0.011753919,0.0075299749,0.0050454638,0.02469166,0.024588203,0,0,0,0.0093516968,0,0.031314779,0.057558525,0.080105931,0.060845662,0.0049027572,0.041665692,0.017013211,0.015470581,0,0.020191442,0,0.033351988,0,0.010838975,0.0045021977,0.015978675,0.0036239028,0.012054487,0.0014842614,0.012794661,0.0030499164,0.0099907145,0.0029039099,0.018913414,0.0038794086,0,0,0,0,0,0,0,0,0,0,0,0,0.010582059,0.007519579,0,0.017332718,0,0,0,0,0,0.021410467,0,0,0,0,0,0.011769647,0,0.012252598,0,0.013594894,0,0.0024454803,0,0,0.010241583,0.0010614113,0.010335234,0,0,0.0093626557,0.0010717351,0.0092952205,0.0040807524,0,0.003555401,0,0.030509148,0.0070349434,0.014348651,0,0.0083619561,0,0.0068703284,0,0.0074552097,0,0,0,0,0,0,0,0,0,0,0,0,0,0,0,0.0097258408,0.00080533884,0,0.0037100024,0,0,0,0,0.0049843891,0,0,0,0,0,0.027089495,0.013547221,0.040678613,0.010776468,0,0,0,0.0081844488,0.0059055402,0,0,0,0.0041732127,0.005371022
0,0,0,0,0,0,0,0.0058865934,0,0,0,0,0,0.0022533578,0,0.0044625076,0.0051124049,0.0063662902,0,0,0.0024327035,0.0019585439,0.0017898058,0.0065832683,0,0,0,0,0.0067657651,0.004614234,0,0.0093667991,0.010226855,0.0060811117,0.01360227,0.0091152359,0.0029936007,0.0032891142,0.0050674058,0.047986113,0.005808909,0.0097329896,0.0096682077,0.012395628,0.0080639441,0.012182939,0.01207258,0.017371105,0.019053498,0.015896516,0.014106828,0.013453558,0.015274408,0,0.014335506,0.0049941437,0.0050909338,0.011833023,0.014325596,0,0.0090721194,0,0,0.033181649,0.012821911,0.010602899,0.009850705,0.011640923,0.0072774859,0.0075124674,0.01822288,0.012299931,0.019407693,0.010630754,0.0053183627,0.02517727,0.01010603,0.019289088,0.0062707029,0.0066097393,0.0097247539,0.013723148,0.012199653,0.010457928,0.015505634,0.0072821788,0,0,0,0.006769198,0,0.0021129949,0.021078024,0.012339828,0.0037025854,0,0.0016419623,0.013427943,0.01309869,0.010138657,0.026129466,0.025928587,0.0081268791,0,0,0.001672158,0,0.012769436,0.03773845,0.060076971,0.071009576,0.045208409,0.054554723,0.049407165,0.023933709,0,0.024667706,0,0.027853373,0,0.022120023,0,0.025545755,0.014152232,0.024561007,0.020302514,0.016485272,0.015381408,0.0278058,0.013581221,0.035525762,0.0058628833,0,0,0,0,0,0.0060713668,0,0,0,0,0,0,0,0,0,0,0,0,0,0,0,0,0,0.0091382042,0.01426293,0,0,0.005008006,0.012590608,0.011020857,0,0,0,0,0,0,0,0,0.0058133071,0,0.002363533,0,0.012164747,0.0089767314,0.0062963604,0,0.001666932,0,0,0.0068827667,0,0,0,0,0,0,0,0.0080506811,0,0,0,0,0,0,0.0082311947,0,0.0014299841,0,0,0,0,0,0.013299054,0.0046992353,0,0.013738899,0,0,0,0,0.010574557,0.022949852,0.030615399,0.0032890718,0,0,0,0,0,0.021220336,0,0,0,0.017511752,0.017552886,0.0090491241,0,0,0,0.022345405
0,0.0048131472,0,0,0,0,0.0076113967,0.0055703321,0,0,0,0,0,0,0,0.0025418666,0.0084420275,0.0044088839,0,0,0.00062848837,0,0.0083453506,0.0071098479,0.0019089974,0,0,0,4.9175149e-05,0.0006964138,0,0.0038752791,0.016439196,0.0036072792,0.011220488,0.006880912,0.0075821206,0.0095907357,0.0097678211,0.020117231,0.0064227171,0.0099496664,0.022275355,0.0054325936,0.0084792841,0.022434976,0.0027853833,0.0084528718,0.0039541703,0,0,0.0014028836,0,0,0.0018567492,0,0,0.0010379801,0.001840873,0,0.00089251308,0,0,0.032621495,0.056893669,1.9362447e-05,0.0026754872,0.018545313,0.035413504,0.0049737496,0.039528612,0.0038266077,0.017083351,0.034245197,0.010416402,0,0.00054504088,0.010802779,1.5217092e-05,0,0,0,0.0049502188,0,0.016920637,0,0,0,0,0,0,0,0.024853583,0.03607529,0.019860882,0,0.010035897,0.010391671,0.010486012,0.015225845,0.025558289,0.015627788,0.027431358,0.0019323796,0,0,0,0.00095250859,0,0.0029378645,0.043822851,0.090905651,0.01622846,0.045838069,0.0034308867,0,0,0,0,0.0070347153,0.0030317232,0,0,0.018262031,0.011891451,0.038435835,0,0.045087524,0.024487659,0.024203731,0.03948015,0.01988316,0,0,0,0,0,0.010490494,0,0.0062465123,0.0082069691,0.0091980388,0.0085304324,0.0022709975,0.0029023278,0.0094655249,0.016200472,0.0021451856,0,0,0,0,0,0,0,0,0,0,0,0,0.0003803164,0,0,0,0,0,0,0,0,0.0068361685,0,0.030105803,0.0065211253,0.010439458,0.019512877,0.0024408104,0.0047530434,0.022871101,0,0,0,0,0,0,0,0,0,0,0.014354843,0,0,0,0,0,0,0,0.008918466,0.007387504,0.024387261,0.0065855077,0,0.0045445957,0.0076645697,0,0.021916382,0.0023632627,0,0.013305706,0.014689147,0.0025087665,0,0.0044146711,0.0054998035,0.062332552,0.022076054,0.018001523,0,0,0,0,0,0,0,0,0,0.0053953184,0.00013554833,0.028733304,0.024029985,0.040666543,0.030013848,0.039418511
0,0,0,0,0,0.00049238501,0.0038107305,0.0013088931,0,0,0,0,0,0,0,0.0019938448,0,0.0027487122,0,0,0.0017957427,0.00086283043,0.0076847682,0.0055080135,0,0.0012275481,0,0,0,0,0.0027789301,0.0080842134,0.00064392912,0.0029583809,0.00069002598,0,0,0.00012412455,0.0042912611,0.0079659177,0,0,0.0021136249,0.0020387017,0.0037334438,0,0.0028327783,0.0047123833,0.0044944016,0.0038526752,0.0027171152,0.002538577,0.0040632971,0,0.0040582633,0.00052408746,0,0,7.7722085e-05,0,0.0019246048,0,0,0.0012999724,0,0,0,0,0,0,0.0069546737,0,0,0,0,0.01978958,0,0.013888928,0,0.00015239164,0,0.012046816,0.016482018,0,0.0050558876,0,0,0,0,0.00095994305,0,0,0.049975976,0.011651579,0,0,0,0.015722632,0.012431613,0,0.016375586,0.023791555,0.014021349,0.0018100282,0,0.012413396,0,0.015097694,0.044246994,0.040837489,0.053874709,0.016536385,0.046789318,0.057730071,0.021281969,0,0.034419443,0,0.040135346,0,0.024376495,0,0.040993072,0.021992598,0.041207455,0.020796392,0.02784029,0.0062888772,0.033761013,0.020266395,0.040601745,0,0,0,0,0,0,0,0,0,0,0,0,0,0,0,0,0,0,0.001254526,0,0,0,0,0,0,0,0,0,0,0.00058615103,0,0,0.00043818573,0,0,0,0,0,0,0,0,0,0,0,0,0,0,0,0.021286191,0,0,0,0,0,0,0,0,0.00055566133,0,0,0,0,0,0,0,0.021820236,0,0,0,0,0,0,0,0,0.010988065,0,0,0,0.0029095013,0,0,0.018263131,0,0,0,0,0,0,0.033600453,0.019174613,0,0,0,0,0.023068899,0.031611182,0,0,0,0,0.021439098
0,0,0,0,0,0,0,0,0,0,0,0,0,0,0,0.0043721916,0.0066810148,0.006254287,0,0,0.0022135556,0,0.0087542487,0.0026292326,0,0,0,0,0,0,0.0062442264,0.0096144257,0,0,0,0,0.0002318561,0,0.00026669836,0.0021189922,0,0,0,0,0,0,0,4.339624e-06,0,0,0,0.0034303092,0,0,0,0.0019938634,0,0,0,0,0,0,0,0,0.0039945496,0,0,0,0,0,0,0,0,0,0,0,0,0,0,0,0,0,0,0,0,0,0,0,0,0,0,0,0.057068814,0.053934872,0,0.015615148,0.0068115704,0.034168642,0.019212222,0,0.020074943,0.020708058,0.014786711,0.0034888252,0.0055514663,0.014295402,0,0.020336788,0.040496305,0.015630817,0.047717877,0.044831149,0.056126565,0.11269037,0.014695013,0,0.024851274,0.013379799,0.025368715,0,0.035308562,0,0.053071372,0.022977,0.052254956,0.04912027,0.011157358,0.022057543,0.06424994,0,0.046576578,0.0058708759,0,0,0,0,0,0.0022744117,0,0,0,0,0,0,0,0,0,0,0,0,0,0,0,0,0,0,0,0,0,0,0,0,0,0,0.0022526607,0,0,0,0,0,0,0,0,0,0,0,0,0,0,0,0,0,0,0,0,0,0,0,0,0,0,0,0,0,0,0,0,0.010831996,0.01142275,0.0023410686,0,0,0,0,0.00020897512,0,0,0.025104508,0.0027413329,0.0042507942,0,0,0.0041312478,0.022326071,0.052852262,0.055392206,0.0088873561,0,0.000456896,0.022881707,0.0015935752,0.0096474327,0,0,0,0,0.038316511,0.026946506,0.02454753,0.013269477,0.052442979,0.019865092
0,0,0,0,0,0,0,0,0,0,0,0,0.006359885,0,0,0,0.0066311336,0.0020169774,0,0,0,0.0036961571,0,0.001891879,0.0066281767,0.0012878063,0,0,0.01544484,0.0031129788,0,0.011331907,0,0,0,0,0,0,0.0050697485,4.2559597e-05,0,0.0031833171,0,0,2.5975693e-05,0,0.0044695423,0.005337025,0.010381921,0.00048084027,0.0033537815,0.0019979104,0.011945602,0,0.0021791991,0.00066279096,0,0.0010788031,0.0051938239,0,0,0,0,0,0,0.0013080322,0,0,0,0,0,0,0.00015356485,0.0001627046,0,0.004116219,0.00066133606,0.0060523441,0.0023231267,0.015098514,0.0041878549,0.013012583,0.0081042936,0.0056825061,0,0.002407952,0,0.0080895312,0,0.012817064,0,0,0.012292881,0,0,0,0,0.010842337,0.021466823,0.011556985,0.010164449,0.0060843215,0.0020845428,0,0.004395775,0,0.002373229,0.0048100716,0.018982541,0.015557041,0.024264585,0.0043633748,0.022159198,0.016189955,0.024730623,0.017404165,0.0096609769,0,0.020505669,0.02262675,0.031373899,0.017938353,0.019266127,0.01744872,0.017132003,0.009418129,0.017733358,0.0048395093,0,0,0,0,0,0,0,0,0,0,0,0,0,0,0,0,0,0,0,0,0,0,0,0,0,0,0,0,0,0,0,0,0,0,0,0,0,0,0,0,0,0,0,0,0,0,0,0,0,0,0,0,0,0,0,0,0,0,0,0,0.00015477536,5.5027594e-05,0.0082210992,0,0,0,0,0,0,0,0,0,0,0,0.0090465304,0.0014199333,0.0031266562,0,0,0.010329306,0,0.0026129414,0.0031896788,0,0.013034535,0,0.013272686,0,0,0,0,0,0.0091000414,0,0,0,0.004324066,0.027071372,0.017726604,0.0047599045,0,0,0,0.00015042914
0,0,0,0,0,0,0,0,0.016922135,0.0080970833,0,0,0.0036971148,0,0,0,0,0.011210995,0,0,0,0.012656177,0,0.0049423138,0,0,0,0,0.012393778,0,0,0,0,0,0,0,0.00014244103,0,0,0,0,0,0.0074664555,0,0,0,0,0,0,0,0,0,0,0,0,0,0,0,0,0,0,0,0,0,0,0,0,0,0,0,0,0,0,0,0,0,0,0,0,0.0070120757,0,0.0017839093,0,0,0,0,0,0.068306573,0,0,0,0,0,0,0,0,0.025053566,0,0.013740666,0.0063554458,0.0049066176,0,0,0,0,0,0,0,0,0,0,0,0,0,0.016996354,0.032653149,0,0,0,0.011553404,0.03385178,0.011386326,0,0.010302172,0.024796508,0.0068266876,0.029184466,0,0,0.0083488021,0,0,0,0,0,0,0,0,0,0,0,0,0,0,0,0,0,0,0,0,0,0,0,0,0,0,0,0,0,0,0,0,0,0,0,0,0,0,0,0,0,0,0,0,0,0,0,0,0,0,0,0,0,0,0,0,0,0,0,0,0.065390274,0,0,0,0,0,0,0,0,0,0,0.0014778965,0,0.0059838099,0.0021505903,0,0,0.012184052,0,0,0,0.0082339598,0.0088278363,0,0,0,0,0,0,0,0,0,0.082647525,0.010395849,0,0.015108483,0,0,0,0,0,0
0,0,0,0,0,0,0,0,0,0,0,0,0,0,0,0.00047473516,0,0.0029015534,0.0016630696,0,0,0,0.0023691307,0,0,1.0463935e-05,0,0,0.006187628,0.0036569976,0.0026658503,0.0081376517,0,0.00060551416,0,0.0035814797,0,0,0.0014273613,0.0046718167,0.0017784169,0.0010208067,0,0,0,0.0036734894,0,0.0040628714,0.0030509443,0.0066825179,0.0031145755,0.0068900473,0.0023964592,0,0.0009816431,0.001383977,0,0.002143634,6.7405235e-05,0,0.0022928966,0,0,0,0,0,0,0,0,0,0,0,0,0,0,0.0096300747,0,0,0.00083333545,0.0077853044,0,0.012401951,0.0030125263,0,0,0,0,0,0,0.0017941175,0,0.0074363789,0.0058579021,0,0,0,0.014332473,0.015889104,0,0,0.017832566,0.018848684,0,0,0,0.015530488,0,0.015667615,0.035084553,0.020926002,0.025642585,0,0.035455301,0.026755799,0.0098393839,0,0.036712814,0.012804319,0.061841626,0.0073691541,0.021259597,0.0014777734,0.037410434,0.018489128,0.02456541,0.0094232988,0.028820267,0,0.018046487,0.0084800655,0.011033889,0,0,0,0,0,0,0.0012958923,0,0,0.0019069118,0.00065611012,0,0,0,0,0,0,0,0,0,0,0,0,0,0,0,0,0,0,0.003707153,0,0,0.0042130025,0.00060230296,0,0,0,0,0,0,0,0,0,0,0,0,0,0,0,0,0,0,0,0,0,0,0,0,0,0,0,0.0044824993,0,0,0,0,0,0,0,0,0,0,0,0,0,0,0.010965617,0,0,0,0,0.0040331809,0,0,0,0.0026932703,0,0,0,0,0.042162806,0,0,0.00035057712,0.011842559,0.019584086,0,0,0,0.0042286799,0
0,0,0,0,0.011050439,0,0,0,0,0,0.0071394816,0.0024686547,0,0,0.016826179,0,0.0092059569,0,0,0,0.0053118598,0,0.0034656108,0,0,0,0.012263379,0.010220035,0,0,0.025399685,0,0,0.0098889805,0,0.0039594597,0,0.0065476513,0,0,0,0,0,0.0021381651,0,0,0,0,0,0,0,0,0,0,0,0,0.010293923,0,0,0.00044823525,0,0.020376163,0.027957251,0,0,0,0,0,0,0.00013491967,0,0,0,0,0,0,0,0,0,0,0,0,0,0,0,0,0.027065158,0,0.023876492,0,0,0.013953822,0,0.002929175,0,0.028547782,0,0.003273227,0,0,0,0.0032241463,0.0060954378,0,0,0.025704641,0,0.017123375,0.00065021601,0,0,0,0,0.013043809,0,0,0.011686639,0.079833969,0.0047912402,0.0016098808,0,0,0.0025812068,0,0,0,0,0.0035238252,0.013026386,0.0012785124,0.014599073,0.01088047,0,0,0.0050912159,0,0,0,0,0.00049583451,0,0,0,0,0,0,0,0,0,0,0,0,0,0,0,0,0,0,0,0.0058753239,0,0,0,0,8.7132779e-05,0.024123587,0,0,0,0,0,0,0,0,0,0,0,0,0,0,0,0,0,0,0,0,0,0,0,0,0,0,0.070891127,0.0072655133,0,0,0,0,0,0,0,0.0082859267,0.0044187,0,0,0,0,0,0.0025968854,0,0,0,0,0,0.0053809853,0,0.030930385,0,0,0,0,0.004876934,0,0.001111468,0,0,0,0,0,0,0.0085831843,0.00440219
0,0,0,0,0,0,0,0,0,0,0,0,0,0,0.0015672359,2.4079884e-05,0,0.003307746,0.00065540115,0,0.0019325601,0,0.0047791516,0,0,0,0,0,0.0055532237,0.006881366,0.0072726989,0.011614074,0,0.0044576214,0,0.0030421743,0,0,0,0.0049094479,0,2.365359e-06,0,0,0,0,0.00023686564,0.013322907,0.005391899,0.004349737,0.0053352802,0.0095168781,0.0036829654,0.0015072968,0.0078638252,0.00073373097,0,0,0,0,0.0039244122,0,0,0,0,0.0036654868,0,0,0,0.0039464342,0,0,0.001693099,0,0.018968945,0.018389037,0,0.0043040989,0.0070448378,0.017187577,0,0.045498013,0.0099318186,0,0,0.00080256409,0.0025753391,0,0,0,0,0.0076592504,0.01804534,0.005351949,0,0.0012744369,0.0024906218,0.033988185,0.0066638761,0.017954618,0.041361853,0.03318977,0,0,0,0.016082378,0,0.012947222,0.03731098,0.034671441,0.029290006,0.001168851,0.042024191,0.028139571,0.021153668,0,0.062760308,0.006218507,0.10893381,0.0068393908,0.02057023,0.0034090329,0.04225019,0.02867125,0.028393378,0.0087798927,0.037004136,0,0.015710987,0.0071128979,0.013594312,0,0,0,0.0021983653,0,0,0,0,0,0,0,0,0,0,0,0,0.00073137635,0.00028264595,0.00044585657,0.0032915459,0,0,0.0014770126,0,0,0,0.001312036,0.00077005901,0,0,0,0,0.00075811992,0.00083046482,0,0,0.00031825222,0,0,0,0,0,0,0,0,0,0,0,0.0087062046,0.0060511786,0,0.002792534,0,0,0,0,0,0,0,0,0,0,0,0,0,0,0,0,0,0.0045878063,0,0,0,0.0014065815,0,0,0.0095949965,0,0,0,0,0.0087354761,0,0.01680295,0.0012026997,0,0,0.011640705,0.010986854,0.019817565,0.036387134,0,0,0,0.014322124,0.02291837,0,0,0,0.0030543755,0
0,0,0,0,0,0,0.0095116151,0,0.0024229879,0.0041684173,0,0,0.0061825253,0.0022385053,0.0062934584,0.0061119245,0,0.0062013455,0,0,0,0,0.011541262,0.0067110779,0.0030279586,0.0036330589,0,0,0.0054543125,0.0066701188,0.005729367,0.0082647838,0,0,0,0,0.00025443069,0.0023585064,0.0045077428,0,0,0.0039880592,0,0,0,0,0,0.0039634244,0,0,0,0,0,0.0054328637,0,0,0,0,0,0,0,0,0,0,0,0,0,0,0,0,0.0015343423,0,0,0,0,0,0,0,0,0,0,0,0.016599206,0.014844025,0.0089836717,0,0,0,0,0,0,0,0,0,0,0,0.017242666,0.0036555971,0.027508471,0.0060907109,0.0010200865,0.0011050795,0.014070148,0.012179178,0.016375195,0,0,0,0.0083251223,0,0,0.0071946001,0,0,0.021240672,0.011417224,0.0062915422,0.0022272887,0.0056174737,0.059139621,0.054888714,0.049547426,0.023744084,0.018216595,0.018001765,0.029586911,0.012931178,0.020086804,0.039165042,0.03826407,0.023343107,0.0027269623,0,0,0.0018739689,0.0011725319,0,0.004645674,0,0,0,0,0,0,0,0,0,0,0,0,0,0,0,0,0.0050903168,0,0,0.00022782905,0,0,0,0,0,0,0,0,0,0,0,0,0,0,0,0,0,0,0,0,0,0,0,0,0,0,0,0,0,4.1494168e-05,0.0038056378,0,0,0,0,0,0,0,0,0,0,0,0,0.0049000154,0.010700708,0.0022905809,0,0.010709487,0.011476447,0,0,0.012647437,0.0039732843,0.021614101,0.011087405,0,0,0,0,0,0,0.0069881277,0,0.0038815122,0,0.039547507,0.015264526,0.027749985,0.019321809,0.019636834,0.0092798229,0.012408142,0.027367231,0.0094319135
0,0.0076118195,0,0,0,0.0033023104,0,0.0032265838,0,0.006740462,0,0,0.00087995024,0,0,0,0,0.011731718,0.0045350892,0,0,0.0038519041,0.0031360355,0.0050228518,0.0012307897,0,0,0,0.0088891322,0,0,0.0061114654,0,0,0,0,0.0017902229,0,0,0.0021471982,0.0035812147,0,0.0040163444,0,0.0029403132,0,0,0,0.00041225186,0.0023000375,0,0,0.01247026,0.0046273945,0,0,0,0.011338493,0.003783003,0,0,0,0,0,0,0,0,0,0,0,0,0,0,0,0,0,0,0,0,0,0,0.0016226212,0.017955737,0.0010861569,0,0,0,0.01122441,0,0.0050860853,0,0,0,0,0,0,0.012331972,0.0079220096,0.036530409,0.002552218,0.0092859743,8.2373721e-05,0,0,0.0020965859,0,0.019839579,0.0024827223,0.026964998,0.010203777,0.021436313,0.003381392,0.023863196,0.036116656,0.030342415,0.034063764,0.020106051,0,0.018829312,0.055059284,0.11654951,0.030300746,0.059389472,0.034777366,0.041406807,0.032672994,0.026793251,0.0077386587,0.041544888,0.032280736,0.014830532,0,0,0,0,0,0,0,0,0.0029491163,0,0,0.0039793719,0.0057542734,0,0,0,0,0,0,0,0,0,0,0.0031130775,0,0,0,0,0,0.0090633826,0.0029342789,0,0,0,0,0,0,0,0,0,0,0,0,0,0,0,0,0,0,0.00039567653,0,0,0,0,0,0,0,0,0,0.016367681,0,0,0,0.005179638,0,0,0,0,0,0,0,0.0044480301,0,0,0.0028403534,0,0.016179737,0,0,0,0.010628921,0.013552092,0,0.022891814,0,0,0,0,0,0.0085577993,0.010983968,0.024244715,0.024209861,0.0097225122,0.078116924,0.042894375,0.013534847,0.0074492446,0,0.022074964,0
0,0.0036571193,0,0,0,0,0.017750984,0.013988798,0.0080051515,0.0074811219,0,0,0.015070495,0.0062349634,0,0.007148928,0,0.0055700447,0,0,0,0.0090707652,0.018143769,0.015846195,0.0036984854,0.0021187465,0,0,0.018451914,0.0076941075,0,0.0097564496,7.6271886e-06,0,0,0,0,0,0.0085797347,0.0027130167,0,0.011348804,0.00425437,0.0050938968,0.012456682,0.0068033347,0.0066931867,0,0.013125306,0,0,0,0.020092482,0.024864124,0,0,0,0.010687979,0.0078337174,0,0,0,0,0,0,0,0,0,0,0,0.013719985,0.0022661036,0.013269785,0.012552641,0,0,0,0,0.0072038295,0.032582488,0.013671018,0,0.044274487,0.061962683,0.036165059,0.014942974,0,0.0019510085,0,0,0,0,0.0093254466,0,0,0,0.012564418,0,0.019621342,0.02317737,0.0049648643,0.00050033408,0.016948003,0.017895395,0.026229003,0,0.0044544199,0,0,0.002066911,0,0,0,0,0.016635379,0.010972829,0.00018188255,0,0.0022602337,0.050040506,0.030035755,0.088648841,0.0099144569,0.042698413,0.0070559485,0.014765734,0.021860056,0.0085359076,0.017196978,0.034435146,0.012640367,0,0,0,0,0.0053012441,0,0.0076321578,0,0,0,0,0,0.0090888198,0.0078634592,0.0080041941,0,0,0,0,0,0,0,0,0.020879138,0,0,0.0057097408,0,0,0,0,0,0,0,0,0,0.0026741235,0,0,0,0,0,0,0.0087413089,0.0038019996,0,0,0.00085103605,0.0080636218,0.011581009,0.0094804186,0,0,0.0015004501,0.023369052,0.0062873745,0.02102707,0.023579201,0.021522854,0,0,0,0,0,0,0.011708247,0,0,0,0,0,0,0.017386504,0,0.032101288,0.020870421,0,0.013862716,0.013629685,0.01040169,0.048339747,0.024495523,0,0,0,0,0.0057429047,0,0,0,0.0040434641,0.0036421395,0.014527063,0.028438997,0.012573431,0.0074753249,0.005183191,0.0010179282,0.0011435051,0.0017569499,0.0068124682
0,0.0038509264,0,0,0.0008691593,0,0,0,0,0,0,0,0,0,0.0043538343,0.0035021279,0.0067814165,0.0058968067,0,0,0.0025257268,0,0.0036992431,0,0,0,0,0,0.0045619467,0.00038734422,0.0080516841,0.012654838,0,7.633918e-05,0,0,0,0,0,0.0017295538,0,0,0,0,0,0,0,0,0.0022173177,0,0,0.0047287848,0,0.002293217,0.0021445481,0.0030390953,0,0,0,0.0022557196,0.006517251,0,0,0,0,0,0,0,0,0,0,0,0,0,0,0,0,0,0,0,0,0,0.017978521,0,0,0,0.0065979697,0,0,0,0,0,0,0,0,1.5397147e-05,0.0011476062,0.029410973,0.016429698,0,0.01703958,0.015188416,0,0,0.0057256734,0.018573971,0,0.013401377,0.026414338,0.016090542,0.025433391,0,0.040739115,0.054324608,0.018593226,0,0.036569949,0.003495615,0.040482722,0.023837153,0.059740465,0.010134576,0.13814162,0.059221786,0.038436476,0.043730527,0.034665812,0.0078516733,0.044324759,0.025197748,0.025426503,0.0027389652,0,0,0,0,0,0,0,0.00031456642,0,0,0,0,0,0,0,0,7.9491358e-05,0,0,0,0,0.00016299654,0,0,0,0.0037199273,0.0025352775,0,0,0,0,0.0001609953,0.0043529794,0,0,0,0,0,0,0,0,0,0,0,0,0,0,1.9547979e-05,0,0,0,0,0,0,0,0,0,0,0,0,0,0,0,0,0,0,0,0,0,0.0011973403,0.0020790689,0,0,0.0017960323,0,0.0098520052,0,0,0,0,0.014505004,0,0.032727689,0.015057772,0,0,0.0038239013,0.017884351,0.01031136,0.022354515,0,0.013968371,0.00058566604,0.046099976,0.073753253,0.01491117,0.011684425,0.0011781503,0.028117936,0
0,0.0039980561,0,0,0,0.0019200274,0.0084673632,0.0074724951,0,0.0021415211,0,0,0.0046206978,0,0,0.0083260993,0,0.0057407646,0,0,0,0.0041156998,0.014511782,0.010731078,0.0032400147,0,0,0,0.010517506,0.0031095429,0,0.01808076,0,0,0,0,0,0,0.0027512396,0,0,0,0,0,0.00055813801,0,0,0.00081140979,0,0,0,0,0.0095712524,0.005394503,0,0,0,0.010743199,0,0,0,0,0,0,0.0082299002,0,0,0,0,0,0,0,0.0089131519,0.01165395,0.0086862305,0,0,0.0051303753,0,0.020508664,0,0.016438756,0.014406299,0.026857918,0,0,0,0.0044843103,0,0,0,0,0.042183924,0.031488422,0.02219459,0,0.019241238,0.027225379,0.028717514,0.032307196,0.046054073,0.033318851,0.0064501101,0.0016960669,0.016307846,0,0.006405028,0,0.018605318,0.0028710542,0.013630909,0.019080268,0.022317018,0.024629034,0.01682413,0.010006719,0.01811046,0,0.028007293,0.017986601,0.034771189,0.04249214,0.059520096,0.13806477,0.038436867,0.037923116,0.064823896,0.0020970113,0.01338583,0.027203415,0.014861599,0,0,0,0,0,0,0.0031649466,0,0.0004829783,0,0,0,0,0,0,0,0.0022154923,0,0,0,0,0,0,0.0017244589,0,0.0011502607,0,0,0,0.0089139296,0,0,0,0,0,0,0,0,0.002287467,0,0,0,0,0,0,0,0.01080736,0.0022517019,0.00043817377,0,0,0,0,0,0.0097261723,0,0.00067935267,0,0.001473133,0.0042030225,0,0,0,0,0,0.012938018,0.013710628,0.015353223,0,0.016948259,0.013975499,0.0081872921,0.017909942,0.027726997,0.008420838,0.021113403,0.030926922,0,0,0.015643055,0.020406185,0.053004168,0,0.010854961,0.019297309,0,0.0070579313,0,0.013179181,0,0.012458335,0.0061449278,0.0057086209,0.0042625838,0.02187204,0.025521731,0.018984277,0.02055653,0,0.0052672867,0.0059850668
0,0,0,0,0,0.00080682663,0.0043248157,0.0048936754,0,0,0,0,0,0,0,0,0,0.014039868,0,0,0,0.0044684568,0.005516015,0.0091255289,0,0,0,0,0.0055294409,0,0,0.0078594387,0,0,0,0,0.0028950081,0,0.0016943706,0,0.00092652102,0,0.0055768951,0,0.0040083104,0.0022777475,0,0,0,0,0,0,0.012941236,0,0.00095120259,0,0,0.018389691,0.0035145723,0,0,0,0,0,0,0,0,0,0,0,0,0,0.0016188225,0.016510211,0,0,0,0,0,0,0,0.0030808437,0.024693336,0,0,0,0,0,0,0.0084366808,0.0017929133,0,0.043417774,0.018313568,0,0,0,0.020750972,0.034405567,0.022517007,0.046580959,0.052373528,0,0,0.00094811554,0,0.025906906,0,0.034074705,0.010754902,0.023144465,0.011416524,0.040151071,0.05279956,0.01581398,0.024640793,0.023160558,0,0.026009088,0.017315324,0.040906906,0.0063607157,0.037851982,0.036553953,0.1067131,0.063971654,0.04055116,0.0015169109,0,0.031194549,0,0,0,0,0,0,0,0,0,0.0060624992,0,0,0,0.01191582,0,0,0,0,0,0,0,0,0,0,0,0,0.002632003,0,0,0,0.015288221,0.0035651582,0,0,0,0,0,0,0,0,0,0,0,0,0,0,0,0,0,0.0058234297,0,0,0,0,0,0,0,0,0,0,0,0,0,0,0.0053663892,0,0.0030707391,0.0059464392,0,0,0.00095539109,0,0.0050687077,0.0036740969,0.0089949667,0.0011234087,0.021869723,0.04866581,0,0,0,0.0052829864,0.026999775,0.0087398905,0.030351022,0.026997466,0,0.026470359,0,0,0.0055073565,0.006879691,0,0.0056269369,0,0.024478454,0.028745184,0.019109698,0.020067932,0,0.01868419,0
0,0,0,0,0,0,0.0057162279,0.0089993803,0,0,0,0,0,0,0.0037853527,0.0037355386,0,0.011952346,0,0,0,0,0.0095599294,0.01142122,0,0.0043436373,0,0,0.0012752221,0.00088091975,0.0052315379,0.009866761,0,0,0,0,0.004543141,0.00053546589,0.0032347005,0,0.0038169399,0,0,0,0,0,0,0.0040354459,0.0024014467,0,0,0.00059197086,0.00020778652,0,0.003530642,0,0,0.0035602232,0.0030948785,0,0.00057088479,0,0,0.0035546932,0.0086935256,0,0,0,0.005476932,0,0,0,0.011835211,0.041899938,0.0042065913,0,0,0,0,0,0,0,0.03498894,0,0.0032685604,0,0,0,0,0,0,0,0.038290758,0.030602638,0.016728157,0,0.01511551,0.019405151,0.034335814,0.027643833,0.031210583,0.020953078,0.018779512,0.0041173901,0.0086522158,0,0,0.005121049,0.014539328,0,0.018979881,0.038480226,0.019843189,0.049697466,0.0080919061,0.006639204,0.0078769978,0,0.0068079168,0.028867107,0.032021429,0.013953018,0.043132044,0.036604639,0.064015359,0.10316906,0.031641759,0.032139033,0.038821515,0.040778838,0,0.012572238,0,0,0,0,0,0,0,0.0028435802,0,0,0,0,0,0,0,0.0050269645,0,0,0,0,0,0.00088291324,0,0,0,0,0,0,0.0048942892,0,0,0.0022221967,0.0012306153,0,0,0,0,0,0,0,0,0,0,0,0,0.014961002,0,0,0,0,0,0,0,0,0,0,0.0010344795,0,0,0,0,0,0,0,0.0017375894,0,0.018432816,0,0.0029506998,0,0.020995626,0.0054471549,0.013388457,0.0069106207,0.023085445,0.023647282,0,0.0048167328,0.0044729123,0.011417592,0.01733797,0,0.028352538,0.029775321,0,0,0,0.010466903,0,0,0,0.016514651,0.002282318,0.022655809,0.023042392,0.049818777,0.03890755,0,0.034455266,0.029052228
0,0.0010528271,0,0,0,0.0058968752,0,0.0041815164,0,0,0,0,0.0068974136,0,0,0,0,0.0076869763,0,0,0,0.01010845,0.0025460224,0.0077474713,0,0,0,0,0.016633498,0.0024539654,0,0.0051281163,0,0,0,0,0,0,0,0,0.00069530855,0,0.0034999209,0,0.0094303116,0.0081991348,0,0,0,0.0025431421,0,0,0.025887772,0.0053245486,0,0,0,0.028535202,0.0099664237,0,0,0,0,0,0,0,0,0,0,0,0,0,0,0.011367746,0,0,0,0,0,0.012318732,0,0.031349026,0.022506233,0.018178957,0,0.020242397,0,0.024390157,0,0.014087057,0,0,0.0098689506,0,0,0,0.015660215,0,0.022430085,0.011069023,0.02188012,0.011910905,0,0,0.0096771177,0,0.03989502,0,0.01841094,0.013344066,0.016774954,0,0.028618926,0.012275524,0.01761106,0.029197788,0.028948393,0,0.036697738,0.013189524,0.027361806,0.022430332,0.035249501,0.065025717,0.041746233,0.032479547,0.17246738,0,0.0053162524,0.01039066,0,0,0,0,0,0,0,0,0,0,0,0,0.0055919243,0,0,0.003876565,0,0,0,0,0,0,0,0.00015419487,0.0061033503,0.00062099879,0.013576259,0,0,0,0.027731914,0.0096248211,0,0,0,0,0,0,0,0,0,0,0,0,0,0,0,0.0052652443,0,0,0.0034070134,0,0,0,0,0,0,0,0,0.022361767,0,0,0,0,0.018172245,0,0,0,0,0,0.0063103847,0,0,0.0015522218,0.00070778548,0.0019048622,0.01021986,0.024262559,0,0,0.0065015047,0.015800236,0.055375248,0,0.0041862358,0,0,0.039619129,0,0.013247986,0.017933849,0.010117612,0.03199891,0.00075928419,0,0.0072614127,0.019259606,0.00092502369,0.013728956,0,0,0
0.012198774,0.0095370617,0,0,0.0071774772,0,0.0065764775,0.0049038222,0,0,0,0,0,0,0.0019429922,0,0.014022956,0.01258261,0,0,0.0077093905,0,0.0072716051,0.0075753853,0,0.00060637406,0,0,0,0,0.0039893622,0.0012982645,0.019291855,0.012101024,0.008520253,0.013216294,0.0065511214,0.035793725,0.019998658,0.0074619614,0.0053288811,0.029939866,0.007065834,0.036483534,0.023791485,0.013137436,0.0041807322,0.010322512,0.011747532,0,0,0.00787705,0,0.005836871,0.0078830514,0.0084093008,0.00028493608,0,0.003752246,0.0013460479,0.0076065995,0.0014657006,0,0,0.017718669,0,0.0027070236,0,0.011350406,0.0047127614,0.020760853,0.0034436737,0.0014575317,0.0079423077,0,0,0,0,0,0,0,0,0,0.0012207709,0.014650431,0,0,0,0,0,0,0,0.0012633918,0.016410276,0,0,0.0020564634,0,0.0095039876,0,0.013564604,0.0029074182,0.04736473,0.014345422,0.0056593297,0,0,0.0061263228,0.0057499786,0.0011839074,0.015049477,0.047070354,0.0069339387,0.024193875,0.0042032679,0,0,0.0042134859,0,0.020721009,0.0080417814,0.0090896934,0.0081091337,0.0029892919,0.0028005221,0.033514805,0,0.072065093,0.05613168,0.032261651,0.043779574,0.03498238,0.0023339398,0.024870951,0.011179881,0.01180049,0.0067735971,0.017837433,0.026187394,0.0081432713,0.017108586,0.021866269,0.0055350768,0.0076252334,0.018930454,0.014995404,0.0085825156,0.0052191983,0.0034721694,0.0070030144,0.0061335107,0,0,0,0.0065354118,0,0,0.0040233005,0,0.00061006501,0,0,0,0.0079634646,0.0050077252,0.0018980406,0.0021345885,0.0069963532,0,0,0,0.011196116,0,0.0037410997,0.0098281559,0.00073810254,0,0,0,0,0.0035835509,0,0,0,0,0,0,0,0.010195759,0,0,0.0040258421,0,0,0,0,0,0,0.012164395,5.806901e-05,0,0,0.010778252,0,0.0076888874,0,0,0,0.030944547,0.010934875,0.0014825829,0.0016173336,0,0.038870487,0.019999065,0.014110429,0.00075221894,0,0.0079110097,0,0,0,0,0,0.0025200015,0.0095392764,0.0042852024,0.027611008,0.017686915,0.066600084,0.046332728,0.034560028
0.0093459804,0.0086593684,0,0,0.0038559348,0,0.0045693805,0.0036920968,0,0,0,0,0,0,0.004708339,0.0034595225,0.013742154,0.010995769,0,0,0.0061977445,0,0.0080129644,0.0071990239,0.002058614,0.00099309185,0,0,0,0,0.0071699554,0.0074223438,0,0.003938633,0.0022052915,0,0.0054852604,0.010094626,0.0080253966,0.0013532729,0.0040080911,0.003921106,0,0.0040787794,0,0,0,0.0033488073,0.0043989583,0,0,0.0049941493,0,0.0084128324,0.0043613133,0.0058314474,0,0,0,0,0.0032613422,0.0013740521,0,0,0,0,0,0,0,0,0,0,0,0,0,0,0,0,0,0,0,0,0,0.0073159412,0.0078876736,0,0,0,0,0,0,0,0.012046354,0.014503399,0,0.0020947694,0,0.0099375434,0.011405224,0,0.010167463,0.0066477479,0.034467097,0.024280971,0.011739389,0.013801696,0,0.020531941,0.029726718,0.0081012221,0.026032249,0.023804352,0.032827392,0.06479086,0,0,0.016393611,0.013448732,0.013741357,0.038416471,0.040810827,0.016813032,0.04348167,0.013290642,0,0.038592394,0.0049117017,0.053724654,0.06389989,0.066082761,0.069538765,0.012924792,0,0.0024451124,0.0026170639,0,0.0042685857,0.010537243,0.0050222147,0.0053748465,0.0027170407,0.0013616667,0,0,0,0,0,0.0010437247,0,0.00084757077,0.00097776076,0,0,0,0,0,0,2.3308563e-05,0,0,0,0,0,0.00084605691,0.0011674733,0.0007707997,0,0,0,0,0,0,0,0,0,0,0,0,0,0,0,0,0,0,0,0,0,0,0,0,0,0.0058165239,0.0011115113,0,0,0,0,0,0.0041450774,0,0,0,0.005197458,0,0,0,0,0,0.018270357,0.016987186,0,0,0,0.022185227,0.044505149,0.033494063,0.013566171,0,0.0082126092,0.018103912,0.004450432,0.0029708382,0,0.0176742,0,0.030450502,0.030972566,0.021832265,0.016933668,0.029781872,0.070748098,0.027217153
0.0012805297,0.01120004,0,0,0,0,0.010864629,0.0084125493,0,0,0,0,0,0,0.00048860692,0.0058261072,0.0016797781,0.013495423,0,0,0,0.00011789537,0.012571922,0.012076981,0.0026469259,0,0,0,0.0044029048,0.00067761861,0,0.0086907726,0,0,0,0,0,0.0011827365,0,0,0,0.001910102,0,0,0.00078234123,2.0270052e-05,0,0.0026407312,0.0017978955,0,0,0,0,0.010075549,0,0,0,0.0025884234,1.165072e-05,0,0,0,0,0,0.0014675386,0,0,0,0,0,0,0,0,0,0,0,0,0,0,0,0,0,0.0046943282,0.015097489,0.020344673,0,0,0,0,0,0,0,0.03140147,0,0.003519319,0,0,0.015549396,0.02214442,0.012206377,0.017030174,0.0086296629,0.029511526,0.035255503,0.025113013,0,0,0.0013564171,0.017167699,0.00064202555,0.01140583,0.023095105,0.019207697,0,0,0.0079582846,0.0070581795,0.0014205246,0.0053343521,0.037004281,0.031244526,0.033088986,0.024541143,0.026352718,0.031462826,0.040347286,0.0098295808,0.029495561,0.065484747,0.045445312,0.042396523,0.0046603521,0,0,0,0,0,0,0,0,0,0,0,0,0,0,0,0.0040230243,0,0,0,0,0,0,0.0020047768,0,0,0,0,0,0,0,0,0,0,0,0,0,0,0,0,0,0,0,0,0,0,0,0,0,0,0,0,0,0,0,0,0,0.0019630799,0,0,0,0,0,0,0,0.003813907,0,0.016025398,0,0,0.011450307,0.010691348,0.0035833537,0.0061018365,0,0.014251404,0,0.020905349,0.024668355,0.0097705293,0.011436103,0.010331677,0.019734075,0.02786178,0.036997505,0,0,0,0,0,0.0020809521,0.0050950041,0.017634304,0.0033080927,0.020748988,0.021902824,0.022940928,0.020311901,0.017844897,0.046206843,0.020103348
0.0063502965,0.0040303287,0,0.0023145368,0.012065358,0,0.011584107,0.0063639386,0,0,0,0,0,0,0.011266844,0.0060151676,0.0062518916,0.0042276825,0,0,0.011088099,0,0.013016631,0.0078283008,0,0.0051051797,8.0525853e-05,0,0,0.00063174509,0.015133595,0.0098713599,0.0090452228,0.015201042,0.011869278,0.011613221,0.0057657901,0.016300322,0.015449489,0.010344496,0.00081821287,0.015972739,0.0014397323,0.017407572,0.00032013393,0,0.0052007958,0.011603875,0.0083141457,0,0,0.010402483,0,0.013590125,0.0078187743,0.012544384,0.0067026773,0,0.00035186746,0.0060640285,0.0096588079,0.010979277,0.010885426,0.0011574391,0.016367631,0.0011604156,0.0056477338,0.0061606131,0.016091831,0.01028212,0.046112135,0.0087728817,0.0063525559,0.0076676444,0,0.006365505,0,0,0.0015370131,0,0,0,0.0099492669,0.011765316,0.033840962,0,0,0,0.0021386598,0,0,0.0045525711,0.026531318,0.033018716,0.0068458607,0.013530771,0,0.012719885,0.015636927,0,0.016535215,0.018382762,0.052079756,0.023616776,0.0080067785,0.0086527402,0,0.012448771,0.023078579,0.016165527,0.033012044,0.03830779,0.039465781,0.046719138,0,0,0.0093258573,0.014762389,0.011559782,0.022473048,0.013802762,0.011972116,0.024583165,0.01390135,0,0,0,0.040664673,0.068920001,0.042786807,0.056825768,0.01632824,0.0054786112,0.0094614308,0.013987874,0.0075206859,0,0.014006059,0.01387987,0,0.012582297,0.013273211,0.00057646231,0,0.0096163098,0.0035447578,0.0074016578,0.0064680823,0.0080977594,0.0047976626,0.0068813576,0,0,0,0.0042914865,0,0,0.0029116333,0,0.0080064852,0,0,0,0.0092105027,0.0068434388,0.012488435,0.0092477743,0.011831242,0,0,0,0.014286188,0,0.0090839136,0.015450738,0.005137987,0,0,0,0,0,0,0,0.0018265002,0.00085395703,0,0,0,0.010478431,0,0,0.0078347381,0.0050158883,0,0,0.0049543306,0.0048651118,0.0085105002,0.020343583,0.0082155066,0.00052542076,0,0.019333605,0,0.0075722425,0.0053556492,0.0083079776,0,0.03290135,0.020462792,0.0010388886,0.0022426448,0.0026763002,0,0.041832518,0.028952751,0.015742216,0,0.01683807,0.01306919,0.0059660329,0.0070645348,0,0.010618273,0,0.014716682,0.016898848,0.029580181,0.019728005,0.034013893,0.052063785,0.054943152
0.0031581149,0.0071341,0,0.017596688,0.014762881,0,0,0,0,0,0.0013816622,0.0036737504,0,0,0,0.0024233712,0.0033483773,0.011209691,0,0.012999008,0.013748944,0,0,0,0.0018856365,0.0065484359,0.0036483214,0.0054176799,0,0,0.014875154,0.0014790769,0.032998834,0.0226941,0.01656187,0.010298478,0.00042838213,0.029401522,0.0077238716,0.0045861108,0.0019143017,0.015819183,0,0.016886171,0,0,0.0063277138,0.0085092969,0.0045390008,0,0,0.0061142989,0,0.00064770272,0,0.012784925,0.0056921639,0,0,0.0082221422,0.0013518151,0.015797621,0.040873155,0.01363077,0.0087565389,0.0061512254,0.00017288717,0.0075246552,0.015998751,0.0068498156,0.011307308,0.0054884083,0.0030414606,0.0038755641,0.0087507572,0.0029469144,0,0,0.011650433,0,0,0,0,0,0.0087731052,0,0.027234435,0,0.0047806515,0,0.0065621743,0.018099686,0,0.0088654412,0.0044352403,0.0087765167,0,0.0072066179,0,0,0.0021383169,0.0048271059,0.012669821,0,0.0030746341,0.014520195,0,0.0074372543,0.0032141178,0.0027997852,0.0057653636,0.021436382,0,0.0072409837,0,0,0,0.011384202,0,0.0035150782,0,0,0.0028584697,0,0,0.013661343,0,0.035277538,0.014365335,0.0064984546,0.01816868,0.05502779,0.017301589,0.039352737,0.019193344,0.0084238648,0.001807587,0.0071584336,0.019729275,0,0.0049049407,0.011933703,0,0,0.0054417644,0,0.0079489145,0.0041427934,0,0,0,0,0,0,0,0,0,0,0,0.011583081,0,0,0,0.0022224518,0.0052563772,0.015250862,0.024493549,0,0,0,0,0.0096063633,0,0.005446278,0.0081336778,0,0,0,0,0,0,0,0,0,0.011148375,0,0.0015831413,0.0017843761,0.005362473,0,0,0,0.011783054,0,0,0.010017025,0,0,0.0049337009,0,0,0,0.0082727661,0,0.0010075875,0,0,0,0.010297392,0,0,0,0,0.021917932,0,0,0.019155426,0,0.014480908,0,0,0,0,0,0,0,0,0.014388135,0.0015869455,0.033345558,0.014866424,0.017299626
0.0050820159,0,0.0037794102,0.027155107,0.019895483,0,0,0,0,0,0.0026036005,0.0081893969,0,0,0,0,0,0,0,0.019678345,0.011715031,0,0,0,0,0,0.010236084,0.011766148,0,0,0,0,0.0043555289,0.024580771,0.025021825,0.0065301745,0,0.011982834,0,0,0,0.0033356678,0,0.0088604251,0,0,0,0,0,0,0,0,0,0,0,0,0.015442358,0,0,0.011140091,0.0019037795,0.029628005,0.049165733,0.0086386167,0.0029030929,0.00055429153,0,0.0044354955,0.0029831594,0.004714163,0.0020414093,0.002493805,0,0,0,0,0,0,0.0061360719,0,0,0,0,0,0.0014710689,0,0,0,0.027178172,0,0,0,0,0,0,0,0,0,0,0,0,0.0092558227,0.0010584916,0,0,0.014693933,0,0.002700147,0,0,0,0,0,0,0,0,0,0,0,0,0,0,0,0,0,0,0,0.00266517,0,0,0.0062696794,0.017325941,0.055588454,0.022024173,0.028339231,0,0.021526149,0.0047308644,0.011646782,0,0,0.0041791871,0,0,0,0,0.0034843958,0.00072833162,0.0048431642,0,0.0014177616,0,0.0059923688,0,0,0,0,0,0.021700723,0.014344648,0,0,0,0.00067284552,0.010784189,0.029809039,0.057053186,0.0075352527,0,0.0026163696,0.0075553195,0.0070050387,0.0097459946,0.0081236269,0.0045149992,0.0011289155,0.010455513,0,0.0014204595,0,0,0.0072371261,0.017707007,0.0015846925,0.017361633,0,0.011602106,0,0,0,0,0.032240007,0.02090219,0,0,0.025539801,0,0,0.0014542562,0.040478598,0,0,0.010929292,0,0,0,0,0,0,0,0,0,0,0.0032930258,0,0,0.034175053,0,0.028034294,0,0,0,0,0,0,0,0,0,0,0.010205152,0.00018896427,0.0069228401
0.0098196846,0.017626205,0,0.0047620041,0.011181593,0,0,0,0,0,0.0019820165,0,0,0.00036903811,0,0,0.005097256,0.0033095577,0,0.001514517,0.0060287085,0,0,0,0,0,2.0868041e-05,0,0,0,0.0036485051,0,0.035120066,0.020584581,0.015825098,0.021942209,0.0078306962,0.020305214,0.015766408,0.0099697346,0.0099452883,0.022771416,0.016910288,0.02241696,0.010172353,0.016925085,0.0022088275,0,0,0,0,0,0,0.0019902501,0,0,0.0035878518,0,0,0,0,0.0052448399,0.0151383,0.01096486,0.01312978,0,0,0.0058796373,0.018766481,0.012506494,0.012130716,0.004079523,0,0,0,0,0,0,0,0,0,0,0,0,0.010829987,0,0,0,0,0,0.0053595463,0,0,0,0,0,0,0,0,0,0,0,0.0054185926,0,0,9.1355163e-05,0,0,0,0,0,0,0,0,0,0,0,0,0,0,0,0,0,0,0,0,0,0.02599887,0.004060661,0.0008445062,0.011570779,0.039841559,0.022111624,0.049536135,0.039224736,0.024210941,0.014644332,0.013215395,0.038378593,0.0095427604,0.016236607,0.025267785,0.022644576,0.013112431,0.019256664,0.017091239,0.029164355,0.0096837841,0.0094698835,0.0064356723,0.010612595,0.00079083396,0.0015424176,0.0068472186,0.0045823855,0,0.0050484901,0.00019334529,0.012066807,0.010924775,0,0,0.0016772334,0.0013800621,0.0022420178,0.0056288159,0.022424702,0.020984638,0,0.0032630775,0.0054512429,0.018603925,0.011380265,0.015239706,0.016099457,0.0024188536,0.010674788,0.0061709895,0,0.0069929422,0.0062808245,0.003324775,0.0151088,0.011026349,0.011337603,0,0.00152232,0.0046916446,0.010619103,0,0,0.0078547504,0,0.0093152588,0,0.012820929,0,0,0.0067475578,0.0055306852,0,0.002067751,0.0049387724,0,0.0090889418,0,0,0,0.012147998,0,0,0,0,0.028747495,0.0058952305,0.0017264558,0.01001272,0,0.014545679,0,0.00075230125,0,0,0.0062732017,0,0,0,0.011745679,0.00042446051,0.034883976,0.0098556029,0.016903263
0.011916428,0,0.00071648962,0.014312206,0.01888413,0,0,0,0,0,0.00072124426,0.0043636071,0.0019570454,0.0071698935,0.010092024,0.0023471594,0,0,0,0.010517113,0.013881627,0,0.00022606373,0,0,0,0.00037126886,0.0052662208,0,0,0,0.0003066363,0.055998482,0.07324636,0.051253788,0.061861765,0.01395227,0.028708249,0.045814078,0,0.035237238,0.052175909,0,0.047969483,0.038156949,0.047571525,0,0,0,0,0,0,0,0,0,0,0,0,0,0,0,0,0.030097494,0.0063283346,0.021694735,0,0,0.01432056,0.025305431,0.039695568,0.014490979,0,0,0,0,0,0,0,0.012841893,0,0,0,0.0026797478,0.009745731,0.017618367,0,0,0,0.0078051537,0,0,0.014456159,0,0,0,0,0,0,0,0,0,0,0.014083309,0.00048218621,0,0.012616026,0,0,0,0,0,0,0,0,0,0,0,0.0054393904,0.00073686376,0.0025536506,0,0,0,0,0,0,0,0.012362864,0.0042151832,0,0.015630003,0.019505432,0.028072927,0.038986973,0.082205757,0.065493152,0.057976402,0.067359284,0.041093145,0.037719693,0.051550217,0.049732246,0.052812386,0.04881053,0.043636937,0.043027468,0.045640185,0.015292073,0.017782992,0.018205032,0.01761754,0,0,0,0,0,0,0,0,0.019436067,0,0.0056543667,0.014133893,0,0.012980111,0.022210669,0.053812928,0.025774008,0,0,0.013246725,0.018390043,0.026712799,0.037805654,0.017204497,0.011374831,0,0,0.0048049111,0.006460113,0.0087375995,0.011609769,0,0.012148462,0.025717461,0,0.017099299,0.012176945,0,0,0,0.020260349,0.009671418,0,0,0.014741145,0,0,0.00331988,0.02305663,0,0,0.008313871,0,0.0020479218,0.005568854,0,0,0.018284991,0,0,0,0,0.0057991529,0.0023012091,0,0.021443103,0,0.020959437,0,0.0028311007,0.010281007,0,0,0,0,0,0.00070031296,0,0.017163878,0.0064359261,0.015185324
0.0016536253,0.0058409711,0,0,0.0053593242,0.003592408,0.00110053,0.0044004149,0,0,0,0,0.0054004309,0.0022329881,0,0,0.0011344561,0.0039683217,0,0,0.0053526023,0,0,0.0032555659,0,0,0,0,0,0,0,0,0.049798355,0.045496956,0.025316248,0.071646243,0.0073405593,0.025892427,0.042785324,0.028798312,0.028751045,0.065317161,0.038722992,0.056520768,0.059478275,0.050959568,0.0071936129,0.017475132,0,0.01240803,0,0,0,0,0,0,0,0,0,0,0,0,0,0.0073407376,0.013726944,0,0,0,0.023743769,0.030504253,0,0.014927723,0,0,0,0,0,0,0,0,0,0,0,0,0,0,0,0,0,0,0,0,0,0,0,0,0,0,0,0,0,0,0.013169827,0.0031647659,0,0,0,0,0,0,0,0,0,0,0,0,0,0,0,0.0021104377,0,0.0065123015,0,0,0,0,0,0.013288386,0,0,0.0095880553,0.0088010151,0,0.023937447,0.065202996,0.030064289,0.029571056,0.044062264,0.04673937,0.015396265,0.077628061,0.068104595,0.040475931,0.055038232,0.066618823,0.054567076,0.032638453,0.015908848,0,0.017386477,0.019989546,0,0.012095707,0.013402946,0.020121351,0.01138893,0.025719617,0,0.010391623,0,0.0080416892,0,0,0,0,0,0.0092030168,0.023041237,0,0.0055046445,0.0088903392,0.016501078,0.014922341,0.030370066,0,0.013100587,0.018612823,0.0047490811,0,0.0103837,0.013299063,0.013530135,0.013557144,0.0060196156,0.0084875356,0.0048253033,0.0097846258,0,0.024913412,0.011479429,0,0,0,0,0,0,0,0,0,0,0.0018473568,0,0.0025145817,0.0018210711,0.0027311307,0.013691805,0,0,0.01616111,0.0034636252,0,0,0,0.0071450137,0,0,0,0,0.0020740575,0,0.0068977131,0.0047952598,0,0,7.3090305e-05,0,0,0,0,0.015076284,0.0022477838,0.013517521
0.0070088198,0.0023535085,0.0019566808,0,0.0055699092,0.0026928945,0,0.0017742461,0,0,0,0,0,0.00082393113,0,0,0.0044092564,0,0,0.00084382202,0.0040023508,0.0005192816,0,0,0,0,0,0,0,0,0,0,0.028829074,0.039022129,0.056471236,0.028324449,0.033416431,0,0.026310507,0.043626495,0.031194746,0.021963963,0.045355279,0.025224745,0.025325438,0.043421663,0,0,0,0,0,0,0,0,0,0,0,0.0050820569,0,0.0046523516,0.014599147,0.0045146402,0.0079067163,0,0.016197238,0.0038152263,0.013128115,0,0.020635482,0.029497156,0,0.013888711,0.014098188,0,0,0,0,0,0.0068683266,0,0,0,0,0,0,0,0,0,0,0,0,0,0,0,0,0,0,0,0,0,0,0.011151515,0,0,0,0,0,0,0.0026027781,0,0,0,0,0,0,0,0,0,0,0,0,0,0,0,0,0,0,0.0074510411,0.0052553737,0,0,0.0017422808,0.020836663,0.013828101,0.056784283,0.029159036,0.076232195,0.039097797,0.019966543,0.051141083,0.020207051,0.023018388,0.060855478,0.040991038,0.024993163,0.029993379,0.043678168,0.01417017,0.013758838,0.01471332,0.015527651,0.0068891533,0.0099904677,0.015836515,0,0.0174079,0.015434665,0,0.016000906,0.012632592,0.0098051857,0.016194807,0.01045269,0.013638504,0.01340186,0.0052430602,0.052479643,0.053767316,0,0.0052597886,0.017936086,0.010220711,0.021926062,0.034845553,0.015772281,0.010817626,0.017283764,0,0.0034496603,0.013089983,0.015283434,0.0066559785,0.019797523,0.0063499706,0.009755752,0,0.0041805906,0.008430725,0,0.0029025227,0,0.0030444642,0,0.0033615804,0,0,0,0,0,0,0,0,0.0039940397,0,0.0028537151,1.8725805e-05,0,0,0.00059918582,0,0,0,0,0.008294424,0,0,0.0035789777,0,0.0075793378,0,0.0091974344,0.0040928726,0,0,0,0.0019494795,0,0,0,0.011453441,0.0045830058,0.012809428
0,0.0025286458,0,0,0.007364756,0,0.0098724142,0.011250556,0,0,0,0.00066248898,0.0083290152,0.015203379,0.0033727705,0.0081200432,0,0.00074656715,0,0,0.0063768765,0.0002497425,0.008771223,0.01062876,0,0.00071571127,0,0,0.00095771241,0.00037303584,0,0.0067444444,0.02977315,0.050833154,0.035716522,0.038261168,0.047277298,0.01381587,0.073671833,0.018557325,0.052858036,0.047084872,0.041323107,0.02850971,0.036315151,0.043207504,0.0070238039,0.011190587,0,0,0,0,0,0,0,0,0.0014658845,0,0,0,0.0020703594,0.0026999332,0.00096850487,0.0044849184,0.017094951,0,0,0.0042506154,0.016079202,0,0.0075868731,0.0024671745,0,0.00048400051,0,0,0,0,0.0064951824,0,0,0,0.0048195939,0.0030574175,0.010833295,0,0,0,0,0,0,0,0,0.0092642279,0,0,0.0030022096,0.0051611234,0,0.0032232143,0.0096750716,0,0.013761075,0.0032572665,0.00077809265,0,0,0,0.0023022869,0,0.0034505413,0.01026153,0,0.0023318047,0,0,0,0,0,0.0038111382,0,0.0064722202,0,0.0021727816,0,0,0,0.01628411,0.010273593,0,0.013415208,0.005659007,0.0036484369,0.010744592,0.062971078,0.039760984,0.036662344,0.1067726,0.024403514,0.079817563,0.066394553,0.039496802,0.037970245,0.062006779,0.026860725,0.025597438,0.032305673,0.0091730673,0.0024902651,0.0074433731,0.0059772949,0,0.0027494752,0.0065370849,0,0,0,0,0,0,0,0,0,0,0.00014658326,0,0.014180201,0.01326724,0,0,0,0.013828775,0.013022298,0.020576131,0.0089539047,0.0017441725,0.0069886288,0,0.00031179545,0,0.0023698311,0.0011943772,0,0.0020486892,0.013620434,0.0016358836,0.00016330548,0,0.011909083,0,0,0.0044824765,0,0,0,0,0.0033320778,0,0.011735229,3.378934e-06,0.0016315993,2.4515266e-05,0.0031201972,0.0064976951,0.0062242048,0.0050753439,0,0,0.015902352,0.0053046616,0.00016527728,0,0.0037432618,0.0086934716,0,0.004537289,0,0,0,0,0,0.0051926151,0,0,0,0.0013855014,0,0.0025014896,0.0033168911,0.016567454,0.012940407,0.015408535
0.013107993,0.016123639,0,0.0068781832,0.013137804,0,0.0028266185,0.00094234839,0,0,0.0043275775,0.0010866936,0,0,0.0072850971,0,0.0059598745,0.00088826579,0,0.006668319,0.0070360168,0,0.0026346226,3.6960824e-05,0,0.00045934279,0.002632224,0.0036700242,0,0,0.0085289078,0,0.036986619,0.03462423,0.023029117,0.044898398,0.0063574105,0.033592071,0.029862529,0.017462268,0.01201001,0.049578957,0.019974884,0.043605875,0.028682303,0.022195121,0.012039801,0,0,0,0,0,0,0.012052353,0,0,0.012368138,0,0,0,0.010363686,0.015280195,0.013021765,0.0060738944,0.0090437951,0,0,0,0.015063986,0.019607861,0.01487605,0.011768839,0,0,0,0,0,0,0.012800759,0,0,0,0,0.0095233228,0.020112153,0.0017644971,0,0,0.0010287699,0,0.0025097383,0.009402642,0,0,0,0,0,0,0,0,0,0,0.012449703,0.0015140084,0,0.0025958871,0,0.0054517975,0,0,0,0,0,0,0,0,0,0,0,0,0,0.00037795701,0,0,0,0,0,0.027333111,0.0070485123,0.001954369,0.016375102,0.019921461,0.011469886,0.037807904,0.040720809,0.046179488,0.0202641,0.02786405,0.029066062,0.0098640434,0.044036198,0.056952246,0.019766437,0.021796552,0.042867124,0.032869138,0.018896464,0.015558025,0.012832922,0.016953997,0.017289225,0.010454636,0.013290064,0.014440298,0.013990715,0.0069244602,0.013639629,0.0082376655,0.019982543,0,0,0,0,0.011706097,0.010038397,0,0.018858163,0.015559075,0,0.0042419732,0.0084894365,0.014714357,0.012218647,0.020917084,0.017815048,0.0092624333,0.012379725,0.0019926163,0,0.0046603223,0.010502541,0.010522111,0.013511898,0.010533228,0.016330201,0,0.010280435,0.01285232,0.019770894,0.0015331344,0,0.009930457,0.0009903207,0.0015382206,0,0.0095126331,0,0,0.0045746923,0.0051058917,0.0003484909,0,0.0056633865,0,0.0028936858,0.0036615296,0,0,0.018113321,0.001877655,0,0.0031947631,0,0.014172505,0.0026066161,0,0.0097396113,0,0.01478007,0,0.0035309021,0.0014105053,0,0.0047769742,0,0,0,0.0042058676,0,0.039787311,0.01315737,0.019090984
0,0.01000597,0,0,0,0,0.0069942437,0.0027854957,0,0,0.00082807208,0,0,0,0,0,0,0.0096547799,0,0,0,0,0,0.0041275257,0,0,0.001059816,0,0,0,0,0,0.010561099,0.028122446,0.033914618,0.010691939,0.076133803,0.0037477389,0.045542486,0.021013621,0.060091484,0.012912114,0.04328119,0.0031645768,0.020099429,0.033645019,0,0,0,0,0,0,0,0,0,0,0,0,0,0,0,0,0,0,0.013322654,0,0,0,0.0091039632,0,0,8.4899497e-05,0,0,0,0,0,0,0,0,0,0,0,0,0,0,0,0,0,0,0,0,0,0,0,0,0,0,0,0,0,0,0.00089249405,0,0,0,0,0,0,0,0,0.0057352376,0,0,0,0,0,0.00016218517,0,0,0.0016083883,0,0,0,0.0055299732,0.0022913266,0,0.0066482499,0.004684587,0,0,0,0,0.0072873249,0.033582624,0.01206836,0.048248149,0.078463905,0.0070479647,0.095695473,0.019080685,0.010518393,0.054449271,0.055996455,0.0078908931,0.012831716,0.027734816,0.0036184019,0,0,0.00046855593,0.00062870519,0.0031088493,0.00042792791,0,0.0036945648,0.00089610805,0,0,0,0.0033461701,0,0,0.00019736111,0,0,0.00079172367,0.0086777713,0,0,0,0.0071863076,0.0041759247,0.015271495,0.0035422661,0.0011396521,0.0025815181,0,0,0.007312146,0.0044098287,0,0.003525675,0.0047192387,0,0.0033980093,0,0,0,0,0,0,0,0.010664813,0,0,0,0,0.0038273402,0,0,0.0050917342,0,0,0.0056785597,0.0019621337,0,0.0063068978,0.00096560252,0,0,0,0,0,0,0,0,0,0,0.0040998636,0.0033490669,0,0,0,0,0.0012717559,0,0,0,0.0056564519,0,0.0044834255
0,0.0039691138,0,0,0.005042749,0.0044938419,0.015025882,0.015547678,0,0.0017055206,0.00082693167,0,0.011701738,0.0092297439,0.00147891,0.005181252,0,0.0027712365,0,0,0.0045775762,0,0.011960126,0.014324047,0.0013289961,0.0019058678,0,0,0.0053518796,0.004382256,0,0,0.038884379,0.039041098,0.018002253,0.060541619,0.013188186,0.021873537,0.06454955,0.016887082,0.02826797,0.079651639,0.034937307,0.053665929,0.061995249,0.048570007,0.001298798,0.011064028,0,0.0074450346,0,0,0,0,0,0,0.0030499061,0,0,0,0,0,0,0.0057601137,0.014949615,0,0,0,0.019150369,0.021108571,0.018294813,0.0080435956,0,0,0,0,0.001071517,0.0077426918,0.0063018091,0,0,0,0,0,0.022697266,0,0,0,0,0,0,0,0,0.0071778782,0,0,0.0036093649,0,0.0067511955,0,0,0,0.020752938,0.0093049165,0,0,0,0,0,0,0,0.008748794,0,0,0,0,6.0493448e-06,0,0,0,0,0,0,0,0,0,0,0.016539188,0.0032345154,0,0.013027747,0.003872643,0,0.0142537,0.048574079,0.074580297,0.01827183,0.068395451,0.041848712,0.020581577,0.061741702,0.081232198,0.037611764,0.064662278,0.076721162,0.052361883,0.029388318,0.01225533,0,0,0.011518331,0,0.0039399518,0,0.016937239,0,0,0,0,0,0,0.0076530739,0,0.0061733387,0,0,7.9698053e-05,0.014972486,0,0,0,0.015734131,0.00887278,0.020536769,0.016917666,0.0064447736,0,0,0,0,0,0.0088722296,0,0,0.0031591568,0.009550008,0.0054866718,0.012986933,0,0,0,0,0,0,0,0,0,0,0.0054375278,0,0.0041118884,0,0.0037754353,0.0094857747,0.008061152,0.017295102,0,0,0.023210935,0.011175601,0,0.016230211,0.005718899,0.0094652176,0,0,0,0,0,0,0,0.0042593041,0,0,0,0,0,0,0,0.016379371,0.0073674619,0.016331518
0.0011095258,0.0053201048,0,0,0.0091255736,0.0040395758,0.0064822412,0.0077199503,0,0,0.00095731363,0,0.0048514004,0.0047698938,0.0028210247,0.00062353053,0.0013724872,0.00051410857,0,0,0.0069907056,0.002263702,0.0031377561,0.0054655336,0,0,0,0,0,0.0010263431,0,0,0.045773603,0.039035488,0.021765996,0.063879304,0.0097034732,0.032004371,0.044788625,0.023837119,0.018286966,0.080172859,0.028050277,0.065527923,0.054936212,0.039308827,0.010197861,0.022452749,0.023833167,0.015046065,0,0,0,0,0,0,0,0.001463547,0,0,0,0,0.0024669985,0,0.013382619,0,0,0,0.023330269,0.02731818,0.022706825,0.016455023,0,0,0,0,0,0,0.01382436,0,0,0,0,0,0,0,0,0,0,0,0,0.0021574222,0,0.0032676389,0,0,0,0,0,0,0,0,0.017912613,0.0061271447,0,0,0,0,0,0,0,0.011246247,0,0,0,0,0,0,0,0,0,0,0,0,0,0,0,0.023150858,0.003162032,0,0.015691569,0.01213819,0.0040309895,0.024932574,0.049730334,0.068321198,0.023291599,0.044137347,0.057772554,0.013769278,0.084841289,0.052377474,0.032188442,0.044484086,0.080116674,0.055173211,0.028501282,0.020803653,0,0.021654842,0.0253937,0.016844813,0.015088461,0.017692547,0.02197733,0.0087245293,0.028426966,0.010505913,0.016388591,0,0.0032217361,0,0,0,0,0,0.012255768,0.022399794,0.0090681333,0.0063311905,0.008162722,0.020162303,0.016156705,0.024959529,0.02447615,0,0.023531422,0.0069146655,0,0.012667371,0,0.016973156,0,0.0066186516,0.013471052,0.0081667434,0.015177472,0.020711306,0.032496803,0,0,0.0054598032,0,0,0,0,0.004791501,0,0.00336201,0.0010527393,0.0037856556,0,0.0033170979,0.00074087642,0.0057129441,0.014310725,0,0,0.021873435,0.0061363266,0,0.011333477,0,0.010831676,0,0,0,0,0.0070481524,0,0.0075206063,0.0038892527,0,0,0,0,0,0.0031964723,0,0.02855826,0.006848637,0.019661477
0,0.0063865841,0,0,0,0.001935621,0.0024074479,0.0054544369,0.0024334227,0,0,0,0,0,0,0,0,0.0066572516,0,0,0,0,0,0.0051089297,0,0,0,0,0,0,0,0,0.0436114,0.032196425,0.039096437,0.033321068,0.026789149,0.009518316,0.037298378,0.037285008,0.038103629,0.031083882,0.071097255,0.021869469,0.048190426,0.064721331,0,0.0051230649,0,0,0,0,0,0,0,0,0,0,0.015614882,0,0,0,0,0,0.025370587,0,0,0,0.028965149,0.036319412,0,0.0026779606,0,0,0,0,0,0,0,0,0,0,0,0,0.0095768105,0,0,0,0,0,0,0,0,0,0,0,0,0,0,0,0,0,0,0,0,0,0.0048713097,0,0,0,0,0.0092077386,0,0,0,0,0,0,0,0,0.0032904819,0,0,0,0,0,0.0047561764,0.0057455953,0,7.4736825e-05,0.00093891833,0,0,0.020878367,0.050215553,0.038641769,0.059864134,0.039795898,0.018320058,0.05693806,0.038269497,0.030289728,0.087056443,0.082753435,0.031511873,0.051678397,0.075274184,0.0057164426,0,0.0045006694,0.0036811344,0.002069148,0.0028164103,0.0018372651,0.012739433,0.0071947435,0.020033689,0,0,0,0.013746044,0.021911694,0,0.0021691467,0,0,0.0063316254,0.037848458,0.0023082432,0,0.0022355211,0.017367462,0.014865411,0.043329313,0.011075266,0.0033586998,0.013023941,0.0056770649,0,0.009880729,0.013714187,0,0.0023932571,0.0020658798,0,0.0018209597,0,0,0.01537707,0.0049530035,0.0045579537,0,0,0,0,0,0,0,0,0,0,0,0,0.0048608119,0.0066819461,0.0065781362,0.0030860044,0.0046785506,0.0041602799,0,0,0,0,0.016757838,0,0,0,0.0071933875,0,0,0.0066160187,0,0.0073619196,0,0,0,0,0,0,0.0046562389,0,0.0018870493
0,0.011450674,0,0,0,0.0052923472,0.0033424825,0.0072252392,0.0054083737,0.0044763642,0,0,0.0027657677,0.0048443051,0,0,0,0.011892854,0,0,0,0.005755703,0,0.007446134,0,0,0,0,0.0031326271,0,0,0,0.036817037,0.026042828,0.017136198,0.044642899,0.020611277,0.0066297189,0.050770957,0.029784087,0.047223065,0.044069305,0.059223641,0.033974119,0.082435682,0.076043501,0,0,0,0,0,0,0,0,0,0,0,0,0.01821718,0,0,0,0,0,0.011551855,0,0,0,0.012001026,0,0.0024381639,0,0,0,0,0,0,0,0,0,0,0,0.0087869307,0.001487446,0,0,0,0,0,0,0.00017994893,0,0,0,0,0,0.0089016007,0,0.009473077,0,0,0,0,0,0,0,0.02084104,0,0,0,0,0.0026754064,0,0,0,0,0,0,0,0,0.0049176854,0.0088725192,0,0,0.012079792,0,0,0.0075476617,0,0,0,0,0,0.0112687,0.045505296,0.051959831,0.039153617,0.063634627,0.019852567,0.057992619,0.064587951,0.041547194,0.081718095,0.15331334,0.066228993,0.093150184,0.064569131,0.012357404,0,0.0037517201,0.006844887,0.0051161959,0,0.0032992293,0.01598846,0.0088444287,0.02538779,0,0,0,0.02384734,0,0,0.0015759304,0,0,0,0.020834664,0,0,0,0.0057438388,0.0028134179,0.025445297,0.0093042729,0.0022729544,0.0024584557,0.003752454,0,0,0.011722735,0,0,0,0,0.0053653717,0,0.0010003081,0.013936779,0.0066580498,0.014039842,0,0,0.0014645293,0.0072035217,0,0,0,0,0,0,0,0,0.010271082,0.0042500817,0.005071966,0,0.0083113052,0.0025404287,0,0,0.011536542,0.0048780437,0.0055432655,0,0,0,0.020729069,0,0.0010667347,0.0064249532,0,0.018236877,0,0,0.00010066175,0,0,0,0.0010918297,0,0.0001092375
0,0.0039932416,0,0,0.0042741532,0.0051056324,0,0.005021424,0,0.00021911142,5.787472e-05,0,0,0.0018385313,0,0,0,0.0019280851,0,0,0.0025710135,0.0018532512,0,0.0022500565,0,0.0028212774,0,0,0,0,0,0,0.040436301,0.03284711,0.018876139,0.059819609,0.0051586586,0.024719033,0.036695309,0.027448859,0.014824438,0.070865259,0.029120674,0.076867886,0.071461909,0.051906772,0.005056465,0.017898533,0,0,0,0,0,0.018003207,0,0,0.016047554,0,0,0,0,0,0,0.0087255584,0.012983168,0.0024399008,0,0,0.022995662,0,0.02137024,0.019166548,0,0,0,0.015908714,0,0.0070564905,0.010013768,0,0,0,0.010081011,0.016555535,0.028398421,0,0,0,0,0,0,0,0,0.0011354402,0.0016663459,0,9.299122e-05,0,0,0,0,0,0.01700831,0.0035166114,0,0,0,0,0,0.0084266663,0,0.0046158312,0,0,0,0,0,0,0,0,0,0.0091435174,0,0,0,0,0,0.020171892,0,0,0.011737376,0.0057504107,0,0.019015571,0.043665446,0.066820845,0.025364697,0.03109861,0.043597896,0.010937904,0.079972476,0.080098033,0.033272959,0.069254264,0.082471527,0.096108474,0.033667684,0.018248769,0.015470842,0.017371347,0.022721257,0.017164795,0.013817944,0.016570076,0.023626298,0.0087499367,0.031382944,0.009309968,0.014796781,0,0.0084617706,0,0.0062101134,0.014160328,0,0,0.004720767,0.027214134,0.0083016995,0.0029593143,0.0072529828,0.020290766,0.012388205,0.025992375,0.023709523,0,0.021528175,0.0065085897,0.0034153317,0.013211456,0.014832601,0.018105362,0.018020315,0.0020648309,0.0058453786,0.0071323798,0.011309232,0.017089369,0.031474657,0.01518206,0,0,0,0,0,0,0.0039923145,0,0.00056692044,0,0,0,0,0.0016436739,0.00087360694,0.013026905,0,0,0.026811326,0.0060281698,0,0.011555854,0,0.0071681282,0,0,0,0,0,0,0.0055000484,0.00012930417,0,0,0,0,0,0,0,0.022992805,0.0034239055,0.017602015
0,0.0026184837,0,0,0,0.0063647022,0,0.0044649052,9.91774e-05,0.00024477116,0.00019010188,0,0.002382725,0.0065075583,0,0,0,0.0027767073,0,0,0,0.0043309387,0,0.0023159105,0,0,0,0,0,0,0,0,0.042342283,0.026990455,0.020755891,0.048533894,0.0036081076,0.012742324,0.027448619,0.027996933,0.021174919,0.052320726,0.043947741,0.05464508,0.077876687,0.057936601,0.0010806171,0.0090102348,0.014927465,0,0,0,0,0,0,0,0.008369728,0,0,0,0,0,0,0.010837284,0.014763797,0,0,0,0.027775902,0,0.015883505,0.013672516,0,0,0,0.010735469,0,0.0036061394,0,0.0080028046,0,0,0.013351697,0.012272533,0.022821914,0,0,0,0,0.00023219157,0,0,0,0,0,0,0.0037132266,0,0.0015805739,0,0,0,0.013557427,0.00061679148,0,0,0,0,0,0.0054725986,0,0.01077175,0,0,0,0,0,0,0,0,0,0.0089815278,0,0,0,0,0.0034512959,0.015804101,0,0,0.0049653533,0,0,0.016346216,0.042209212,0.053944707,0.029953141,0.028974727,0.032805614,0.015651157,0.054533858,0.054452766,0.052962907,0.095521398,0.095400915,0.10538363,0.059259832,0.0137902,0.0057428912,0.011552032,0.015470831,0.013495351,0,0.011428572,0.023486715,0,0.031887915,0,0.0042124419,0.0075957091,0.016428635,0.024454135,0,0.013626071,0.0033121114,0,0,0.02889967,0.0051263985,0,0.0018880361,0.029707601,0.0087380391,0.033916369,0.020026254,0.015258458,0.023655267,0.0093677659,0.0018130116,0.010601109,0.017899601,0.014901457,0,0.0019791548,0.0022312845,0.010054814,0.0015901722,0.014963107,0.027633687,0.016005689,0,0,0,0,0,0,0.0045190332,0,0,0,0.0031712414,0,0,0.003998707,0.0049330289,0.014563357,0,0,0.025767684,0.0030386089,0,0.012264151,0.0026808316,0.0073893727,0,0,0,0,0,0,0.0037309863,0.00096231449,0,0.0013696788,0,0,0,0,0,0.012519127,0,0.0078174826
0,0.0037763107,0,0,0.0029256442,0.00053321873,0.001171949,0.0021295124,0,0.00010605438,0,0,4.3404449e-05,0.0021704799,0,0,0,0.0028843721,0,0,0.0025176995,0,0,0.0018500646,0,0,0,0,0,0,0,0,0.036130421,0.03360372,0.044113077,0.027022758,0.015950855,0.0089661274,0.029692192,0.03345646,0.028564647,0.026457354,0.05584804,0.024697844,0.035353102,0.05787129,0,0,0,0,0,0.0019411473,0.0099616311,0,0.0060140369,0.00045124162,0.007220929,0.0039902334,0.013147272,0,0.0041675474,0,0,0.023596738,0.051097699,0.0088421963,0.01245998,0.029699598,0.047070429,0.047000524,0.019688288,0.010813786,0.021574359,0.013855767,0,0,0,0.0024387292,0,0,0,0,0.0046511842,0.0026811431,0.013260995,0,0,0,0,0,0,0,0,0.0075454945,0.011323408,0,0.00018121218,0,0.0023520472,0.0037952263,0,0.0085826125,0.0096621178,0,0,0,0,0,0,0,0,0.016752861,0,0,0,0,0,0,0,0,0,0,0,0,0,0,0,0.0085490579,0,0,0.0077876961,0.0074026836,0.0028754321,0.027697837,0.044262234,0.031531524,0.043892138,0.034556322,0.017846275,0.030786714,0.030310934,0.027175302,0.076484978,0.066345617,0.032478448,0.058856733,0.13351324,0.0067229769,0.0020049259,0.0036797754,0.0065701008,0.00085059943,0.0025245419,0.0056937216,0.010847157,0.0082042441,0.015354845,0.0011908599,0.001783259,0.0056045186,0.0068035377,0.014911672,0,0.0099367658,0.0004483629,0,0.027348619,0.037168343,0.011242867,0.02761836,0.016951624,0.058929652,0.048914671,0.079312734,0.026982088,0.011766565,0.028701063,0.020605901,0.012935218,0.0077310279,0.0083970539,0.0073389136,0.016430506,0,0,0.00062950049,0,0.0051045972,0.016648008,0.0029594337,0,0,0,0,0,0,0.0002765673,0.0017967453,0.049929436,0,0,0.0029268595,0,0.0062450282,0.018794961,0.0018790097,0.005087635,0,0.020628124,0,0,0,0,0.053978007,0,0,0,0,0,0,0.0018941524,0,0,0,0,0,0,0.0024293265,0,0.013482009,0.00030658772,0.016321618
0.0042253947,0.010426532,0,0,0.0010743586,0.0075981864,0.008211934,0.010343464,0.0024586958,0,0,0,0.0066803112,0.015508616,0.0022283127,0.0052688159,0,0,0,0,0.0026462828,0.0045130211,0.0047658263,0.0085442178,0,0,0,0,0.00033717774,0.0079473183,0,0.0045623803,0.012697469,0.0080660749,0.0092054252,0,0.0071558952,0.0095505062,0.011407273,0.013995484,0.0032946293,0.019698735,0.0052689393,0.017145211,0.011349313,0.005482153,0.040557861,0.050750352,0.035108499,0.018194968,0,0,0,0,0.013893455,0.016119907,0.013528365,0.0093307486,0.012701727,0,0.01264226,0.0098123122,0,0.0059067332,0.0019931749,0.0069278651,0.0040375642,0.003236868,0.0039546718,0.0057808058,0.0053515444,0.012072021,0,0,0,0.030625591,0.0098467078,0.0064422004,0.020423859,0.0085378699,0,0,0.0084872963,0,0.02127425,0,0,0,0,0,0,0,0.00030113396,0.0016325535,0,0,0,0.0062356531,0,0.0026990776,0.0056883963,0,0.0030994092,0.0034093293,0,0,0,0,0,0.016155122,0,0.0037883208,0,0,0,0,0,0,0,0,0,0,0,0.0034481343,0,0.006478508,0,0.006302394,0.0025917972,0.006666021,0.0088352524,0.0045393398,0.00092410605,0.0097914357,0.016290423,0.016826127,0.015256228,0.012406636,0.016399089,0.006092113,0.01528582,0.021777947,0.0075089857,0.014607,0.019066291,0.014768598,0.008254515,0.066165209,0.062017553,0.041742329,0.05533424,0.021130469,0.019250564,0.027959352,0.024066389,0.015066127,0.02787743,0.019159852,0.019021045,0.012329787,0.011526698,0.016189361,0.013905013,0.011464146,0.012119941,0.01118522,0.007454718,0.02045227,0.015196209,0.0058144908,0.0066992706,0.010333038,0.0052878354,0.0088631082,0.015391712,0.014408223,0.013160907,0.0015831698,0.016025499,0.014860889,0.021652754,0.026001751,0.016877001,0.019745918,0.059087794,0.014256959,0.023218792,0.025788885,0.027403355,0.015005867,0,0.0054106312,0,0,0,0,0.0075108609,0.0031331487,0.007071455,0,0.012052743,0.0028611426,0.0056809341,0.010752155,0.0090433192,0.012206637,0.0073952777,0,0.0089683868,0.0047666468,0.0021324609,0,0.0039474485,0.0090102321,0.0026467559,0.0029151938,0,0,0.025662994,0.0036515296,0.022782173,0.0096351933,0,0,0.0055634365,0,0,0.008150747,0.0017276813,0.0085262144,0.0064158649,0.012676504
0.0088010263,0.004867964,0.0020289682,0.011464795,0.012281163,0,0,0,0,0,0.00017502611,0.0010842622,0,0.0073940963,0.008925586,0.00025732431,0,0,0,0,0.0071899043,0,0,0,0,0,0,0,0,0.0029054214,0.0077116266,0,0.0078573246,0,0.011700153,0,0,0,0.0028555091,0.017395873,0,0,0,0.023738926,0.0013993677,0,0.031094253,0.04619506,0.030233746,0.024584707,0,0,0.0081979232,0,0.013124825,0.03014037,0.015540783,0,0.010300217,0.019548303,0.021443782,0.02285349,0,0.0043471102,0.0032121732,0.012521332,0.010043985,0.0048483396,0.0072678393,0.0088983718,0.0094021345,0.011488099,0,0,0,0,0.0039662695,0,0.01929285,0,0,0,0.00243689,0,0.017404959,0,0,0,0,0,0,0,0,0.0046193986,0.0047305054,0.0069759027,0,0,0,0,0,0.0033647646,0.0030752555,0,0.00061121333,0.0059719789,0,0.0097530503,0.0018593541,0,0,0,0,0,0,0,0,0,2.3360202e-05,0,0,0,0.00019976453,0,0,0,0,0.0053176209,0.0016342629,0,0.010837976,0,0.00547104,0.01026791,0.019795017,0,0.015979994,0.0059979451,0.014840893,0,0,0,0,0,0.017642409,0.0077931546,0.004145565,0.063132219,0.051499784,0.034405373,0.054172121,0.02210803,0.024187386,0.031486459,0,0.017630992,0,0,0.028379062,0.02005676,0.0059584668,0.011363963,0.016221013,0.016562078,0.022592254,0.02457023,0.024007186,0.026292775,0.020262243,0.0098973932,0.013632543,0.0072640777,0.012597648,0.012331563,0.011444544,0.014266498,0.016942596,0,0.018433534,0.017814497,0.037049051,0.031288374,0,0.017055269,0.035055988,0.0071577863,0.027473714,0,0.017399753,0.0092742797,0,0.017102594,0.0032069632,0,0,0.0077844546,0.0043399758,0.0052275364,0.0076348684,0.014643611,0.0046166405,0,0.0087315366,0,0.0071905977,0.0073032752,0.0022594978,0,0.0037786295,0,0,0,0,0.0061489898,0.0047130189,0.0010872786,0.013544997,0,0.040768389,0.007028793,0.032761462,0.012800299,0,0,0,0.00031650692,0.0023099701,0.0059876489,0,0.0093885446,0.0040299492,0.011689402
0.0073147365,0.007430586,0,0,0.0050225435,0.0085943323,0.003627866,0.0085869385,0,0,0,0,0.0053957896,0.019082393,0,0.00098930218,0,0,0,0,0.0044960426,0.0050045541,0.0016783264,0.0065420046,0,0,0,0,0.00040215935,0.0055523291,0,0,0,0,0.010025243,0,0,0,0.0089583462,0,0,0,0,0.021205628,0.0096825222,0,0.026391769,0.035156824,0.046405099,0.033541415,0,0.03956411,0.024201816,0.032757718,0.023803869,0.024771819,0.018862877,0.015274224,0.023276761,0.01539361,0.027690481,0.018043896,0,0,0.0017986365,0.015335569,0.016407866,0.0050531086,0.0053380914,0,0.0091502834,0.022823121,0.010971641,0,0.0048514232,0.0249434,0.016826078,0.0015082131,0.020616578,0,0,0,0.0071684509,0.029022176,0.024135994,0.022566203,0,0,0,0,0,0,0,0,0,0,0,0,0,0.00047551972,0,0.0028023701,0.0026790125,0,0.0014910845,0,0,0.0023095475,0,0,0,0,0.0024493432,0,0,0,0,0,0,0,0,0,0,0,0,0,0,0.0087140491,0.0027109156,0.0015119914,0.0079001971,0,0,0.0070408345,0.01954885,0.018763311,0.016108826,0.011107074,0.01849341,0.0019640813,0,0.023356924,0.0064716013,0.0063315146,0.018769609,0.012908438,0.005420859,0.042498775,0.033543818,0.044246338,0.053684801,0.037752163,0.044499293,0.046152018,0.026233459,0.029434931,0.037548345,0.03073881,0.030430865,0.024778496,0.021720573,0.028758397,0.021954026,0.027579546,0.026426068,0.023038374,0.010931234,0.023480631,0.026158269,0.0054659382,0.01956326,0.0040409369,0.0094466172,0.0098015238,0.016531128,0.024628742,0.015565786,0.0020131981,0.012930592,0.012967566,0.020941477,0.030870438,0.013797656,0.014050238,0.041917652,0.012833121,0.043381684,0.029771905,0.026651869,0.021520572,0,0.0064045191,0,0,0,0,0.00061767071,0,0.00012394699,0.0016416954,0.0066603161,0,0,0.0015094947,0.0061255069,0.0089703966,0.0013401147,0,0.0037399319,0,0,0.012236204,0,0.0043877847,0,0,0.0010555143,0,0.010374056,0,0.016063631,0.0094712656,0,0,0,0,0,0.00064193917,0,0.010823827,0.0033648417,0.0070120306
0.0025860223,0.0086151334,8.3744351e-05,0.00070934813,0.0051569412,0.0082056541,0.0038577795,0.003913776,0,0,0.0012731518,0,0.002976273,0.012023801,0.0033219475,0,0,0,0,0,0.005125206,0.0051802387,1.1708866e-05,0.0020725378,0,0,0,0,0,0.0068046274,0.0012343021,0,0,0,0,0,0,0,0,0,0,0,0.0049957633,0,0.013202731,0.0075845765,0.023244917,0.040868722,0.043885108,0.034918018,0.037386499,0,0.023498362,0,0.0260313,0.03034254,0.024879824,0.015122536,0.026250754,0.020923441,0.030973885,0.021643868,0,0.0051930053,0.0037004154,0.020298472,0.018720297,0.0064260848,0.0065273717,0.01105628,0.01123148,0.028832411,0.012966554,0.0026226309,0,0,0.019405266,0.0067945039,0.022740286,0,0,0,0.0099305306,0,0.028180823,0,0,0,0,0,0,0.0060546203,0,0,0.00015596431,0,0,0,0,0,0.0041037863,0.0050762519,0.0042278538,0.00170188,0.00084111153,0,0,0.0034477867,0,0,0,0.0022655951,0,0,0,0,0,0,0.0027881667,0,0,0,0,0,0,0,0,0.0081154946,0.0030009088,0.002312754,0.010177191,0,0.0019448552,0.011509351,0.01953252,0.021972906,0.017528621,0.01024501,0.019364946,0.0036671516,0.015685903,0.027731279,0.0062075378,0.010090164,0.02475032,0.017434347,0.008761433,0.056689851,0.053813618,0.054278396,0.048709393,0.036828253,0.040709283,0.037388705,0.027799278,0.031169603,0.036188297,0.03318157,0.033418681,0.0315677,0.021527525,0.029668774,0.025206905,0.031039849,0.027818676,0.021640945,0.010143345,0.027632777,0.026235655,0.0083243558,0.02323401,0.010377487,0.01440263,0.013428909,0.020314161,0.030915994,0.020267453,0.0032563743,0.014494059,0.01651229,0.033253256,0.050942339,0.020964177,0.016686542,0.031452324,0.01216976,0.034891728,0.032649163,0.031484663,0.021605125,0,0.0049221241,0,0.0011022796,0,0,0.0031821753,0,0.0013989006,0,0.0024629862,0,0,0.0028121967,0.0041674334,0.012531002,0.0051606498,0,0.0063816039,3.0993702e-05,0,0.010332763,0,0.0052476316,0.0003445296,0,0.0021044393,0,0.015369537,0,0.020758774,0.0097929668,0,0,0,0,0,0,0,0.010448167,0.003685971,0.011395574
0,0.0014118486,0,0,0,0.0072510196,0.0046892781,0.0032402035,0,0,0.0049977442,0,0.0054349895,0.014012484,0,0,0,0,0,0,0,0.0076428629,0.002845332,0.0014032501,0,0,0,0,0,0.0081268568,0,0,0,0,0,0,0,0,0,0,0,0,0,0,0,0,0,0,0,0.04538919,0.025875509,0.031593051,0.029609516,0.027025426,0,0.014377733,0.010045132,0.012554976,0.011462673,0.011474494,0.013494512,0.013179602,0,0,0,0.0099797156,0.0064332457,0,0,0,0.0022575774,0.018891569,0.0068037496,0.0017485702,0,0,0.026753541,0,0,0,0,0.018040251,0.01325242,0,0,0.026937833,0,0,0,0,0,0,0,0,0,0,0,0,0,0.0037602638,0,0.00067315559,0.0016880892,0,0,0,0,0,0.0021142585,0,0,0,0,0,0,0,0,0,0,0,0,0,0,0,0,0,0,0,0,0,0,0,0.00018291677,0.0014103069,0,0,0.0079252673,0,0.011898816,0.002615225,0,0.018537868,0.0035060688,0.0071941824,0.018552354,0.014669885,0.0020770286,0.021830712,0.021620901,0.038163949,0.036681268,0.035971977,0.049976416,0.050848275,0,0.013976976,0.038372025,0,0.016391924,0.017876055,0.015629806,0.018641077,0.015624848,0.014634149,0.01386646,0.012518784,0,0.021560043,0.019598717,0.0032958002,0.012747467,0.0001983376,0.0015913775,0.005147866,0.011430553,0.012732032,0.015719132,0.0044148518,0.02154056,0.01150039,0.020287892,0.037001144,0.021220136,0.011899952,0.018420011,0.019774491,0.045932684,0.028257269,0,0.03040033,0,0,0,0,0,0,0.0068672737,0,0,0,0.0021083944,0,0,0.0081608277,0.003055071,0.015943274,0.0045555518,0,0.00071090867,0.00046600503,0,0.01437024,0.00039526675,0,0,0,0,0,0.0031331542,0,0.012652768,0.0078160493,0,0,0,0,0,0,0,0.0011891192,0,0
0,0,0,0,0,0,0,0,0,0,0.0058507645,0,0,0.0031764712,0.00047929204,0,0,0,0,0,0,0.003900466,0,0,0,0,0.0022676841,0,0,0,0,0,0,0,0,0,0,0,0,0,0,0,0,0,0,0,0,0,0,0,0,0.036740486,0.0211228,0,0.020757217,0.024943948,0,0,0.019118052,0,0.018987313,0.011513302,0,0,0,0.017880764,0,0,0.0047529652,0,0.00904286,0.019568417,0,0,0,0,0.028349793,0.0014734196,0,0,0,0,0,0,0,0,0,0,0,0,0,0,0,0,0,0,0,0,0,0,0,0,0,0,0,0,0,0.0082597304,0,0,0,0,0,0,0,0,0,0,0,0,0,0,0,0,0,0,0,0,0,0,0,0,0.0066897399,0.0026646494,0,0.014161366,0.01180545,0.0062835752,0.015377601,0.0057848678,0.0076685362,0.017520839,0.0049697971,0,0.015913704,0,0.0044607241,0.020597372,0.024097905,0.045438457,0.040992457,0.050140481,0.023820391,0.045808829,0,0.033058427,0.035236791,0,0.027938077,0.021165218,0.018496087,0.025167152,0.022319054,0.020736899,0.018325195,0.013653348,0.0020733222,0.022243571,0.031918645,0.0044770786,0.025559101,0.0061152293,0.0070832884,0.010921052,0.011238879,0.022149723,0.016774347,0,0.013468422,0.012155113,0.023218792,0.039215229,0.017172862,0.014335526,0.017941894,0.015146725,0.034733888,0.025422949,0.018278088,0.022758756,0,0,0,0.004405967,0,0,0.00017495171,0,0,0,0,0,0,0.0014051131,0.0047156559,0.0089600403,0,0,0,0,0,0,0,0.00033546804,0,0,0,0,0.013866635,0,0.017084019,0.010561431,0,0,0,0,0,0,0,0,0,0.0037073004
0.0031229788,0.0047369013,0,0,0,0.0064016571,0,0.00065154087,0,0,0,0,0.00027200914,0.0090703722,0.00019042191,0,0,0,0,0,0,0.0057351831,0,0,0,0,0,0,0,0.0032723597,0,0,0,0.009975601,0,0,0,0,0.0063046529,0,0,0,0,0,0,0,0,0,0,0.039472558,0.023812769,0.077598542,0.037406925,0.031456448,0.02214588,0.031809986,0.015386833,0.01918924,0.021826949,0.014390032,0.031627558,0.02182512,0,0.0037275781,0,0.017500097,0.012224991,0,0,0,0,0.020999685,0.012301538,0.0051987702,0.0068874238,0.023255635,0.012303305,0,0,0,0,0.0097066425,0.0042947372,0.021467248,0.016258961,0.022726677,0,0,0,0,0,0,0,0,0.0018871051,0,0,0,0,0,0.0060679149,0.0035142959,0,0,0.0005539438,0,0,0,0.0044614417,0.021696517,0,0,0,0.00023655694,0,0,0,0,0.0011654755,0,0,0,4.6734687e-05,0.00025035749,0,0.0020555323,0.00027513775,0,0,0,0,0,0.00062368589,0.0078878049,0,0.01545904,0.017807271,0.010273613,0.016695414,0.0034762393,0,0.020439036,0.0040288516,0.0059819268,0.018685488,0.013200889,0.0076183034,0.029940072,0.031632788,0.048362523,0.038379975,0.052165814,0.046965308,0.076257303,0.020437079,0.040125743,0.060663283,0.028739732,0.035086241,0.024355043,0.027781133,0.030919397,0.020664066,0.027759749,0.032058068,0.022047764,0.0066361628,0.024398405,0.040459059,0.010642381,0.027514717,0.0026402848,0.011454122,0.01207348,0.011150939,0.017316481,0.014597209,0.0026326282,0.02109543,0.013233952,0.01964036,0.018868197,0.025427569,0.0073951548,0.014481576,0,0.022362513,0.020828128,0.016641159,0.017867193,0,0.0031956632,0,0,0,0,0,0,0.0052560093,0,0,0,0,0,0.010392594,0.0022150401,0,0,0,0,0,0.0046449821,0.00052810297,0.0053427899,0.0033649276,0.00056658208,0,0,0.013528759,0,0.019716114,0.0065348623,0,0.0016451317,0,0,0.00099554169,0.0039844327,0.0013592229,0.0114635,0.0042841663,0.0082447864
0,0.0067126034,0,0,0,0,0.0066040768,0.010793125,0.0013068793,0,0,0,0.0077668489,0.004851819,0,0.0016489781,0,0.0067543676,0,0,0,0.0088461153,0.0019300089,0.010235282,0,0,0,0,0,0.0036926833,0,0,0,0,0,0,0,0.0058932528,0,0,0,0,0,0.021043893,0.024192626,0,0,0,0,0,0,0,0,0.03276439,0.01724771,0,0,0,0.02312075,0.0061396649,0.016734114,0,0,0,0,0,0,0,0,0,0.016681416,0.021550735,0,0,0,0,0,0,0,0,0,0.012704283,0.020750625,0.030171614,0.032609157,0.023671795,0,0,0,0,0,0,0,0,0,0,0,0,0.0034210333,0.0093553867,0,0,0.0076026991,0.0033463098,0.0022165063,0,0,0,0,0,0,0,0,0,0,0,0,0,0,0.0059130318,0.003095238,0.022068566,0,0.0026286042,0,0,0.0057751606,0.0072208764,0.00026238704,0.0040940139,0.0061042495,0.00013679582,0,0.0046030963,0,0.020625524,0,0,0.014407794,0,0.0195916,0.022359807,0.014388253,0.018131185,0.024057031,0.024207838,0.012093413,0.023390051,0,0.024794333,0.025831252,0,0,0.018242717,0.045054793,0.013663439,0.031539448,0.03355971,0.0095274393,0,0.023219813,0.025520116,0.010616627,0.021365291,0.0098706875,0,0,0.024683824,0.011046657,0,0.0087703327,0.0084707746,0.0058589824,0.013873632,0.027181992,0.021653177,0.018044675,0.010461262,0.0078735296,0.019561838,0.024379931,0,0.011087315,0.0050729825,0.011850384,0.016220823,0.016941369,0.05891658,0.060536958,0.028510436,0,0,0,0,0,0,0.011876354,0,0,0,0,0,0,0.010716197,0.0033794523,0.018103223,0,2.4932862e-05,0.0093956944,0.021569531,0.015230405,0.036604248,0.014361058,0.0060229385,0.0014506853,0,0,0,0,0.0012295177,0.010127535,0.0060847639,0,0.0083720554,0.014369491,0.006210485,0,0,0,0.0089136176,0.022727739,0.020355949
0,0,0,0,0,0.0049226545,0,0,0,0,0,0,0,0,0,0,0,0,0,0,0,0,0,0,0,0,0,0,0,0,0,0,0,0,0.0079491222,0,0,0,0,0,0,0,0,0,0,0,0,0.015154314,0,0.023053754,0.035552748,0.022255111,0.021437541,0,0.054326914,0.028316874,0.018347222,0.033323377,0.036877844,0.019150056,0.026719352,0,0,0.0028760966,0.0078268116,0.030398194,0.033497863,0,0,0.01311308,0.0042875195,0.022425596,0.011539044,0.0047999863,0.0059029832,0.008875153,0.015335401,0,0,0.0008808584,0,0.0056993291,0.0054987976,0.016801605,0.0099622551,0.018706542,0,0,0,0,0,0,0,0,0,0,0,0,0,0.0062214634,0.0065285102,0,0,0,0,0,0,0,0.0003839712,0,0.010272264,0,0,0,0,0,0,0,0,0,0,0,0,0,0,0,0.00092711131,0,0,0,0,0,0,0,0,0.013554856,0.019557219,0,0.0091074556,0.0068057925,0,0.011367803,0.0095070247,0.01193027,0.011036878,0,0.010113759,0.016800765,0.017607983,0.030886795,0.0320605,0.01468911,0.033576582,0.04042872,0.01568613,0.062113296,0.039867066,0.031433243,0.044730343,0.032328535,0.048200294,0.059812777,0.025483426,0.027741104,0.021965494,0,0.0023039682,0.021883169,0.045990612,0.018778594,0.066767767,0.00040149377,0.020235972,0.0155348,0.010078724,0.028229997,0.014525751,0.0036397683,0.011461284,0.0079283426,0.012804039,0.017297547,0.0052682338,0.0028220061,8.0655285e-05,0,0.010473642,0.017388571,0.012741564,0.015219186,0,0,0,0,0,0,0,0,0.00028219383,0,0,0,0,0.00065954163,0.0075315214,0.0013339925,0.00022036291,0.001417784,0,0,0,0,0,0.0032575913,0.0012065818,0,0,0,0,0,0.01472274,0.003179441,0,0,0,0,0,0.002401846,0.0023808095,0.005923769,0.0016491044,0.0067125545
0,0.0086929938,0,0,0,0.012251824,0.0016423644,0.010086204,0,0,0,0,0,0.0080450643,0,0,0,0.008191159,0,0,0,0.010074061,0,0.0073932991,0,0,0,0,0,0.0039414288,0,0,0,0.0022642803,0.0052584996,0,0,0,0,0.023689589,0,0,0.019503701,0,0,0,0.016076881,0,0,0.037035018,0.025459016,0.035476714,0.05841108,0.034000769,0.021103177,0.017635342,0.010504037,0.03831074,0.034742996,0.0070774965,0.020383503,0,0,0.00070979545,0.0035272215,0.007914138,0.0079798019,0.0021594279,0.0077363811,0.010268247,0.0074265427,0.018183056,0.016571967,0.008498041,0,0.021155741,0.016981948,0.0053252117,0.0077505112,0,0,0.014248662,0.013101851,0,0.024387559,0.028849775,0,0,0,0,0,0,0,0,0,0,0,0,0,0.007608837,0.009342486,0.0024463248,0,0,0,0,0,0,0,0,0.014629105,0.0011424881,0,0,0,0,0,0,0,0,0,0,0,0.0025066789,0.0036870495,0,0.013477325,0,0,0,0,0,0,0.0060349898,0,0.028285444,0.017364163,0,0.016215585,0.0041652089,0,0.031441756,0.022923745,0.029217178,0.034088574,0.034469806,0.017717283,0.029090554,0,0.038364686,0.03629797,0.03883253,0.035081543,0.059691619,0.033339065,0.038808133,0.062233102,0.027703177,0.037573241,0.016899077,0.054248832,0.04508283,0.014443045,0.025376046,0.018579282,0.00032341486,0,0.027325789,0.022997878,0.0044669933,0.020014223,0.0038150623,0.010158632,0.01624174,0.014593737,0.018547485,0.033958264,0.013438426,0.01553385,0.019103331,0.026281331,0.023941416,0.02185216,0.0056490353,0.0076301964,0.018801078,0.017103635,0.027227875,0.029247904,0.037493989,0,0,0,0,0.0048458143,0,0,0,0,0,0.0035149171,0,0,0.010023181,0.013237627,0.015027186,0.0020751557,0.0045135561,0,0,0,0.017796602,0.0093226191,0.0047185635,0,0,0,0.0081176143,0,0,0,0.0041046855,0,0.0024147877,0,0,0,0,0,0.0026402161,0,0.0018624818
0,0.0051752245,0,0,0.0035563875,0.0061058719,0,0.0026308226,0,0,0.00050464383,0,0.00042931494,0.0047394438,0,0,0,0.0021287424,0,0,0,0.0026085912,0,0.0014073311,0,0,0,0,0,0.0034677382,0,0,0,0,0,0,0,0.0040716045,0,0,0,0,0,0,0,0,0,0,0,0.029198354,0.032924183,0.028164536,0.020237612,0.044690918,0,0.029659629,0.024718875,0.023294281,0.023787143,0.033240467,0.046229381,0.019210434,0,0,0,0,0,0,0.010179789,0,0.010644048,0.028594509,0.016986001,0.008856738,0.010752642,0,0,0,0.013644367,0.0089231627,0,0.0093135796,0.01053465,0.034204938,0.023875814,0.039403725,0,0,0,0,0,0,0,0,0,0,0,0,0,0,0,0.0044026049,0,0.002280504,0.010486193,0,0,0,0,0,0,0,0,0,0,0,0,0,0.0011311254,0.0015105105,0,0.0083526149,0.0036771714,0,0,0.00057695864,0,0.0057212804,0.0014698696,0,0.0055563217,0.001039814,0,0.0013170368,0,0,0,0,0.010361105,0,0,0.01296973,0,0,0.01128832,0,0.0030824735,0.021180505,0,0.03269881,0.034668442,0,0,0.029236849,0.036127411,0.032403562,0.028810868,0.05272036,0.035734452,0.026741344,0.030836213,0.030656759,0.034742679,0.035286713,0.049463086,0.020165894,0,0.017032951,0.024149451,0.0014516438,0.023946587,0.0036940086,0.008602256,0.013750946,0.017163757,0.028693894,0.020684967,0.0045681526,0.0099814413,0.0067277765,0.010827595,0,0.012627889,0.0062355255,0.013419931,0.0069877012,0.022849869,0.043384288,0.031345617,0.037205186,0,0,0,0,0,0,0,0,0,0,0,0,0,0,0.00018931903,0.0064290301,0,0,0,0.00014568637,0.0073014149,0.010160035,0,0.00052285381,0,0,0,0,0,0,0,0.0050550215,0,0,9.2378832e-05,0,0,0,0,0.0057991315,0.0013141001,0.0050670151
0,0,0,0.026504586,0,0,0,0,0,0,0.0031773404,0.0029876796,0,0.0027555698,0.015116451,0,0,0,0,0,0,0,0,0,0,0,0,0,0,0,0,0,0,0.023084935,0,0,0,0,0,0,0,0,0,0,0,0,0,0,0,0.014476797,0.015651133,0.037212264,0,0,0.024260987,0.056979347,0.035575721,0,0.008383573,0.038220193,0.036773793,0.053357769,0,0,0,0.016821248,0.021595795,0.0070457077,0,0,0,0.027167123,0.0073529272,0,0.014018971,0.019103799,1.6112857e-05,0,0.015311539,0,0,0,0,0,0.01709893,0.0067700557,0,0,0,0,0,0,0,0.0030889409,0.0051817084,0.02090756,0,0,0,0,0,0.0085582687,0,0,0,0,0,0,0,0,0,0,0,0,0,0,0,0,0.00032678107,0,0,0,0.0023542582,0,0,0,0,0,0,0,0,0,0.022216763,0.012947743,0,0.012189631,0.017727654,0,0.0219233,0,0,0.018636104,0,0,0.01662058,0.005969556,0.0036109872,0.020335585,0.027993232,0.031667124,0.034248509,0.016913475,0.028385809,0.034731004,0.011370806,0.044888493,0.038133375,0.035223596,0.059982538,0.048991557,0.025783429,0.022129549,0.045524813,0.028976981,0.042592943,0.066339985,0.033721227,0.015039554,0.021787848,0.011022338,0.041058354,0.0083158929,0.016723279,0.018658498,0.010567474,0.024835592,0.024706107,0,0.0072244192,0.00053223612,0.0017502457,0.016165366,0.027333379,0.01219855,0.023737401,0,0.025187239,0.017969195,0.014277731,0.0052975602,0,0.027341839,0,0,0,0.023993496,0,0,0.0034893423,0.017269859,0,0,0.0088563692,0,0,0,0,0,0,0,0,0,0,0,0,0,0.033627264,0,0,0,0.0069601513,0.003399641,0,0,0,0,0,0.0021618525,0,0.012867367,0.0041272952,0.01105769
0.0047410922,0,0.0039699874,0.016204486,0.015971953,0,0,0,0,0,0.0025757481,0.0059481813,0,0.0083358185,0.010539589,0,0,0,0,0.0084477318,0.011760166,0,0,0,0,0.0013245308,0.0007620455,0,0,0,0.012916644,0,0.0068311086,0.019664636,0.015112604,0.017888006,0,0.012376866,0.00097987917,0,0,0.015258948,0,0,0,0,0.0096763568,0.017553115,0.019774485,0.0096703526,0,0.024172653,0,0.019200837,0.022105679,0.039907452,0.04735136,0,0.013713171,0.036455475,0.024123494,0.037542343,0.031696901,0.014225634,0.0048887413,0.028853852,0.036213648,0.020641647,0.017620215,0.020085361,0.019599583,0.044639084,0.014879567,0,0.015687494,0.019220214,0.016334984,0.0037187028,0.014211709,0,0,0,0.0027611968,0.018675929,0.026565477,0.012358939,0,0,0.01013374,0,0,0.0048611518,0,0,0.0069799325,0.013133983,0,0,0,0,0,0.0017554233,0,0,0,0.011209683,0,0.0048580002,0,0.01081638,0.0050173672,0,0,0,0,0,0,0.0064149285,0,0,0,0,0,0,0,0,0,0.0017161949,0,0,0.010126198,0.012208527,0.014604126,0.011485966,0.0205254,0,0.01380692,0,0,0,0,0,0,0,0,0.0087938234,0.0067670867,0.012537951,0.019010646,0.024436049,0.030852268,0.017317172,0.020317314,0.023247628,0,0.030973474,0.016253706,0.024717987,0.047756504,0.066136025,0,0.027776614,0.042858951,0.027942413,0.026757609,0.040553194,0.029711876,0.022506807,0.034377579,0.022969889,0.061099488,0.013367291,0.042548228,0.032669291,0.02476323,0.073707953,0.02708165,0.0003198387,0.011032778,0.0015190124,0.0032118943,0.033650666,0.025772851,0.0060437224,0.022345629,0,0.028797457,0.022867467,0.023166968,0.0078762602,0,0,0.0029895825,0,0,0.018498382,0,0,0.0042842897,0.013819523,0,0,0.00065789931,0,0,0.0009046768,0,0,0.0028369869,0,0,0,0,0,0,0,0.023242278,0,0.019616125,0,0,0,0,0,0,0,0,0,0,0,0,0.0094965892
0,0.014713757,0,0,0,0.01452924,0,0.0092064478,0,0.0043330169,0.0029188206,0,0.0069867754,0.012042892,0,0,0,0.016113948,0,0,0,0.012912206,0,0.0069780024,0,0,0,0,0,0,0,0,0,0,0,0.00091495516,0,0,0,0,0,0,0.013457583,0,0.023012143,0,0,0,0,0.026366118,0.024952739,0.014410578,0.048013046,0.027005723,0.033975072,0,0,0.070228927,0.045518499,0,0.032944635,0,0,0,0.0015748203,0.0076452694,0.0093433987,0,0,0.00041657692,0,0.007997456,0.0073852218,0.0077920952,0,0,0.011660255,0,0,0.012282465,0,0.0093152579,0.0069697625,0.01386652,0.0056518773,0.02288598,0,0,0,0.011910101,0,0,0,0,0,0,0,0,0.0094954688,0.010761956,0.014166747,0,0,0,0,0,0,0,0,0,0.013267456,0.0020189828,0.0015436003,0,0,0,0.0034987568,0,0,0,0.009452628,0,0,0.01014847,0.016385859,0.0058386978,0.027877163,0,0,0,0,0,0,0,0,0.0096454639,0.011329343,0,0,0.0059801587,0,0.0053236717,0.015576186,0.026319087,0.010209596,0.018086422,0.0084161861,0.013004732,0.0058445795,0.023164948,0.022497874,0.016442943,0.019224841,0.028034667,0.025166407,0.048741303,0.05507176,0.030497942,0.026129883,0,0.11910502,0.062174868,0.030718297,0.025953904,0.039937016,0,0,0.015690535,0.016166272,0,0.013350829,0,0,0.0065259612,0.0025986894,0.015260102,0.012079639,0.011483101,0.0012124752,0.012592806,0.018762928,0.0015859699,0,0,0,0.0075331172,0,0.010664539,0.012768475,0.023264654,0,0,0,0,0.015215365,0,0,0,0,0,0.0037291409,0.00300511,0,0.010279351,0.010565016,0.0012449229,0.0044634193,0.013758495,0,0,0,0.011562767,0.011066139,0.0057985629,0,0,0,0.03912694,0,0.00045800637,0.015736371,0,0.036106504,0,0,0.0035556357,0,0,0.0081573483,0,0,0
0,0,0,0,0,0.0080825612,0,0.0039773523,0,0,0,0,0.003268044,0.0028555109,0,0,0,0,0,0,0,0.0079293344,0,0.0050417311,0,0,0,0,0.003355172,0,0,0,0.0078821722,0,0.0049290797,0.01582817,0.00096333399,0,0.0051342398,0.026835609,0.0077307234,0.012018858,0.017449608,0,0,0.022152152,0.0065680877,0.014029304,0.032516699,0.028173093,0.031138504,0.020267051,0.036943547,0.0314928,0.03722243,0.010371341,0.011753174,0.044563126,0.05144798,0.0046688952,0.030640552,0,0,0,0.008417421,0.016852126,0.017157219,0.0062788487,0.0099688536,0.014439827,0.008046939,0.026828077,0.011298811,0.0069066412,0,0.01177591,0.016821606,0,0,0,0,0.0093328552,0.011002828,0,0.019552968,0.024164673,0,0,0,0.0031424917,0,0,0,0,0,0,0,0,0,0.0069824145,0.0072701508,0,0,0,0,0,0.012677906,0,0.002283067,0.011271728,0.011163982,0.00074323977,0,0,0,0,0,0,0,0,0.0032141816,0,0,0,0.0045890394,0,0.0095848609,0,0,0,0.0016245188,0,0,0,0.0067983679,0,0.017421883,0,0,0,0.010858368,0,0.023911506,0,0,0.025847724,0.016313769,0.016847139,0.01029353,0.028848276,0.029100755,0.018452274,0.024413867,0.029842651,0.02668553,0.058249764,0.044484507,0.028803449,0.020889979,0.027900303,0.060611553,0.075783297,0.014981334,0.045241438,0.023340328,0.013428408,0,0.022410464,0.020805025,0.0010825194,0.0291452,0.0036661408,0.013437666,0.021573771,0.016241586,0.039674588,0.014150706,0.0095175914,0.0031395275,0.01395666,0.019501397,0.014040491,0,0.0028091879,0,0.0070508062,0.0010805835,0.019608587,0.024415886,0.023713546,0.008697019,0,0,0.0038205411,0.0043597044,0,0,0,0,0,0.0032073739,0,0,0.0049954569,0.0082329949,0.0059086299,0.00088593492,0.0053349459,0,0,0.0015013498,0,0,0.0029325662,0,0,0,0.011991074,0,0,0.013725348,0,0.014013164,0,0,0,0,0,0,0.0032628481,0,0.0024466212
0.012051427,0,0,0.019093795,0,0,0,0,0,0,0.014588569,0.0042291889,0,0.013842213,0.010804917,0,0,0,0,0,0.0074734548,0,0,0,0,0,0.0052411174,0.0070099151,0,0.00092466362,0.016120257,0,0,0.012046525,0.01231518,0,0,0.010382116,0,0.009934078,0,0,0,0,0,0,0,0,0,0.013346563,0.02120767,0.02614679,0,0.024410058,0.021817336,0.03618722,0.040713031,0.0013916162,0.010640064,0.061888285,0.036795087,0.034582552,0.028761182,0.0051436508,0.00204042,0.026974365,0,0.020376714,0.018759705,0.014776667,0.020959951,0.037046723,0.025195654,0.01004361,0.023029633,0,0.014383599,0.003732228,0.018576587,0,0.019090053,0.00052076986,0.0013072736,0.026301036,0.026793614,0.031005451,0,0,0,0,0,0,0,0,0.0055471794,0.014847884,0,0,0,0,0,0.0086408723,0.00010819946,0.0011229927,0,0,0,0,0,0,0,0,0,0,0,0,0,0,0,0,0,0,0,0,0,0,0,0.00042064238,0,0,0,0,0,0.002512977,0.015687428,0,0.01212147,0,0,0,0,0,0,0,0.0080248704,0,0.0013924839,0.015246148,0.01635916,0.023242462,0.026246894,0.016170401,0.0230403,0.020954829,0.012533111,0.026235547,0.015197578,0.034430772,0.045744006,0.044825803,0.030758396,0.016703222,0.13541421,0.018144071,0.05347991,0.042149201,0.028194616,0.013596965,0.028576961,0.014822242,0.042581566,0.01920728,0.021692943,0.020483788,0.0259875,0.03631819,0.063045263,0.025623361,0.021995131,0,0.0016605586,0.029523119,0.029620152,0.010999827,0.021529565,0,0.029589966,0.029541114,0.023037747,0.041228697,0,0.018353706,0,0.0013100276,0,0,0,0,0,0.014355051,0,0,0,0,0,0.0065194471,0,0,0.0015061328,0,0,0,0,0,0,0,0.019529779,0,0,0,0,0.0012989065,0,0,0,0,0,0,0,0,0,0.0081121344
0.005216212,0,0,0,0.0033198025,0.0037752134,0,0.002054523,0,0,0,0,0,0.0036349348,0.001186509,0,0.003475283,0.0016397524,0,0,0.0052169682,0.00076060061,0,0.0018993618,0,0.0010677212,0,0,0,0,0.0011025665,0,0,0,0.0085958811,0,0,0.0082991654,0.0056900736,0.018243235,0,0.013511044,0.0024619519,0,0.0098180408,0.0061084195,0.00892842,0.02013739,0.032311682,0.022401538,0.027976096,0.027372444,0.013791045,0.030394133,0.026164332,0.030607214,0.022420805,0.014143812,0.044488117,0.018294532,0.068306156,0.026405189,0,0.0025692503,0.009156567,0.016470529,0.018000044,0.0086041009,0.012867613,0.014559205,0.017979171,0.04257023,0.010591557,0.002220249,0.0084216576,0.023380201,0.0084461495,0,0.010091588,0,0,0.0013541986,0.0049741296,0.022757923,0.032763816,0.018834626,0,0,0,0,0,0,0,0,0,0,0,0,0,0,0,0,0.0051307082,0.012248285,0,0,0,0.001984637,0,0.012345241,0,0.00093450316,0.00082169275,0,0,0,0.0035370365,0,0,0,0,0.00030738258,0,0,0,0.00277501,0,0.0086145084,0.0019078699,0,0.010966729,0.0026189047,0.00077071367,0.001504651,0,0,0.014385332,0,0.012419486,0.0025434764,0.0086610438,0,0.003558889,0.00357148,0.01478458,0.014382307,0.010769497,0.011752253,0.015216289,0.027204771,0.030026797,0.013950621,0.01947174,0.026098158,0.02208915,0.025864657,0.024368372,0.033409737,0.027639693,0.027439013,0.024296511,0.044684362,0.016236404,0.083646938,0.062382478,0.042638518,0.0055768979,0.015562559,0.013117729,0.0016293128,0.01586012,0.0057990709,0.011157888,0.015687188,0.03433276,0.058738392,0.01517191,0.0037374764,0,0.005463168,0.011212647,0.015323942,0.0054926015,0.002144871,0.0064595016,0,0.010439306,0.023054732,0.03174331,0.014299618,0,0.00021222753,0,0,0,0,0,0,0.0018458025,0,0,0,0.0023871702,0,0,0,0,0,0.00044095112,0.012284371,0,0.0033935155,0,0.00068372773,0,0,0,0,0.0082683694,0,0.006667804,0,0,0,0,0,0,0.00089270883,0,0.0063530905,0.0018722471,0.011634676
0.0098299449,0,0,0.012527523,0.0092627248,0.0020065517,0,0,0,0,0.006182835,0,0,0.012377842,0.0046799118,0,0,0,0,0.012663094,0.0078611597,0,0,0,0,0,3.6487247e-05,0.002050865,0,0,0.0060558836,0,0,0.014007365,0.01106096,0,0,0.010441275,0,0,0,0,0,0,0,0,0,0,0,0.015158243,0.022214513,0.036815539,0.0083466228,0.035201918,0.021287786,0.037768617,0.022733826,0.016683046,0.023082349,0.032485563,0.10681055,0.046397675,0.013815595,0,0.00086897396,0.014334181,0.017649014,0.0060662152,0.0086715259,0.012411475,0.0055001387,0.027671143,0.012198748,0.00091144617,0.010534779,0.016651109,0.0014140488,0,0.0072942162,0,0,0,0,0.016353916,0.028851142,0.023291146,0,0,0.0028519123,0,0,0,0,0,0.00099362968,0.0071927644,0,0.0015089454,0,0,0,0.006011141,0,0.02808702,0.0032905596,0.0057462221,0,0.0062913238,0,0,0,0.0012390926,0,0.003186008,0,0,0.00049926672,0.00064072106,0.00055669271,0,0,0,0.0042190142,0,0,0.0020427979,0,0.006664583,0.0026109107,0,0.0092542786,0.0064396174,0.01152685,0.0033781077,0.014863564,0,0.015479026,0.0033004447,0.012318732,0,0,0,0,0,0,0.005352003,0.0024238401,0.014397564,0.023221586,0.028727422,0.029726241,0.015083191,0.01925097,0.03291516,0.01258038,0.022464525,0.020109843,0.050112374,0.043628607,0.028301556,0.040637158,0.02543729,0.053863484,0.065550715,0.15159196,0.063995823,0.015570993,0.010816413,0.018212603,0.0041027954,0.017878531,0.0049219029,0.009442525,0.012166707,0.0090687582,0.023523394,0.014452832,0,0.004763837,0,0.005172235,0.0086927973,0.013626638,0.0052896226,0.012062732,0,0.014095856,0.018037137,0.01535015,0.014696893,0,0.011564869,0.0030350382,0,0,0.0055382936,0,0,0,0.0072549097,0,0,0.0015051322,0,0,0,0,0,0,0.02267912,0,0,0,0,0,0,0,0,0.017504163,0,0.0059343064,0.0020701955,0,0.00055807503,0,0,0,0.00068159995,0,0.008392591,0.0019457953,0.0051430133
0.020098586,0,0,0.03654138,0.028021086,0,0,0,0,0,0.0089565339,0.012221433,0,0.016844323,0.024478476,0.0006113319,0,0,0,0,0.018035915,0,7.4945696e-05,0,0,0.0024342136,0.011600835,0,0,0,0.031938668,0,0.0026490176,0.025477702,0.015232086,0.01227417,0,0.019504858,0,0,0,0,0,0,0,0,0.011929033,0.024296042,0.019566156,0,0,0.033785172,0,0.010416885,0.0020793572,0.051255308,0.03174112,0,0,0.035300694,0.039543901,0.081407256,0.054604076,0,0,0.00793334,0.012016766,0.0020228035,0.0050992556,0.0089801457,0.0085090455,0.025839126,7.9741971e-05,0,0.013988596,0.018504068,0,0,0.018871086,0,0,0,0,0.0094088214,0.017939499,0.000762743,0,0,0.026500199,0,0,0.021186333,0,0.0033235345,0.0021532322,0.039635532,0,0.0032262083,0,0,0,0.0068068109,0.0051440285,0.002500298,0,0.030326184,0,0.019862622,0,0.0013695883,0,0,0,0,0,0,0,0.024379583,0,0,0,0,0,0,0,0,0,0.0023087873,0.0013599765,0,0.013670629,0.01548625,0.029921133,0.0057425639,0.022737721,0,0.0057056146,0,0,0,0,0,0,0,0,0,0,0.011208965,0.023375718,0.022663569,0.02090821,0.011938263,0.012713632,0.020401055,0,0,0,0.01890168,0.065099508,0.040273078,0,0.012983905,0.041047297,0.042696457,0.06213814,0.086494386,0.042919833,0,0.0058218585,0.0056235534,0.01674618,0.0049956017,0.010258175,0.0063738516,0.0091201756,0.021959869,0.013311679,0,0,0,0,0.012857564,0.024112534,0.0099767912,0.030153474,0,0.028647354,0.013112512,0.007637688,0,0,0.036344778,0,0,0,0.041069675,0,0,0.00030286613,0.032537933,0,0,0.009617324,0,0,0,0,0,0.0039570937,0,0,0,0,0,0,0,0.047196865,0,0.035623915,0,0,0,0,0,0,0,0,0,0,0.0080339443,0.0014396354,0.008041529
0.016983172,0,0.0050508282,0.043139093,0.029004294,0,0,0,0,0,0.00099122,0.012371409,0,0.0024590821,0.020484967,0.0053646192,0,0,0,0.028853927,0.019420456,0,0,0,0,0,0.0061801733,0,0,0,0,0,0.01566392,0.03859181,0,0,0.0014659711,0,0.0079862922,0.014222386,0.0054876846,0.012605274,0,0.020241665,0,0,0,0,0,0,0,0,0,0,0.0040192641,0.026743919,0.019759979,0,0,0.022077883,0.0095642349,0.041114308,0.07301461,0,0.021646252,0.0175227,0.017907895,0.024029711,0.021249782,0.029175416,0.012868881,0.010833011,0.0081739891,0,0.026936442,0,0,0,0.015629727,0,0,0,0,0,0.0093740877,0,0,0,0.03003842,0,0,0.027637338,0,0,0.01240102,0,0,0.01157414,0,0,0,0.0083862077,0.0087984987,0,0,0.030631442,0,0,0,0,0,0,0,0,0,0,0,0,0,0,0,0,0,0,0,0,0,0.0022142753,0,0,0.0098990072,0.024241028,0.056793995,0.021741781,0.053367615,0.0090072323,0.052943446,0.015350049,0.018536869,0.0023635724,0.00077968423,0.011892776,0.0071301283,0,0.0044199075,0,0.027405962,0.0065269545,0.022545483,0.0098674763,0.0088275168,0,0.00086729339,0.0051714205,0,0.001209073,0,0,0.032682169,0.029311186,0,0,0.026908284,0.0053277593,0.014301667,0.042599257,0.1081845,0.039288588,0.017155033,0.024712477,0.022588458,0.023224862,0.037012845,0.025348242,0.013704585,0.013240755,0.019912815,0,0.012449584,0,0,0.015300119,0.030435655,0.013768056,0.032630034,0,0.022764957,0,0.0045141159,0,0,0.04356778,0.026225995,0,0,0.039518677,0,0,0.013105152,0.072805062,0,0,0.013613257,0,0,0,0,0,0.0096675986,0,0,0,0,0.013318812,0.00044338807,0,0.048834462,0,0.039518971,0,0,0,0,0,0,0,0,0,0,0.013369182,0,0.010855103
0,0.0080072768,0,0,0.0043216022,0.0047088335,0.00108767,0.0040792087,0,0.0008012373,0,0,0.0013079764,0.0034787748,0.00058401085,0,0,0.0039340127,0,0,0.0032995478,0.0022760376,0,0.00067089836,0,0,0,0,0,0.00079497695,0,0,0,0.017098349,0,0,0.0054233233,0,0.014041926,0,0.010713249,0,0.024367861,0.025094043,0.02565385,0.025492262,0,0,0,0.017922757,0,0,0.016193897,0,0,0.013665639,0.018516429,0.0074482569,0.020206351,0.0084069492,0.014268158,0,0,0,0.016090017,0.015115333,0.0175636,0.016134841,0.017911416,0.022518307,0.025158044,0.024187371,0.019239917,0.011735337,0.0074874223,0,0.020016879,0.01727091,0.010311689,0,0,0.0075600622,0,0.016197838,0.028297681,0.014462994,0,0,0,0,0,0.00043923949,0,0,0,0,0,0,0,0.0048038317,0,0,0.0046370234,0,0,0,0,0,0,0,0,0,0,0,0,0,0,0,0,0,0,0.0042665415,0,0,0,0,0,0.0080615683,0,0,0.014039977,0,0.0074544051,0.020914119,0.026441807,0.02403016,0.055051286,0.016375301,0.016339084,0.011303199,0.018059319,0.023423662,0.039957251,0.023709793,0.028359991,0.030226672,0.038542718,0.020323072,0.024898954,0.02260823,0.026311677,0.020869618,0.02086398,0.022898536,0.025059527,0.020407978,0.026371306,0.015352815,0.014017107,0.022374811,0.014664756,0.022183847,0.012039021,0.015806956,0.0091209821,0,0.03977545,0.10684863,0.023473207,0.01132117,0.020820782,0.018018112,0.025219113,0.029199932,0.032901309,0.023502022,0.022432316,0.013826683,0.017988693,0.055710416,0.041603457,0.034872379,0.023532828,0.0081159454,0.012885191,0.0095098456,0.017655021,0.020207833,0.029942065,0.017726952,0,0,0,0,0,0,0.010977527,0,0.0044972016,0.004835532,0,0.00062202552,0,0.0092703607,0.01570015,0.018127495,0.0044000754,0.0016677061,0.0067071081,0,0,0.0055988049,0.00089797546,0.05624814,0.030330667,0,0,0,0.013679025,0.0056533497,0.018935272,0.011987901,0,0.002013277,0.0012410411,0,0,0.0054824138,0,0.013312357,0.003768764,0.021253055
0,0,0,0.0018400645,0.00041952092,0.0021380901,0,0,0,0,8.7842462e-05,0,0,0.002888368,0,0,0,0,0,0,0,0,0,0,0,0,0,0,0,0,0,0,0,0,0,0,0,0,0,0,0,0,0,0,0,0,0,0.016193748,0,0.017664414,0.02846677,0.024321681,0.010923313,0,0.028582359,0.021124525,0.028367911,0.01128981,0.016715944,0.025277466,0.016645897,0.0068356744,0,0.024182279,0.016440263,0.047747921,0.042687967,0.029529091,0.021015897,0.019432032,0,0.027428616,0.020826716,0,0,0.017000426,0.032556091,0.010353344,0,0.0031695813,0,0.0087156817,0.0079499725,0.020688729,0.015968163,0.020835992,0,0,0,0,0,0,0,0,0.010749277,0,0,0,0,0.0063879727,0.00011482446,0.00062846084,0,0,0,0,0,0,0,0.010667058,0,0,0,0,0,0,0,0,0,0,0,0,0,0,0,0,0,0,0,0,0,0,0,0,0,0,0,0,0,0,0,0.011690809,0.005058405,0,0.010778114,0.0074578384,0.013769619,0.016890004,0.02072846,0.027419984,0.027042875,0.020090621,0.032244496,0.040543381,0.012948428,0.046184853,0.023918826,0.023182048,0.021805104,0.036040738,0.015786543,0.02229543,0.027798366,0.014895946,0.017803572,0.0070440336,0.018939251,0.025532713,0.048448432,0.034942977,0.067003638,0.016455693,0.033679195,0.027765345,0.017658401,0.027962307,0.029322693,0.012372561,0.03490819,0.010803847,0.010890753,0.052901417,0.021865085,0.0091529582,0.017052934,0.0057406062,0.024129149,0.024193207,0.018900661,0.014816152,0,0,0,0.0011334808,0,0,0,0,0.0024303696,0,0,0,0,0.0080092531,0.005212367,0.0067095705,0.0056321425,0,0,0,0,0.00055721367,0,0.0020487199,0,0,0.00063099357,0,0.0088800024,0,0.0079493187,0.00013922465,0,0,0,0,0,0,0,0,0,0.0012267597
0,0,0,0,0.0064974753,0,0.00061069231,0.001390387,0,0,0,0,0.00021473302,0.0044056955,0.0073971413,0.0058973152,0,0,0,0,0.0028361459,0,0,0,0,0,0,0,0,0.00090285687,0,0.0015621892,0,0,0.013302891,0,0,0,0.0049495716,0.0047342372,0,0.0052562184,0,0,0,0,0.0022790576,0.0068362961,0.0021207947,0,0,0.0020241463,0,0,0.00064022827,0.0054429919,0.010783799,0,2.2851742e-05,0.0086687375,0.0017379532,0.0049718898,0.013429807,0.031470422,0.041059401,0.025898024,0.023266662,0.048519988,0.030851822,0.017959053,0.022833027,0.011900583,0.026403774,0.023344049,0.036870126,0.0071585132,0.014824833,0.021305826,0,0.0060329004,0,0,0,0.0068266629,0.011285206,0.00096510939,0,0,0,0,0,0,0.011186052,0.033883773,0.054557215,0.0050875498,0,0,0,0.024041383,0.014024059,0.016781159,0,0,0.00015114099,0,0,0,0,0,0,0.0072070123,0,0,0,0,0,0,0,0,0,0,0,0.0017281342,0,0,0,0,0,0,0,0,0.0026323977,0.0026458292,0,0.0049100872,0.0055279233,0,0.003555679,0,0,0.0054113502,0,0,0.0022635525,0,0.02835072,0.0043775323,0.0083933156,0.0034781999,0.0061917217,0.0017505081,0.0023536067,0.0086157387,0,0.017197179,0.0026934708,0,0.0095929867,0.022402139,0,0.00010438467,0.012979728,0.0010051241,0.0024554131,0.0051152529,0.025203606,0.010612113,0.032576881,0.099814191,0.063299984,0.045997657,0.086873248,0.036558345,0.022728795,0.01275422,0.032059405,0.040471017,0.05136928,0,0.0027308685,0.032043658,0.026272427,0,0.0096614035,0.015570556,0.016382426,0.010645518,0.016382284,0.0061436803,0,0.0041037844,0,0,0,0.0039474005,0.037872363,0.079606213,0.071074285,0.023749756,0.00044819689,0.00505616,0.013653037,0.036152303,0.035453498,0.013592755,0.027366146,0.010486474,0.018482169,0,0.0030239818,0,0.0062215859,0.015871042,0,0.025937203,0,0,0.00045864392,0,0,0,0,0,0,0,0,0.012960264,0.0097817471,0.0019272047,0,0.020897867
0,0,3.207647e-05,0.0068627484,0.0076063736,0,0,0,0,0,0,0,0,0.0010754634,0.00099376566,0,0,0,0,0,0.0063774129,0,0,0,0,0,0,0,0,0,0.0020468156,0,0,0,0,0,0,0,0,0,0,0.006956595,0.00049642927,0,0,0,0.0018505292,0.011317213,0.016097199,0.0098897582,0.023574958,0.020399127,0,0,0.033264894,0.030122936,0.035097618,0.0041418127,0.014854379,0.03271788,0.018287977,0.015033339,0.014783424,0.01999246,0.017947275,0.046913378,0.055465709,0.034935221,0,0.023230415,0.019494545,0.033897068,0.02099002,0.012303385,0.023551663,0.011826167,0.024943456,0.0030533089,0,0,0,0.0017066017,0.00084672059,0.014982903,0.016298108,0.012136079,0,0,0,0,0,0,0,0,0.009925724,0.002189405,0,0,0,0,0,0.0045336294,0,0,0,0,0,0.0061041717,0,0.010089209,0.0065227984,0,0,0,0,0,0,0,0,0,0,0,0,0,0,0,0,0,0,0,0,0,0.0080875522,0.0063971812,0.014949596,0.010590903,0.019983409,0,0.010124918,0,0,0.010042815,0.004603439,0,0.00902321,0.0036910325,0.018876005,0.007523912,0.013308655,0.019931991,0.023228468,0.012733832,0.025274957,0.027168021,0.0098295575,0.066345111,0.020332919,0.022362955,0.040523909,0.062017471,0.012404721,0.030071497,0.040919252,0.017153073,0.017067593,0.017534941,0.023695745,0.021890359,0.066052318,0.064550549,0.086504586,0.016509555,0.055853266,0.039674141,0.022672338,0.03858117,0.034768812,0.011076854,0.025970336,0.0025565866,0.0019074992,0.03676109,0.021304797,0.0038134456,0.012081648,0,0.020393256,0.016050402,0.016099833,0.0076681576,0,0.010327863,0,0,0,0.0026623844,0,0.0028932523,0.0092883268,0.0057855677,0,0,2.9579271e-05,0,0.00062036916,0.00033634651,0,0,0,0,0,0,0,0,0,0,0.008654831,0,0.01044477,0,0.0025215605,0,0,0,0,0,0,0,0,0.0052207103,0,0.0041937334
0,0.0013398996,0,0,0.0078707477,0,0.0011820643,0.0034966606,0,0,0.0025666626,0,0,0.0016565662,0.0079800254,0.0027474964,0,0,0,0,0.0055722808,0,0.00029980656,0.0018531674,0,0.0039654672,0.0014692125,0,0,0,0.0062818243,0,0.016492445,0.013152076,0.01625393,0.016849261,0.003859872,0.0080407765,0.011262893,0.0093737897,0.0069892621,0.016830867,0.016334897,0.016474102,0.01206374,0.013195813,0.0017490601,0.0036324679,0.0024341617,0,0.00056974002,0.0015963312,0,0.0021179644,0,0.0035572785,0.015125345,0,0.00295566,0.0099972971,0.0015986217,0.0015138441,0.0079859039,0.034473173,0.042151012,0,0,0,0.060467143,0.028585535,0.050193001,0.022163305,0.02873734,0,0,0.0044195782,0,0,0.0085922219,0,0,0,0.015631158,0.0099525023,0.026659807,0,0,0,0,0,0,0.0028556131,0,0.021861067,0,0,0,0,0.0017955452,0.011739207,0.0051977476,0,0.032703884,0.012154045,0.0011696955,0,0,0,0,0,0,0.029430717,0,0,0,0,0,0,0,0,0,0,0,0,0,0,0,0.0095392941,0,0,0.013890633,0.0082295015,0.006357885,0.016500425,0.016280562,0.014161373,0.0088804364,0.013767662,0.012455383,0.0076787225,0.014662316,0.017415768,0.016530421,0.0053314385,0.017891269,0.027909329,0.057801049,0.0079748472,0.0047024721,0.0011049137,0.0072402046,0,0.0032784001,0,0.0064903125,0,0.00072053558,0.00096879265,0.0058844788,0.011629499,0,0.0014164072,0.016689913,0.0042665773,0.0024985676,0.0037964035,0.022566505,0.015838655,0.013449778,0.044820867,0.014179287,0.089439943,0.041485269,0.06977018,0.059186947,0.02199951,0.033029616,0.04124647,0.024223302,0.0064197741,0.0094584841,0.023456056,0,0.0052144914,0.0091799423,0.0076360092,0.0085846931,0.016133128,0.032712176,0.0043887976,0,0.001892977,0,0,0,9.6972384e-05,0.022466343,0.024891783,0.038709406,0.0088383043,0,0,0.0086650783,0.019990001,0.013706319,0.020927213,0,0,0.051330198,0.0083864257,0,0.004413343,7.2209332e-08,0.036546525,0,0.0028057746,0,0,0.0018589556,0,0,0,0,0,0,0,0,0.010215783,0.0065176999,0.018894235,0,0.051633261
0.0037013232,0,0.0032546155,0.0070978487,0.011334602,0,0,0,0,0,0,0,0.00018579913,0.0053195539,0.0038044564,0.00037782098,0,0,0,0.0061197351,0.007172443,0,0,0,0,0,0,0,0,0,0,0,0,0,0.033020321,0.019545626,0,0,0.010055668,0.023527153,0,0.014672297,0,0,0.0019841471,0.015132783,0,0.0083629629,0,0,0,0.0072923624,0,0.0051051788,0.011143269,0,0.020250205,0,0.0088485628,0.017617146,0.011352387,0,0.019674806,0.026124895,0.044634249,0.028505478,0.028513858,0.05098182,0.040470697,0.0388023,0.028397208,0.022284705,0.02545006,0.014070807,0.030630257,0,0.012701703,0.013502546,0.0082583632,0,0,0,0.0034549509,0.010653197,0.016097268,0.0073964074,0,0,0.011731829,0,0,0,0,0.013455811,0.025356833,0,0,0,0,0.0058796587,0.0076219863,0.0093376609,0.011479352,0,0,0,0,0,0,0,0.0017543942,0.00741712,0,0,0,0,0,0,0,0,0,0,0,0,0,0,0,0,0,0,0,0,0.0097810803,0.011055112,0.026902024,0.015131314,0.022861037,0.015148002,0.012202184,0.0065512196,0.010394437,0.016105007,0.016605893,0.0048124949,0.012456048,0.009304841,0.05011471,0.0044007129,0.011205884,0.0080593601,0.012789764,0.00049999839,0.0054400796,0.0097864931,0.0053433022,0.018870013,0.0086808326,0.0066123554,0.015256582,0.04212185,0,0.012773799,0.01985069,0.010861823,0.0077574155,0.0097863218,0.037618589,0.024940673,0.031502943,0.086837336,0.054626793,0.043135263,0.11470233,0.085942805,0.033104919,0.037662767,0.041499965,0.027524982,0.035466261,0.0070910887,0.0090624727,0.02623638,0.030322392,0,0.0099535752,0.0054065054,0.01492279,0.013117556,0.020317538,0.008781258,0,0.0060050604,0.0036717455,0,0,0.013034937,0.010728287,0.023532957,0.06526199,0.018296916,0,0,0.0042148475,0.0080234054,0.017433312,0.0053972593,0.0065670386,0,0.012691128,0,0,0,0,0.016413411,0,0.0091234511,0.0019516286,0,0.012467463,0,0,0,0,0,0,0,0,0.00095444702,0,0.0062582665,0,0.017858
0.0013329819,0,0,0,0.0076174028,0,0,0,0,0,0.00022734136,0,0,0.0050979615,0.0018820906,0,0.0022834183,0,0,0.0015725347,0.0062531321,0,0,0,0,0,0,0.00052823866,0,0,0.0015892027,0,0.029495988,0.030901864,0.039534442,0.029330567,0.008761907,0.013226559,0.021623541,0.03266976,0.016513638,0.024279814,0.037513979,0.025274638,0.02760753,0.040446073,0.0026407682,0.007165621,0.009286806,0.0035925794,0.0069644647,0.012408071,0.0061182254,0.010773243,0.017079141,0.012101612,0.025178457,0,0.011382016,0.015882358,0.014225453,0.0047374396,0.0072094523,0.023977302,0.044438507,0.021910708,0.028318888,0.03800841,0.055275571,0.055302024,0.031832762,0.031131309,0.027223617,0.013140763,0.016560579,0.0070851459,0.0087746559,0.0026692729,0.0031294748,0,0,0,0.0049534542,0.0082996022,0.020952262,0.0042134793,0,0,0,0,0,0,0,0.0026673926,0.010344283,0,0,0,0,0,0,0.0056051696,0.0083955657,0,0,0,0,0,0,0.007436662,0,0.011111053,0,0,0,0,0,0,0,0,0,0,0,0,0,0,0,0.0043687806,0,0,0.0099627571,0.0054133981,0.0077027925,0.014621344,0.037390698,0.030227985,0.035295628,0.023157889,0.02076559,0.018109951,0.022287223,0.024665922,0.044895418,0.027771378,0.02581208,0.034278672,0.079532698,0.0079331016,0.010501224,0.0084559191,0.011685243,0.0041345716,0.0091795893,0.010310953,0.013051328,0.013665673,0.014319273,0.011775246,0.016899569,0.031755224,0.0048849252,0.020538144,0.018285319,0.015260706,0.010199578,0.0059203818,0.025264133,0.028156836,0.025048625,0.035593547,0.03765158,0.070754297,0.084813058,0.14471385,0.054556377,0.0532359,0.035042174,0.019273955,0.014497641,0.0042077126,0.0078220721,0.018546965,0.019143041,0.0042550871,0.0059165643,0,0.0039148708,0.011180814,0.022655582,0.0079520661,0,0,0,0,0,0,2.8447121e-05,0.003372974,0.043017235,0.0027816526,0,0,0,9.1967733e-05,0.0062036822,0.004805889,0.00021938134,0,0.0076228068,0,0,0,0,0.015412234,0,0,0,0,0.0051631504,0,0.00072621682,0,0,0,0,0,0,0,0,0.0089515503,0,0.016738515
0,0,0,0,0.0048387218,0.0011608117,0.0057681124,0.0078825178,0,0,0.0011287133,0,0,0.0044516977,0.0025213938,0,0,0,0,0,0.0049737198,0,0.0039913729,0.0079911435,0,0.00096178951,0,0.00061343366,0,0,0.00018033512,0,0.016658708,0.01312376,0.010533802,0.021697041,0,0.011519754,0.013450474,0.022178542,0.0019368114,0.020894002,0.011640348,0.023511989,0.015140124,0.012774579,0.0065398989,0.012789148,0,0.005779257,0,0.0078107589,0.0051269652,0.014098165,0.0092569282,0.0089842137,0.027760884,0,0.014907017,0.015409281,0.015200098,0.0076888176,0.0020934225,0.023480393,0.020988148,0.016905818,0.019511262,0.026252329,0.041744806,0.022136014,0.069264039,0.049805921,0.028915107,0.025368035,0.0093209753,0.014607267,0.020591088,0.028892446,0.015253851,0.0093938913,0.014034251,0.0020904399,0.024154764,0.025257871,0.052817155,0.015587355,0,0,0,0,0,0,0,0.0016931733,0.0091098687,0,0,0,0,0.0077922395,0,0,0.019718936,0.029580617,0,0,0,0,0,0,0.010393271,0.019232299,0,0,0,0,0,0,0,0,0,0.0085909199,0,0,0,0,0,0.0089491364,0,0,0.016115259,0.00724978,0.0039788331,0.01462332,0.016034706,0,0.015102334,0.010068668,0.016387997,0.0048101,0.017332051,0.022638729,0.011207581,0.010062224,0.022256497,0.018977653,0.026381304,0.013404826,0.0088417837,0.01354274,0.016935905,0.0090889307,0.0082157832,0.0080059078,0.025568923,0.0070021404,0.011414753,0.013767478,0.0078040413,0.022651847,0,0.013818583,0.022444805,0.03275156,0.0059895804,0.0077802525,0.01310623,0.030735046,0.014154498,0.021886442,0.019874174,0.059233628,0.031679746,0.05355395,0.10987264,0.064213134,0.028001249,0.026710182,0.016216658,0.015184343,0.020787129,0.036525041,0.017799646,0.0011171091,0.01541773,0.0098817786,0.017355543,0.028685555,0.060022097,0.018568665,0,0,0,0,0,0,0.018789839,0.0030104038,0.0042169956,0.0011752516,0,0,0,0.0074183913,0,0.026988065,0.01338351,0,0.019308714,0.026772376,0,0.012761111,0,0.023007458,0,0,0,0,0.004372254,0,0,0,0,0,0.005151053,0,0,0.0032366202,0,0.015900342,0,0.044871818
0.0016315002,0,0,0,0.0010675096,0.0030136025,0,0.0015410038,0,0,0,0,0,0.0083473455,0,0,0,0,0,0,0.0026978315,0,0,0.0023571954,0,0,0,0,0,0,0,0,0.0047667562,0.007260731,0.0088469479,0.01506294,0,0.0088970037,0.00038297806,0.018291932,0.0048738499,0.014710912,0.0013585703,0,0.0064087012,0.0011634312,0.0082096942,0.017121248,0.025104553,0.013706617,0,0.017802162,0.0067318766,0.023276301,0.024413813,0.024254819,0.039243944,0.0078843934,0.034301084,0.024062555,0.032245431,0.015062578,0.00035307062,0.018009711,0.0096994331,0.026063224,0.027643669,0.017763479,0.023055289,0.019915631,0.036099531,0.065820202,0.016860869,0.011262456,0.008448923,0.018562447,0.021826627,0.013995737,0.0097619407,0,0.019268811,0.00070296135,0.0134257,0.028218821,0.038343981,0.019929461,0,0,0.0011081357,0,0,0,0,0,0.0032310102,0,0,0,0,0.0016593091,0,0,0.0050606718,0.010012516,0,0,0,0,0,0.0072398568,0.0080032125,0.0030571069,0,0,0,0,0,0,0,0,0,0.004608647,0,0,0,0,0,0.00096525671,0,0,0.0066335551,0,0.00082767464,0.001967608,0.010941823,0.012646603,0.010606455,0.0035613752,0.0089317588,0.0028965981,0.0078213494,0,0.0038233525,0.0034068082,0,0.014841172,0.011457322,0.013392692,0.012137782,0.02264009,0.028245682,0.010928543,0.019821251,0.014690863,0.021106159,0.025469612,0.016218156,0.025320631,0.022309804,0.07208208,0.012476972,0.037790094,0.032621831,0.057599075,0.020115938,0.021038909,0.012832491,0.022116061,0.024945503,0.012711403,0.036263891,0.022724228,0.036892053,0.05262794,0.065165237,0.11456376,0.025289321,0.010734325,0.0090613719,0.0073941485,0.010250601,0.038852315,0.014029594,0.0041587381,0.015282119,0.0044615371,0.017897187,0.028453529,0.035546895,0.021120027,0,0.0052100411,0,0,0,0,0,0,0.00062022253,0,0,0,0,0,0,0.0088808127,0,0,0.0016764356,0.0067379498,0,0.0016649285,0,0.0046090004,0,0,0,0,0.006764309,0,0.0013698896,0,0,0,0,0,0,0,0,0.0032748054,0,0.010330088
0,0,0,0,0.0041537443,7.943208e-05,0,0,0,0,0.00076961942,0,6.4587366e-05,0.007583336,0,0.00093823747,0,0,0,0,0.0016568955,0,0,0,0,0,0,0,0,0.0012046696,0,0,0,0.018677125,0.020680038,0,0.0050043333,0,0.0059312442,0.019091532,0,0,0.0096328054,0,0,0,0,0.0096635818,0,0.014277059,0.014869349,0.01062262,0.00987201,0.015934821,0.0056741387,0.015844714,0.025945678,0,0.010556621,0.031669848,0.013183135,0.0092217084,0.0080283564,0.022757795,0.024493804,0.025493184,0.026679968,0.0321704,0.038145982,0.031200817,0.028600354,0.025523882,0.049609683,0.021800321,0.025110092,0.015709158,0.020751689,0.016546424,0.014142439,0.010104864,0.016359735,0.0090020355,0.011855137,0.024330635,0.027930278,0.023560993,0,0,0,0,0,0.0042296047,0,0.0048616477,0.014676581,0,0,0,0,0.0070588142,1.9677358e-05,0.015242318,0,0,3.047125e-05,0,0,0,0,0.0029869103,0.0062382291,0.006449339,0,0,0,0,0,0,0,0,0,0,0,0,0,0,0,0,0,0,0,0,0.010795808,0.011290735,0,0.020088099,0.019006619,0.010311009,0.01362173,0.0053154263,0,0.024758499,0.015878197,0.0055088662,0.022900602,0.025548462,0.03154226,0.012958013,0.016089739,0.014908882,0.019456206,0.015077147,0.015688773,0.013372826,0.018520238,0.01379741,0.033176124,0.01909337,0.023819739,0.027762463,0.011149658,0.014343928,0.061970793,0.015723988,0.01318683,0.013360018,0.021424362,0.023232605,0.028533408,0.033776984,0.035030972,0.036274131,0.043333434,0.037854873,0.031025087,0.027443334,0.12377354,0.062884219,0.040429406,0.0093240011,0.013173521,0.036038332,0.051146619,0.0085666114,0.017124992,0.015127669,0.027260637,0.029228041,0.031621616,0.034514777,0,0.01065141,0,0,0,0,0.012649561,0.0041399943,0.014370847,0.0081006456,0,0,0.0015668811,0.011584427,0.017319078,0.020001421,0.010014718,0.019649068,0.0038878091,0,0,0.0092230756,0.0018583853,0.0084690927,0,0,0,0,0.0045050518,0,4.1595777e-05,0.0031301503,0,0,0,0,0,0.0072591342,0,0.0034087729,0,0.01303912
0,0,0,0,0,0.0036842688,0.0023381803,0.0067190356,0,0,0,0,0.0024468997,0,0,0,0,0,0,0,0,0.0030133442,0,0.0037715076,0,0,0,0,0.0010063376,0,0,0,0,0,0,0,0,0,0,0.0040642577,0,0,0,0,0,0,0,0.00030735412,0,0.0013340709,0,0,0.011777769,0.0047246935,0.0012066299,0,0.001682568,0.0064335866,0.0090029705,0.0064101019,0,0,0,0.022366796,0.02469857,0.0093930475,0.0084228795,0.028171847,0,0.0071908548,0.031865206,0.0085635697,0.027995789,0.04710681,0.021209743,0,0.014356157,0.020091409,0.00036748662,0.015583512,0.0062844218,0.01240336,0.018849749,0.015067863,0.019235453,0.014744441,0,0,0,0.0015608319,0,0,0.010082072,0.014534747,0.027827779,0,0,0,0.011663882,0.023555696,0.011482862,0.0074583823,0,0,0,0,0,0,0,0,0,0.023935022,0,0,0,0,0,0,0,0,0,0,0,0.010316437,0,0.015251708,0.0048442045,0,0,0,0,0,0,0.0057998998,0,0.0045113508,0,0,0.0017337572,0,0,0.0064579039,0.0065475544,0.0047159204,0.0063454523,0.009574743,0.021979686,0.00069127488,0,0.00054170255,0.0017367468,0.0033582288,0,0.0011025179,0.010082332,0.0024014055,0.012117883,0.0028625675,0,0.00011958055,0.010252591,0.0089097675,0.024476036,0.0036061821,0,0,0,0.013792129,0.011252595,0.041518889,0.010656348,0.0437508,0.028429011,0.020842167,0.029129237,0.011661696,0.062293004,0.10975168,0.03806264,0.0076186396,0.01092955,0.020352725,0.017589211,0,0,0.022949852,0.0047017648,0.017037692,0.026811946,0.032385863,0,0,0,0,0.00084867177,0,0.026838243,0.024394017,0.030890837,0,0.0055952095,0.001174323,0.00554397,0.030924017,0.031269297,0.028433457,0.028773058,0.047206447,0.010381821,0,0.0029450296,0.020958727,0.034734972,0.027814072,0,0.0033985723,0,0,0,0,0,0,0,0.0049930708,0,0,0,0.035234526,0.037406567,0.0080104684,0,0.021758262
0,0,0,0,0.0011716794,0.0010548048,0.001488169,0.0023972797,0,0,0,0,0.0060273749,0.0095958021,0.0056713293,0.0080279261,0,0,0,0,0,0,0,0,0,0,0,0,0,0.0043902355,0,0.0020502505,0.0013341594,0.0032696147,0.0093668699,0.0080017988,0.00044716272,0,0,0.005608012,0,0,0,0.0057433727,0,0,0.0062520094,0.012790732,0,0.007086928,0.012372311,0.0058136359,0.0068250499,0.0088116881,0.0013784441,0.0076407408,0.012171336,0,5.0180148e-05,0.012633401,0.0011608349,0,0.0015297725,0.026211048,0.020726338,0.024784405,0.018423984,0.033238865,0,0.013502017,0.014999663,0.0089679994,0.031555399,0.01907471,0.037370749,0.014338431,0.021226201,0.026600579,0.014586782,0.019608829,0.020258505,0.024145324,0.012892027,0.018960955,0.017268674,0.01743382,0,0,0,0,0,0,0.0027682073,0.010472002,0.02812976,0,0,0.0015233476,0,0.021618277,0.0097810952,0.014527206,0,0,0,0,0,0,0,0.0037791613,0.0024406244,0,0,0,0,0,0,0,0,0,0,0.0021306125,0,0.0027011805,0,0,0,0,0,0,0,0,0.0022835955,0.00050885027,0.0063964813,0,0.0052561122,0.0029516534,0,0,0,0,0.00078597071,0,0.0046392088,0.0032350817,0.015428597,0.016703781,0.018806299,0.013236783,0.014664846,0.021843266,0.013580324,0.021049449,0.008944435,0.011975652,0.015873374,0.0094192047,0.0074901194,0.012477362,0.0012015076,0.0041269525,0.022209726,0.00022314329,0.00457193,0.00036916652,0.014607063,0.019711081,0.035628472,0.053992193,0.027449954,0.027155751,0.037879478,0.017325986,0.019208137,0.011351142,0.04157472,0.039367657,0.11637493,0.01484711,0.016107928,0.0417067,0.04919992,0.008844682,0.019933181,0.028063331,0.045839723,0.023335077,0.022076745,0.032750472,0,0,0,0,0,0,0.032231461,0.029578423,0.024799932,0.013265381,0.012338059,0.0049522272,0.0063163973,0.038074285,0.070134334,0.02554119,0.019734863,0.018717725,0.0012064449,0,0.0012089525,0.011860109,0.025734067,0.0062774494,0,0,0,0,0.0076841288,0,0.006554679,0.038552441,0,0,0,0,0,0.0087596439,0.0067910245,0,0,0.0041966406
0,0,0,0,0,0.0046726144,0.0061279596,0.004118314,0,0,0,0,0.0069239237,0.0051029613,0,0.0032638412,0,0,0,0,0,0.002624748,0.00095694512,0.0018878564,0,0,0,0,0.0046536848,0.0019395994,0,0.00087245274,0,0,0,0,0,0,0,0,0,0,0,0,0,0,0,0,0,0,0,0,0.014802961,0,0,0,0,0,0.012159328,0,0.0035271875,0,0,0,0,0,0.00084912649,0.0029134988,0.0032750964,0.0048747901,0.011710364,0.0059370212,0.0098542487,0.0064877281,0,0.019115977,0.0078740008,0.020413004,0,0.012478988,0,0,0,0,0.016473524,0.0078840544,0,0,0,0,0,0,0,0,5.9776834e-05,0,0,0,0,0.0072613172,0.010922371,0.0040814104,0,0.00097727287,0,0,0,0,0.010023359,0,0,0,0.021759395,0,0,0,0,0,0.0077802949,0,0,0.0092304833,0.00027873914,0.0010958092,0.007121502,0,0,0,0,0,0,0,0,0.0068466747,0.0070133237,0.010885647,0.013875405,0,0.0048559918,0.0093733072,0,0.012974882,0.011424746,0,0.013651043,0.011263032,0.0089811515,0.014361881,0.016635805,0.011899512,0.015136558,0.010791517,0.010685407,0.01185993,0.01973008,0.0065472298,0.01828572,0.0053149634,0,0.0012284473,0.011764908,0.013508488,0,0.0053948974,0,0,0,0.055765312,0.0091616381,0,0.0015523799,0.0081093768,0.0073839286,0.0049919938,0.016419981,0.0080365296,0.0091146175,0.0079317158,0.013562937,0.058213197,0.056127351,0.018774735,0.019244758,0.0059076818,0.0066326768,0.016017128,0.0090444181,0.013900487,0.019257367,0.018807523,0,0,0,0,0.0049098665,0,0.031124566,0.0058792094,0.0072689084,0.0017318113,0.009004524,0.0062892488,0,0.0097189238,0.021987019,0.02111054,0.01329576,0.020532165,0.0069729276,0.0036351997,0,0.01455635,0.014370086,0.0233013,0.044140268,0.0055074347,0,0.00019485508,0.013356741,0.032058891,0.048171032,0.028994564,0,0,0.0028448966,0.010575042,0.011411925,0.0073521524,0.004140377,0.0049077556,0.010802037,0.0241266
0,0.0079699438,0,0,0,0.0045970851,0.0027560135,0.0042269649,0,0,0,0,0.0055808099,0.005049516,0,0,0,0,0,0,0,0.0031927309,0.00087808754,0.001357507,0,0,0,0,0,0,0,0,0,0,0,0,0,0,0,0,0,0,0,0,0,0,0.013612503,0.020502303,0,0.020357372,0,0,0,0,0.010125677,0.0023801068,0.004215972,0.0152733,0.016107891,0.00097294356,0.0078926431,0,0,0,0.0020104314,0.0032211363,0.0036311268,0.0044762106,0.006186693,0.007819403,0.017834574,0.012392964,0.014191595,0.0054581231,0,0,0.017529562,0.021795504,0.014619594,0,0.012066193,0,0.019700738,0,0.024579853,0,0,0,0,0,0,0,0,0,0,0,0,0,0.004303237,0.0093508139,0,0,0.0073023573,0.0011591433,0,0,0,0,0.0040428112,0.029416103,0,0,0,0,0,0,0,0,0.0054616402,0,0.00087301881,0.013430715,0,0,0,0,0.0034402744,0.0046249153,0,0,0,0,0,0.0064332532,0.0098760333,0.014417502,0.016751003,0.0055133146,0.011326498,0.0069257291,0,0,0.015878418,0.014327983,0.016000021,0.019215671,0.010012373,0.021587905,0.035959169,0.020202611,0.032205753,0.019752692,0.021927271,0.018299919,0.025139084,0.011539639,0.025657173,0.0093625281,0.00092818105,0.0031727117,0.017949237,0.019248243,0.00060117472,0.011358665,0.0037124078,0,0,0.0422129,0.0092943143,0.0035613899,0.0010368831,0.011564222,0.0096945493,0.008937547,0.022879237,0.011399797,0.013204361,0.011380713,0.01507885,0.056742571,0.055598348,0.041950669,0.018348519,0.0097209457,0.010814008,0.018932698,0.018109396,0.020981777,0.026899586,0.023950083,0,0,0,0.0036748727,0.00034972926,0,0.035304792,0,0,0,0.0080487058,0,0,0.012943102,0.017341699,0.025948927,0.010500717,0.0098921526,0.0099595319,0.0012517889,0,0.015777338,0.012045847,0.014877567,0.028378034,0,0,0,0.018683042,0.012015877,0.04555124,0.020877156,0,0,0,0.0025037858,0.0027827625,0.0034993473,0.0037403542,0.0072236368,0.0023823916,0.020790832
0,0,0,0,0.0028631259,0.0027611577,0.0070059686,0.0030745394,0,0,0.0045023272,0.0029328284,0.0050438945,0.01552512,0.0043085492,0.0010096186,0,0,0,0,0.0011500564,8.494857e-06,0.0032504429,0.00043323525,0,0,0.0019642957,0,0,0.0064690402,0.002474159,0,0,0,0.0059454939,0,0,0,0,0.016042594,0,0,4.2000236e-05,0,0,0,0.015328427,0.022612136,0.023749074,0.02974692,0.03157042,0.011629846,0.0098796478,0,0.009138912,0.014340972,0.026058817,0,0.012869038,0.019941863,0.0083725955,0.011830033,0.0037374329,0.030045304,0.0061524417,0.027007852,0.019488581,0.024601702,0.01937991,0.011253016,0.030908152,0.034722198,0.023193752,0.016697463,0.020028407,0.029538557,0.052660145,0.047882851,0.030835658,0.022018667,0,0.020853423,0.02742205,0.038100794,0.043056637,0,0,0,0,0,0,0.0025221298,0,0,0.012007535,0,0,0,0,0.015619886,0,0,0,0.0025029441,0,0,0,0,0,0.0057138484,0.0067181611,0.00068882445,0,0,0,0,0,0,0,0,0,0.010810866,0,0,0,0,0,0,0,0,0,0,0.0074929758,0.0035469378,0.012278238,0.014049657,0.0076229768,0.0038180139,0.011037591,0,0.01121618,0.017303348,0.0010309005,0.00082028349,0.018729215,0.015450167,0.0085179871,0.025338683,0.02989703,0.029197996,0.048872076,0.035395347,0.037246138,0.016623631,0,0.015649827,0.022147397,0,0.014459725,0.03331279,0,0.013194752,0.027344471,0.015090066,0.0065895924,0.012480666,0.016078461,0.034913175,0.050828598,0.033077128,0.035895608,0.025376176,0.026824128,0.019563027,0.038595445,0.040014528,0.035196356,0.020305973,0.03957174,0.018984642,0.04146795,0.081538782,0.034739338,0.014212008,0.037246127,0.032425247,0.054103889,0.04376822,0.048050456,0.034241982,0,0.0052544004,0,0,0,0,0.047374841,0.0043920423,0,0.0015819722,0.0019511668,0,0,0.02628242,0.0020070912,0.031215915,0.01076832,0,0.010925118,0.0021057539,0,0,0,0.0023365018,0,0,0,0,0.0096720615,0,0.0044928822,0.0095832879,0,0,0.0020946073,0,0,0,0,0,0,0.0068187951
0,0,0,0.015135758,0,0,0.0013078834,0,0,0,0.0026824521,0.004560669,0,0.0098607745,0.017230172,0.0072929515,0,0,0,0.0081988405,0,0,0.00057336554,0,0,0,0.0040644906,0.0054626307,0,0.00896593,0.017108951,0,0,0,0,0,0,0,0,0,0,0,0,0,0,0,0,0,0,0.011862861,0.010083436,0.014420731,0.0045143785,0.011002319,0.003985852,0.019377086,0.018441016,0,0,0.022474291,0.0091585126,0.022440219,0.026802262,0.014759181,0.015021382,0.015047953,0.01258844,0.023547396,0,0,0,0,0.024625968,0.010465952,0.026709232,0,0.012301836,0.01952897,0.017698484,0.0068779089,0.014773603,0.012250423,0.011224055,0.02096137,0.021766905,0.017155563,0,0,0,0,0,0,0,0.0077974149,0.014353344,0.0048766797,0,0,0,0.0020951978,0.0042631882,0.025218129,0,0,0.0017831086,0,0,0,0,0.014102082,0,0,0,0,0,0,0,0,0.0025331299,0,0,0,0,0,0,0,0,0,0,0,0,0,0.018305019,0.015969705,0,0.015332813,0.021900047,0,0.014856641,0.0063289152,0,0,0.0051953853,0,0.01971806,0,0.019049212,0.017180558,0,0.01373927,0.020716671,0.021188809,0.01667056,0.024865141,0.012067084,0.0049242349,0.021837909,0.011903214,0.027209541,0.026402514,0,0,0.02934294,0.0064264424,0.013302894,0.02473468,0.032028522,0.025057781,0.021267651,0.027577881,0.021429174,0,0.031866457,0.021349918,0.02036871,0.015746374,0.051727206,0.018362494,0.048484411,0.020417567,0.019156978,0.035856798,0.058951836,0,0.023791064,0.015157344,0.035174977,0.024744432,0.022465911,0.025639484,0,0,0,0,0,0,0.016230971,0.0088385213,0.010437298,0.016004885,0.0034812386,0,0.011269681,0.0059294365,0.025564734,0.016627515,0.0084765358,0.0099176578,0,0,0,0.0075486815,0.0061286399,0.00061421143,0,0,0,0,0,0,0,0.019639937,0,0,0,0,0,0.0013374436,0,0,0,0
0,0.011058524,0.004303664,0.0086351577,0.0028973259,0,0,0,0,0,0.0087436726,0,0,0.0014084127,0.005750251,0,0,0.0047223242,0,0,0.00057192409,0,0.0027376865,0,0.00011188199,0.0044306819,0.0083572995,0,0,0,0.0086265281,0,0,0.004174198,0.006852123,0,0.0034609768,0.0086540151,4.2850657e-05,0.002225505,0.00031799643,0.0068214959,0,0.0039569112,0.000396157,0,0.017023416,0.018518364,0,0,0,0.0061526471,0,0,0.0035691194,0.0066928156,0.0064543583,0,0,0,0,0.0054362188,0.0077142306,0,0,0.0025550465,0,0,0.002746755,0.0049911882,0.0005495426,0.0031871279,0,0,0,0,0,0.0019265324,0.026654014,0,0,0.0008885758,0.003431828,0.0099631548,0.0092055118,0,0,0,0,0,0,0.028230283,0,0,0,0,0,0,0,0,0,0,0,0,0,0.0004549555,0,0,0,0,0,0,0,0,0,0,0,0,0,0,0,0,0,0,0,0,0,0,0,0,0.0030436045,0,0.0015190196,0.010937694,0.012375711,0.0061261058,0.0067991056,0.0036432303,0.010558734,0.0060793152,0.00032813335,0.0066392967,0.0029211093,0,0.0020965256,0.0020722332,0,0.019123957,0.015785586,0.012931469,0.015276191,0.010864043,0.012918146,0.0058323597,0.0048619499,0.0015762188,0.0045204493,0.0045845001,0.011058325,0.0054549277,0,0.0020357072,0.0097756013,0.0014744391,0.0037311453,0.0096417712,0.014026446,0.0078135831,0.007756249,0.0003263957,0.0029610894,0.006126028,0,0.0045148232,0.001741884,0.0041983742,0.008149894,0,0.0077316659,0.0057999119,0.0092236325,0.013799961,0,0.048333555,0.045530599,0.0013109703,0.018405527,0.011797104,0.0088545801,0.0017083207,0,0.0096552288,0.00020185082,0.024752287,0,0,0.0011829326,0,0,0.0013320032,0.0028572073,0,0.0068218536,0.0023350534,0.0016122734,0.0082662571,0,0,0.0016750259,0,0,0,0,7.4177784e-05,0.00015413879,0,0.02448066,0,0.019395638,0.00018493463,0.0054132701,0.0034893937,0,0.0037746555,0,0,0,0,0,0.0028664791,0,0.004030827
0.01208418,0,0.00032404793,0.019862769,0.015038391,0,0.0045660017,8.5422653e-05,0,0,0.0027499555,0.0069313468,9.6401091e-06,0.032260858,0.016097756,0.005381004,0.0064958981,0,0,0,0.0099037392,0,0.0044311248,0,0,0.0054393681,0.0030736094,0,0,0.0014361984,0.016360417,0.0010222462,0.0082598524,0.018477527,0.013147615,0.016787549,0,0.012340842,0.0028952167,0.0036185221,0,0.014432152,0,0.015309734,0,0,0.035724737,0.030382356,0.020455997,0,0,0.013785988,0,0,0.001379214,0.019562175,0.01676124,0,0,0.014933204,0.0052140402,0.02763043,0.030852318,0.0083286688,0,0.0084062461,0.0069185281,0.0093978308,0.0048783226,0,0.0099786893,0.011618963,0,0,0,0.020554982,0.0098535996,0.011204822,0.033419035,0,0,0,0.0045378013,0.022618039,0.021973101,0.0075355172,0,0,0.0090672662,0,0,0.02345613,0,0,0.00092744193,0.015363256,0,0.0011991615,0,0,0,0,0.0059931977,0.00034653457,0.0020369801,0.0081433225,0,0,0,0.0070191831,0,0,0,0,0,0,0,0,0,0,0,0.0024829304,0,0,0,0,0,0,0,0,0.0023622005,0.011295056,0.017404471,0.01119619,0.025801951,0.0084532071,0.010075191,0.015445638,0.016285885,0,0.0046983445,0.013248369,0,0,0.005691471,0.0021808709,0,0.058076311,0.033460133,0.040193118,0.029309753,0.016933635,0.01592871,0.012154767,0.011481928,0,0.0058106738,0.01116935,0.022021662,0.021601584,0,0,0.01977806,0.0055091139,0.0097833965,0.029408772,0.033001948,0.012356214,0.015150385,0.010235356,0.010981942,0.010359211,0.010101644,0.006165287,0.016271036,0.015321268,0.016428161,0,0.0185549,0.0067002424,0.010102359,0.03680145,0.022858098,0.045739479,0.10736607,0.0087307217,0.048105881,0.023939196,0.022488881,0.0048180474,0,0.027000155,0.0055620791,0,0,0.01946065,0.011068566,0.0014988078,0.0002483569,0.022343192,0.0099228844,0,0.0067635598,0.0083769783,0,0.01417846,0,0,0.011190942,0,0,0,0,0,0,0,0.032791961,0,0.047490906,0,0.0077088913,0.013364744,0,0,0.0027234056,0,0,0,0,0.0059548188,0,0.0069919666
0,0.0025961769,0,0,0,0.0042356472,0.01089512,0.0087838229,0,0.0014450506,0.00017729393,0,0.016412763,0.007741841,0,0.0045081424,0,0,0,0,0,0,0.0045312946,0.0073357606,0,0,0,0,0,0.0051343781,0,0.00018608701,0,0,0,0,0,0,0,0,0.00022078797,0,0.0022546053,0.0021926421,0.012489332,0.0040965676,0,0,0,0,0,0,0.017370546,0.009990518,0,0,0,0.007170449,0.0055591082,0,0,0,0,0,0.0020797886,0,0,0,0.0025820988,0,0.0083045261,0.00094107643,0.012330921,0.011409074,0,0,0,0.026912009,0.011240657,0,0,0,0,0.021861419,0,0.015828623,0,0,0,0,0,0,0,0,0.0088062212,0,0,0,0,0,0.0069006654,0,0.0083003286,0.0054822639,0,0,0.0051312777,0,0,0,0,0,0,0,0,0,0,0,0,0,0,0.024760794,0,0.010578579,0,0,0,0,0,0,0,0,0,0,0,0.0051917667,0,0.0036533084,0,0.0047824932,0.011457502,0.0082658986,0.0028172268,0.0066657988,0.0074494118,0.010403698,0.0016009605,0.013915583,0.0064559109,0.011736206,0.010957262,0.019122053,0.013859148,0,0.016580071,0,0.017699979,0.0055102776,0,0,0.0064384369,0.0064020553,0,0,0,0,0,0.0094618145,0.0047460971,0.01691198,0,0.0095102014,0.0062764967,0,0.011503343,0.0051135165,0.015282756,0.023765169,0.027789125,0.016479116,0.018911147,0.033291955,0.01524874,0.001962909,0.009580493,0.031138232,0.040818751,0.024627518,0.025235215,0.026887104,0.0076119141,0,0,0,0.00099270628,0,0.031355985,0.016823569,0.0073581398,0,0.031105107,0.0078972504,0,0.033720795,0.022651594,0.032825537,0.024838345,0.0075155161,0.010687795,0.0080906907,0.003619846,0.036087591,0.022952776,0,0,0,0,0.0060225008,0,0.0012397441,0.0049358499,0.024328666,0.0029538006,0.0053222445,0.0056609032,0,0,0,0,0,0,0.0010001155
0.0011907817,0,0.0022894251,0.013851808,0.013953688,7.6588069e-05,0.0025137106,0,0,0,0.0022590279,0.0042214384,0.0065612486,0.021874323,0.014099598,0.0056148954,0,0,0,0,0.0088402899,0,0.00062879914,0,0,0,0.0015609042,0,0,0.0095412079,0.013950278,0,0.0042399997,0.014159198,0.004710014,0,0,0.0066944174,0,0.0060658315,0,0,0,0.019054553,0,0,0.017746782,0.020392772,0.026590168,0,0,0.016516004,0.0023888168,0.022359122,0,0.019443329,0.022280045,0,0,0.022526514,0.0091114882,0.027239844,0.021800522,0.0077086152,0,0.014201502,0.016002459,0,0.0049634916,0.0054413853,0.012688726,0.02114504,0.015137561,0,0.014833981,0.023796033,0.026806056,0.022840273,0.032265536,0.018564429,0,0.014131388,0.016209604,0.033921532,0.027071729,0.02379591,0.031702109,0,0.0015116826,0,0,0.012231391,0,0,0.0022801647,0.008537394,0,0,0,0.0016693033,0,0,0.0065257675,0.0016583322,0,0,0,0,0,0.0062173014,0,0,0,0,0,0,0,0,0,0,0,0.0082233921,0,0,0,0,0,0,0,0,0,0.0022452909,0.011981026,0.0020699922,0.01807332,0.010760714,0.0051834583,0.002723316,0.01125627,0,0.0080456389,0.016135493,0,0,0.012317877,0.0024592595,0,0.023364799,0.026805624,0.042778399,0.03401012,0.045186952,0.033735182,0.020600041,0.017810386,0.0094658313,0.016149979,0.021145979,0.024163172,0.029053688,0,0.00088897173,0.028600145,0.010601209,0.012584219,0.028776687,0.023783412,0.018175252,0.02326664,0.017869433,0.020311635,0.010649458,0.016067674,0.0051071644,0.019533489,0.019392723,0.027555237,0.0055094035,0.045021132,0.0097791879,0.018441129,0.055321883,0.035056848,0.019418992,0.049327385,0.040786549,0.07007581,0.03898894,0.02963989,0.031842273,0,0.023536727,0.0056190235,0,0,0.010431504,0.020754861,0.002140719,0,0.015117344,0.012523119,0,0.00059604004,0.012911486,0,0.026331833,0.0050773574,0,0.010276938,0,0,0.01621847,0,0,0,0,0.014417132,0,0.019061636,0,0.0041082832,0.023837689,0,0.001960902,0.0040387074,0,0,0,0,0,0,0.00028800798
0,0.0021608497,0,0,0.0018567157,0.0068935566,0.0092041269,0.0084339613,0,0.001124758,0.00089308212,0,0.0092467498,0.0099814525,0.003151051,0.0027392586,0,0,0,0,0.0016843,0.0058709094,0.0066606244,0.0073562935,0,0,0,0,0.0045177643,0.0080551216,0.0033330631,0.0017109333,0.007859027,0,0,0,0,0,0,0,0,0,0,0.018664533,0.010581263,0.0038121529,0.018211143,0,0.030608157,0.029043004,0.029204164,0.016750757,0.020127684,0.032073736,0,0,0.023325887,0.0075051761,0.017149301,0.023047322,0.016872529,0.012386467,0,0,0,0,0,0,0,0,0.022551481,0.029123228,0.025572922,0.015741464,0.014526187,0,0.031869665,0,0.026080156,0,0.031089321,0.017079175,0.029378837,0.053922523,0.037320029,0.03689529,0,0,0,0,0,0,0,0,0,0,0,0,0,0.011935884,0,0.0022360557,0.0090928888,0.003327461,0.010326073,0,0,0,0,0,0,0,0,0,0,0,0,0,0,0.0009187758,0,0.0226188,0,0.0014207752,0,0,0,0,0,0,0.00042464683,0.0019285353,0,0.004697321,0.012535974,0,0.0088206697,0,0.013252689,0,0.015499775,0.021141347,0,0.002701648,0.017537633,0.015440312,0.0061682253,0.025174802,0,0.028243428,0.0306274,0.02701504,0.023607906,0.01830383,0.059303336,0.015252315,0.02521654,0.040626492,0.015789449,0.02245187,0.0083579002,0.018376872,0.027581383,0.022222247,0.015062338,0.012451031,0,0.020097565,0.022603558,0.012178128,0.01531422,0.018471364,0.014036131,0.012101782,0.031030312,0.029628823,0.029043352,0.017750349,0.022442043,0.013996085,0.020550173,0.044550873,0.024033215,0.012292821,0.024692163,0.024558265,0.038561672,0.080803551,0.061102323,0.047256272,0,0,0,0,0,0,0.013504818,0,0,0,0,0,0,0.012351116,0.001803459,0.02947608,0.010425676,0,0.012737021,0.020349491,0.031653754,0.055051755,0.014617975,0,0,0,0,0,0.0044691325,0,0.0042613978,0.0027369489,0,0.0092480825,0.017631032,0,0,0,0,0.003699882,0.01571594,0.020262321
0,0.0039045569,0,0,0.0020206033,0.0068799793,0.012468761,0.014420388,0,0,0,0,0.0071726665,0.0068921773,0.0003337606,0.003678397,0,0.00020519915,0,0,0.0017329657,0.0049996013,0.0080349855,0.012482962,0,0,0,0,0.0045771399,0.0056680073,0,0.0020709108,0.019010223,0,0.0078664012,0,0,0.011565717,0,0,0,0.029310664,0,0.027920658,0.024332579,0,0.016014827,0.02177361,0,0,0,0,0.019116294,0.026498139,0.01244483,0,0.021875711,0.0085667949,0.021057472,0.01309528,0.01752492,0.0065215165,0,0.021766348,0.01202675,0.013228732,0.012453137,0.018537488,0.027983358,0.014233543,0.04495956,0.03760121,0.025248745,0.023335326,0.0063427845,0.021756718,0,0.035138153,0.023068156,0,0,0.0098453518,0.033924486,0.036168084,0.059112556,0.023833631,0,0,0,0,0,0,0.00026621055,0.0010691275,0.0073311003,0,0,0,0.0042186365,0.018425103,0,0,0.022719089,0.022817381,0.0035654479,0,0,0,0,0.004559834,0,0.014918205,0.00055904256,0,0,0,0,0,0,0.0043118587,0,0.023817638,0,0,0,0.0017144384,0,0.0099381804,0,0.00398097,0.011804642,0.0047403392,0,0.009502505,0,0.023983983,0,0.014034702,0.01881157,0,0,0.031142656,0.016166139,0.015263657,0.030435335,0.027087569,0.017042639,0.025273636,0.014549511,0.023382781,0.027724963,0,0.014930815,0.01308282,0.059082437,0.0095642479,0.025831033,0.027445212,0.011331704,0.021289162,0.0097201187,0.021856925,0.019705297,0.029903423,0.01170504,0.0061186645,0.0044466276,0.028157908,0.015616827,0.016634827,0.013856264,0.033986878,0.019860081,0.022579888,0.060745776,0.034994997,0.02954863,0.025767397,0.019708451,0.018059004,0.024808723,0.046297185,0.020340171,0.0083503714,0.021690128,0.023547556,0.027275886,0.058860589,0.065634921,0.031202078,0,0.0017543038,0,0,0,0,0.028626343,0.0073208525,0.0047571766,0,0,0,0,0.023245569,0.0038809753,0.036227297,0.020711923,0,0.026700553,0.033960454,0.010553058,0.038773932,0.012883326,0.017325331,0,0,0,0,0,0,1.2454746e-05,0.0012995673,0,0.0083371308,0.010361099,0,0,0.0062135132,0,0.014514036,0.016584024,0.039287284
0,0,0,0,0,0.008167523,0.0059643229,0.0082833525,0.0030920063,0.0048084138,0.0016818114,0,0.012406966,0.013436144,0,0.0033027199,0,0,0,0,0,0.0071520591,0.0016082569,0.0066854856,0,0,0,0,0.01036064,0.0097735394,0,0,0.0054244325,0,0,0,0,0,0.0033183761,0.014073236,0,0,0.0032292553,0,0,0.0080709318,0,0,0.023396,0.030303758,0.023472749,0.013085793,0.039041616,0.032716833,0.011402835,0.0018106084,0.011034928,0.023443328,0.024017001,0.021390526,0.014689138,0,0,0.0067048543,0,0.0091639822,0.0078144539,0.0084858201,0.0078052008,0.0055759656,0.013403982,0.019780584,0.031490639,0.015776273,0.0041779852,0.019942336,0.027300069,0.02410676,0.011242942,0.028967962,0.029603055,0.023869786,0.028334355,0.049952354,0.028440202,0.073980413,0,0,0,0.0017850961,0,0,0,0,0.00080890564,0,0,0,0.00036359782,0.011900942,0.0015686223,0.0065802233,0,0.0035189141,0.017301872,0,0,0,0,0,0.0080740601,0,0,0,0,0,0,0,0,0,0,0.023336379,0,0.0021662954,0,0,0.022150457,0,0,0,0,0,0,0,0,0.012569025,0.0037327905,0.00068843254,0.0026452038,0,0,0,0.0064956038,0.0086703533,0.016358245,0.017227992,0.0043942612,0.015171431,0.0084489211,0.021242527,0.020880887,0.030333627,0.022187999,0.016658703,0.029592756,0.01405069,0.036844436,0.035673685,0.0041888971,0.0082889106,0.022094468,0.023487944,0.040398244,0.014454627,0.012886596,0,0,0.018392766,0.01419227,0.0079881325,0.007629632,0.0069461195,0.010182097,0.0093095507,0.021349669,0.022951672,0.035269551,0.033505656,0.032700054,0.019584004,0.024404267,0.036125906,0.02578577,0.0025169146,0.0061081229,0.027533328,0.032626029,0.048361011,0.034033023,0.1403639,0,0,0,0,0.0031860266,0,0.015246367,0,0,0,0.0060041514,0,0,0.014234433,0.0059228702,0.029549068,0.0079694595,0.0012177802,0,0.0002065544,0.018885087,0.028670957,0.025327886,0,0,0,0,0,0,0,0.012145521,0.0052132355,0,0,0.0019090287,0,0,0,0,0,0,0
0,0.0054064477,0,0,0,0.0097685829,0,0.0012155313,0.013711318,0.0049950443,0,0,8.849585e-05,0,0,0,0,0,0,0,0,0,0,0,0,0,0,0,0.0062994449,0,0,0,0,0,0,0,0,0,0,0,0,0,0,0,0,0,0,0,0,0,0,0,0,0,0,0,0,0,0,0,0,0,0,0,0,0,0,0,0,0,0,0,0,0,0,0,0,0,0,0,0,0,0,0,0,0,0,0.070261076,0,0,0,0,0,0,0,0,0,0,0.0086077936,0.0065747551,0.00039285474,0,0,0,0,0,0,0,0,0,0,0,0,0,0.0079445336,0.065253481,0,0,0,0,0.016109137,0,0,0.0041348678,0,0,0,0,0,0,0,0,0,0,0,0,0,0,0,0,0,0,0.0041595777,0.013696976,0,0,0,0,0,0,0,0,0,0,0,0,0,0,0,0,0,0.0080171386,0,0,0,0,0,0,0,0,0,0,0,0,0,0,0,0,0,0,0,0,0,0,0,0.0073480783,0,0,0,0,0.012061775,0,0,0,0.022534085,0,0,0,0,0,0.010123696,0.0080709821,0,0.0091253202,0.0016566856,0,0,0.012768695,0,0,0,0,0.0080504138,0,0,0,0,0.070056103,0,0.0024298304,0,0,0.069874413,0.0014837866,0,0.0081939194,0,0,0,0,0,0
0.0096830623,0,0.00046392228,0,0.02304096,0,0,0,0,0,0,0,0,0.0057135345,0.015132628,0,0,0,0,0,0,0,0,0,0,0.0017255159,0,0,0,0.00018255116,0.023831705,0,0,0.021190936,0.014599842,0,0,0,0.000812824,0,0,0.0081021823,0,0.011231874,0,0,0,0,0,0,0,0,0,0,0,0,0,0,0,0,0,0,0,0,0,0,0,0,0,0,0,0,0,0,0,0,0,0,0,0,0,0,0,0,0,0,0,0,0,0,0,0.018223349,0,0,0,0,0,0,0,0,0,0,0.0051044985,0,0,0,0,0,0,0,0,0,0,0,0,0,0,0,0,0,0,0,0,0,0,0,0,0.0041482728,0.0067649679,0,0.0085663693,0,0.032229371,0.0075739352,0.020138543,0,0.003229379,0.0050880993,0.0096534453,0,0,0.0051613385,0,0,0,0,0,0.0049077021,0.016485963,0.0055588977,0.0041642496,0,0,0.0023667752,0,0,0,0,0.02694192,0,0,0,0.017937114,0,0.010958081,0.036281522,0.043741025,0,0,0.0036385059,0.0098668775,0.0020478948,0.0058220974,0,0,0.0051998375,0.010260201,0,0,0,0,0.0046722605,0,0.009592562,0.026659572,0,0.022735104,0,0.0017472798,0,0,0.018796345,0.011252197,0,0,0.029562006,0,0.0033311159,0.0070275352,0.039229207,0.0089837955,0,0.019580435,0,0,0,0,0,0.0040217713,0,0,0,0,0,0.0064180321,0.0024557638,0.045353062,0,0.034842107,0,0,0.0081439968,0,0,0,0.0058278618,0.0093674259,0.00010504333,0,0.0094966944,0,0
0.0095316945,0,0.00099109649,0.029517034,0.012038546,0,0,0,0,0,0.0069511025,0.0050008148,0,0,0.024157824,0,0,0,0,0.018032134,0.0063660294,0,0,0,0,0.0018368879,0.0100656,0.0080179852,0,0,0.026101336,0,0,0.011304459,0.00076236489,0,0,0.00600476,0,0,0,0,0,7.2796109e-05,0,0,0,0,0,0,0,0,0,0,0,0,0,0,0,0.0025708037,0,0.026784178,0,0,0,0,0,0,0,0,0,0,0,0,0,0,0,0,0.0038710821,0,0,0,0,0,0,0,0.035147447,0,0.020555589,0,0,0.016120689,0,0,0,0.024528673,0,0,0,0,0,0,0.0036578074,0,0,0.026218444,0,0,0,0,0,0,0,0,0,0,0.0039699334,0.07083755,0,0,0,0,0,0,0,0,0,0,0.00076953671,0,0.0046195635,0.011318115,0.020647112,0,0.009336492,0,0,0,0.00035803768,0,0,0,0,0,0,0,0,0,0.0025681341,0,0,0,0,0,0,0,0,0,0,0.0025358046,0,0,0,0,0.0026132395,0,0.025949463,0,0,0,0,0,0.0033084452,0,0,0,0,0,0,0,0,0,0,0,0.0051227976,0,0.0050163479,0,0,0,0,0.010981445,0.052193306,0.0078368355,0,0.026456039,0,0.0049422774,0,0.027341967,0,0.0066509084,0.013422209,0,0,0,0,0,0.0065719322,0,0,0,0,0,0.001139897,0.0076903887,0.032280732,0,0.024267554,0.001741173,0,0.002196379,0,0,0,0,0,0,0,0,0.0031567707,0.0053069089
0.0080815572,0.01014527,0.016949577,0.0072662169,0,0,0,0,0,0,0.0082782581,0,0,0,0,0,0,0.0081703672,0.017756809,0.014252178,0,0,0,0,0,0.0011606214,0.012098549,0,0,0,0.00065366627,0,0.00016775435,0,0,0,0.0063666003,0.00086854643,0,0,0,0,0,0,0,0,0,0,0,0,0,0,0,0,0,0,0,0,0,0,0,0,0,0,0,0,0,0,0,0,0,0,0,0,0,0,0,0,0.0032558267,0,0,0,0,0,0,0,0,0,0,0,0.040718365,0.014853488,0,0,0,0,0,0,0,0,0,0,0,0,0,0.0086138044,0,0,0,0,0,0,0,0,0,0,0,0.0074082324,0,0,0,0,0,0,0,0,0,0,0,0,0,0,0,0.0091650616,0,0,0.0036352947,0,0.0015940449,0.011096986,0,0,0,0.0017461957,0,0,0,0,0,0,0.0010470384,0,0.0042846636,0,0,0,0,0,0,0,0,0.0037012994,0.00099311292,0,0,0,0,0,0.00080272544,0,0,0,0,0,0,0,0,0,0,0,0.003681273,0,0,0.024828356,0,0,0,0,0,0,0,0,0.0079616802,0.034645416,0,0.0030086259,0,0,0,0,0,0,0,0,0,0,0,0.0024267086,0,0,0,0,0,0,0,0,0.016701583,0,0.0029262113,0.0063125007,0.0085563427,0,0,0,0,0,0,0,0,0,0,0
0,0,0,0,0,0.0048247431,0,0.001254847,0.014662066,0,0,0,0.0084952479,0,0,0,0,0,0,0,0,0.0029865282,0,0.0021124901,0.0048838598,0,0,0,0.013461876,0,0,0,0,0,0,0,0,0,0,0,0,0,0,0,0.00041034265,0,0,0,0,0,0,0,0,0,0,0,0,0.01424847,0.0085324924,0,0,0,0,0,0,0,0,0,0,0,0,0,0,0,0,0,0,0,0,0,0,0,0,0,0,0,0,0,0,0.037402667,0,0,0,0,0,0,0,0,0,0,0,0,0,0,0,0,0.03308966,0,0,0,0,0,0,0,0,0,0,0,0,0,0.0050390302,0,0,0,0.0054329778,0,0.018050049,0,0,0,0,0,0,0,0,0,0,0,0,0,0,0,0,0.0073139342,0,0,0,0,0,0,0,0,0,0,0,0,0.0045538032,0,0,0,0.014912193,0.0041794986,0,0,0,0,0,0,0,0,0,0,0,0,0,0,0,0.00092919421,0,0.0045453976,3.164243e-05,0,0,0,0,0.00089864526,0,0,0,0.00293619,0.022600863,0,0,0,0.043161295,0,0,0,0,0,0.010207311,0.0061831763,0,0.0055230819,0.0041251951,0,0,0.0046745902,0,0,0,0.0051851277,0.003547586,0.0007881794,0,0,0,0.037658982,0,0.0089538759,0.002148435,0,0.027824566,0,0,0.0044199023,0.00071930088,0,0,0,0,0
0.04045254,0,0.015534051,0.038116954,0.027505953,0,0,0,0,0,0.00040558819,0.017842477,0,0.0014457303,0,0.0012048085,0.027102033,0,0,0.023138631,0.01630288,0,0,0,0,0.00034646771,0.0049153194,0.021197367,0,0,0,0,0,0.021229655,0.010325028,0.0025128683,0,0.015203098,0,0,0,0,0,0.0061106323,0,0,0.0020013959,0,0,0,0,0,0,0,0,0,0.010882084,0,0,0,0.0021813952,0.043887965,0.054984458,0,0,0,0,0.0059780162,0,0,0,0,0,0,0,0,0,0,0,0,0,0,0,0,0,0,0,0,0.0526626,0,0,0,0,0,0,0.036208048,0,0,0,0,0,0,0.003422772,0,0,0.033581905,0,0,0,0,0,0,0,0,0,0,0,0,0,0,0,0,0,0,0,0,0,0,0,0,0.0052241916,0.0099406708,0.025531739,0.012713471,0.014692316,0,0,0,0.0093442025,0,0,0,0,0,0,0,0,0,0.0073316693,0,0,0,0,0,0,0,0,0,0.023762811,0.018344019,0,0,0,0,0.0052552735,0.040997591,0.039523285,0,0,0.003690978,0.0023873795,0.00026691405,0.012905319,0,0,0,0,0,0,0,0,0,0,0,0.019290272,0,0.010133876,0,0,0,0,0.029521838,0.026574567,0.0030579083,0,0.022378583,0,0,0,0.031365428,0,0,0,0,0,0,0,0,0.0070111528,0,0,0,0,0,0,0,0.048221137,0,0.030943479,0,0,0,0,0,0,0,0,0,0,0.0072711185,0,0.0036919552
0,0,0,0,0,0,0.016358811,0.0097636813,0,0.0034758491,0.00036651961,0,0.0050530643,0.0072476165,0.0044751512,0.011425232,0,0,0,0,0,0,0.0099576563,0.0063413479,0,0.0036663464,0,0,0.00016849072,0.002887832,0,0.0063737161,0,0,0,0,0,0,0,0,0,0,0,0,0,0,0,0,0,0,0,0,0,0,0,0,0,0,0,0,0,0,0,0,0.0019225298,0,0,0.0091318311,0.006802381,0,0.018099913,0,0.0072619906,0.015111534,0,0.0015509488,0.0091206077,0.041245006,0.0069686049,0,0,0,0.02739582,0.0064997151,0.016467825,0,0,0,0,0,0,0,0.043306313,0.014864454,0.020770555,0,0.006005391,0,0.0091257971,0.024541732,0,0,0.019774638,0.010391025,0,0,0,0,0,0,0.0059818616,0.0078427484,0.020964077,0,0,0,0,0,0,0,0,0.0099218581,0,0.011619596,0.0033650093,0.0018886992,0,0,0,0.0038623929,0.0039288006,0,0,0,0,0,0,0.0027369312,0,0,0,0.0014322761,0,0,0.0012397453,0.0024013356,0,0.0041624093,0.0018111777,0,0,0.0040774667,0,0,0.0092460681,0,0,0,0,0,0,0,0,0,0,0,0,0.0086647049,0,0.036103986,0,0.021722268,0.0092060957,0,0.017306847,0,0.010456014,0.025009941,0.02908341,0.028993538,0.032512285,0.044317465,0.014027703,0,0.0087157898,0.027859384,0.017638233,0.010247166,0.026219089,0.012051841,0,0,0,0,0,0,0.063319243,0.067207143,0.025505885,0.0086203888,0.017635724,0.0190816,0.013436319,0.047305044,0.022954315,0.042718504,0.048377506,0.035868295,0.025775483,0.014963035,0.0046632653,0,0.033142075,0.018588686,0.04793594,0.034101889,0,0,0,0.021906465,0.0026842337,0.030578654,0,0,0,0.003435994,0.012869984,0.018842272,0.021302518,0,0,0.025268119
0,0.0026877704,0,0,0.00030947797,0,0.009101605,0.0057146922,0,0,0.0006598449,0,0,0.0016159641,0.011629058,0.010334024,0,0,0,0,0,0,0.0059899264,0.003137219,0,0,0,0,0,0,0.009375901,0.0053197597,0,0,0,0,0,0,0,0,0,0,0,0,0,0,0,0,0,0,0,0,0,0,0,0,0,0,0,0,0,0,0,0,0.013519687,0,0,0.010264965,0.0029068717,0,0.0065186815,0,0.0029920321,0.0094599575,0.010327839,0,0,0.010051322,0,0,0,0,0.0028930272,0,0,0,0,0,0,0,0,0,0.044200208,0.046354659,0.037910666,0.0064179539,0,0.017832395,0,0.017467277,0,0.014300706,0,0.011116219,0.00038261176,0,0,0,0,0,0,0.0061164545,0,0.011150053,0,0,0,0,0,0,0,0,0,0.011947503,0.0059868409,0,0,0,0,0,0.0072709159,0,0,0,0,0,0,0,0,0,0,0,0,0,0,0,0.00083624001,0.00013983616,0.002906878,0,0,0,0,0,0,0,0,0,0,0,0,0,0,0,0,0,0,0,0,0.077663362,0.00086525676,0.024136782,0.022211298,0.0025874372,0.0016416818,0,0.002103996,0.022779787,0.027025882,0.004012668,0,0.0020451355,0.007243759,0,0,0.014154777,0,0,0.0049288124,0,0,0.003257629,0.0053262482,0,0,0,0.06716077,0.074571475,0.07008671,0.02098174,0.01166492,0.026580647,0.02768,0.041207332,0.039262407,0.015209955,0.046383645,0.037912019,0.031020438,0.015848087,0.0089992126,0,0.023599528,0.018145289,0.038181588,0.070877962,0,0,0,0.020205554,0,0.0099291177,0,0,0,0,0.0083244061,0.025759611,0.029320365,0.00050719676,0.012601008,0.02706038
0,0.0035064451,0,0,0.0026254863,0,0.0069170492,0.0049463869,0,0,0,0.00090834341,0,0.0024280916,0.0064397268,0.0077664978,0,0,0,0,0.00060902524,0,0.0033077006,0.0026542009,0,0.0013364337,0,0.00040466795,0,0,0,0.0060657104,0,0.005761228,0.005372806,0.00056711887,0.0073687853,0.00081911485,0.0097361924,0,0.0033012542,0.003343076,0,0,0,0,0,0.0031508473,0,0,0,0,0,0,0,0.0019518671,0,0,0,0,0,0,0.0048518097,0.015587633,0.038735885,0,0.0011552318,0.02285316,0.014997658,0.0055818404,0.010705319,0,0.0062488266,0.013681,0.020225735,0,0,0,0,0,0,0,0,0,0,0,0,0,0,0,0,0,0.02710031,0.06231866,0.045540735,0.010478747,0,0.015993837,0.0090975007,0.018965874,0.028728941,0.018965865,0.030817267,0.0089674927,0.0019095767,0,0,0,0,0,0,0.023646485,0,0.011956824,0,0,0,0,0,0,0,0,0,0.014022039,0,0.017960571,0,0.010092309,0.0037338093,0.015871042,0.019989733,0.0035726982,0.00086898205,0.0048881108,0.0015416297,0,0,0.011495916,0.0023889141,0.0041261106,0.0042193881,0.00089776132,0,0,0,0,0.049103558,0.0045228107,0.0051868521,0,0,0,0,0.0028135935,0,0,0,0,0.0015801257,0.002823601,0,0,0,0.00027264497,0,0,0.012632759,0.0025960321,0,0.069579266,0.0071801716,0.038720395,0.06395182,0.042433668,0.0036224585,0,0.012174057,0.029406015,0.022444962,0.0056090993,0,0,0.0086708162,0,0,0.005514462,0,0,0.0030754982,0,0,0.006982469,0,0,0,0,0.026173463,0.070850238,0.12671323,0.028420925,0.0044577052,0.020340819,0.024388328,0.02726547,0.052955758,0.00043327367,0.029912299,0.035309386,0.034274954,0.011928577,0.0069839833,0.0043503856,0.013811633,0.047799103,0.019570591,0.087910011,0,0,0.0001100747,0.012308545,0,0,0,0,0,0,0,0.031817276,0.026619965,0.01605458,0.02432644,0.037840478
0.012549117,0,0.0085288091,0.034082942,0.024182651,0,0,0,0,0,0.0029859336,0.010553846,0,0.0072077736,0.018724611,0.0045406013,0,0,0,0,0.016456321,0,0.002697641,0,0,0,0.009584018,0,0,0,0,0.00017238068,0,0.024697602,0,0,0,0,0,0,0,0,0,0.005487374,0,0,0,0.0032929208,0,0,0,0,0,0,0,0.014826247,0.0084142378,0,0,0.0098281298,0.00067749515,0.032151215,0.055169173,0,0.010442676,0.005297021,0.0062879026,0.015704416,0.0051624859,0,0.0053126765,0,0,0,0.020183956,0,0,0,0.005799592,0,0,0,0,0,0,0,0,0,0.02828506,0,0,0,0.0071947016,0.020254008,0.015265122,0.055055361,0,0,0,0,0,0.016518978,0.0098449234,0,0,0.021615209,0,0.00031992671,0,0,0,0.0057578739,0,0.0021568057,0,0,0,0,0,0,0,0,0,0,0,0,0,0,0,0,0.0077337129,0,0.040179167,0.0045453277,0.022342432,0,0,0,0.0039449437,0,0,0,0,0,0,0,0,0,0.013176255,2.0432969e-06,0,0,0,0,0,0,0,0,0.016233722,0.013158383,0,0,0.013420868,0,0.0060895542,0.031995781,0.072517104,0.003821918,0,0.022498973,0.0047649988,0.008622204,0.017576087,0.0026520356,0.00092151621,0,0.0069177933,0,0.011338981,0.00045992629,0,0.00059496681,0.014822118,0.00066141807,0.021367047,0,0.014086555,0,0,0,0,0.039021071,0.027450273,0,0,0.031252332,0.0082282079,0.020386048,0.027480045,0.083697185,0,0,0.022284346,0,0.0066626319,0,0.0022929637,0,0.010648057,0,0,0,0,0.010702316,0.014963542,0.023951758,0.038344007,0,0.025458133,0.0026774779,0,0.0048009218,0,0,0,0,0,0.012105645,0,0.0075071715,0.0062937685,0.010590412
0,0.0032472666,0,0,0,0,0.0024184627,0.0059360233,0,0.0066286577,0,0,0.014172904,0.0038094569,0,0.0084557999,0,0,0,0,0,0.0024549833,0.00096421334,0.0050085811,0,0,0,0,0,0.0015375753,0,0.0076375501,0,0,0,0,0,0,0.0026716336,0,0,0.0037504118,0,0,0.0027560261,0,0,0,0,0,0,0,0,0,0,0,0,0.00082870497,0.00097751757,0,0,0,0,0,0,0,0,0,0,0,0,0,0.0043314653,0.0011166502,0,0.0019802572,0,0.0032208071,0,0,0,0,0.013817875,0,0.0037796244,0.0031918879,0,0,0,0,0,0,0,0,0,0,0,0,0,0.0068220571,0.0074407072,0,0.0072566904,0.0037109419,0,0,6.5596621e-05,0,0.0085842013,0,0,0,0,0,0,0,0,0,0.0047339378,0,0,0,0,0.017879244,0.0025011997,0.0042405995,0.0069168485,0,0.0007552426,0,0.0020180298,0,0,0,0.00028638938,0.0021943976,0,0.0032638493,0.00043131784,0,0.0055528549,0.0039663888,0,0,0,0.0034627735,0,0.01207882,0.0044329073,0.0061891554,0.0019476336,0.0020214771,0,0,0,0,0.0031469404,0,0,0,0.0032114957,0.0028688482,0,0,0,0,0,0,0,0.0012883723,0,0,0,0,0,0,0,0.0065106554,0.012360385,0.0095888469,0.00838558,0.0025319429,0.0037535981,0.0033428394,0.010374928,0.031039339,0.01253788,0,0,0.0060547004,0.010486449,0.0097304452,0,0,0.010358,0,0.020157618,0.01369216,0.0057689282,0,0.019847602,0.0026980597,0.013886658,0.019692738,0.017778855,0.015610648,0.016014673,0.016387491,0.0099780308,0.0083476845,0,0,0.023363065,0.0012089905,0.013494676,0.010997498,0,0.0014606341,7.3528063e-05,0.015214113,0.004321964,0.021233389,0,0.016395267,0.0070451684,0.016378785,0.011800231,0.010917792,0.0051252143,0,0,0.0047417027
0,0.0065656849,0,0,0,0.00031446124,0.0092837764,0.0034022026,0,0.0024867284,0,0,0.0044380194,0,0.0017138645,0.0037090443,0,0.006796754,0,0,0,0,0.0015179276,0.0018345645,0,0,0,0,0,0.00050739979,0,0,0,0,0,0,0,0,0.0028161628,0,0.001644741,0,0.0024285766,0,0,0.0064423718,0,0,0,0,0,0,0,0,0,0,0,0,0,0,0,0,0,0,0.0058453656,0,0,0,0,0,0,0,0,0,0,0,0,0,0,0,0,0,0,0,0,0,0,0.007663907,0,0.0037562989,0,0,0,0.016678501,0,0,0.036541328,0.027770862,0.006313087,0.012785946,0.010606891,0.0014403341,0,0,0.00070053473,0,0,0,0,0,0,0.0042102165,0,0,0,0.001250494,0,0.008431755,0,0.0044002552,0,0,0.00081206317,0.012616952,0,0,0,0,0,0.0110963,0,0,0,0.0012790647,0,0,0,0.00015394876,0,0.0055372701,0,0,0,0,0,0,0.0029796918,0.0014807981,0,0,0,0,0,0,0,0,0,0,0,0,0.0020644818,0,0,0,0,0,0,0,0,0.0037957407,0,0,0,0,0,0,0,0.00067570101,0.0032892548,0.0051498436,0,0,0,0,0,0.00638064,0,0,0,0,0.0080015725,0,0.0068876804,0,0.0061461818,0,0.01837964,0.025502527,0.019366812,0,0.00093171961,0.046401024,0.016015688,0.035149626,0.026611011,0.00050064636,0.019791594,0.024930269,0.00029271716,0.00078451342,0.0044693737,0,0.01735466,0.012012376,0.01516025,0.03120851,0,0.0087228883,0,0.018145232,0.00076431187,0.021004215,0.0066227787,0.012551984,0,0,0.0086083189,0.013440957,0.016306628,0,0,0.0043459535
0.0051839757,0,0.004036217,0.0074653821,0.0072028958,0,0.00257353,0.0009773745,0,0.0014632531,0.0012042804,0,0,0.0022993563,0.015144204,0.0069945203,0,0,0,0.0036115043,0.0050643412,0,0.0030044545,0,0,0.0090415357,0,0.0014166466,0,0,0.0133052,0.0060229516,0,0.0099266861,0,0.003960208,0,0.0068944418,0.0013325758,0,0,0.0050721541,0,0.00073639484,0,0,0,0.0074371435,0,0,0,0,0,0,0,0,0.0028642113,0,0,0.0031665086,0,0.0066882246,0.013041878,0,0.0062182504,0,0,0,0.0026065786,0.0024520336,0.0050312364,0,0,0,0,0,0,0,0,0,0,0,0.00049894425,0,0,0,0,0,0,0,0,0.00097998115,0,0,0,0,0,0.021263175,0.037525706,0.0059191077,0.0041232998,0.012485469,0.016659105,0.0029888679,0,0.0055139149,0,0.0048835715,0,0,0,0.0066595497,0,0,0.0074630016,0,0,0.004385286,0,0.0095829489,0.0034507257,0,0.0013825882,0.0061042244,0.0042476775,0.020174731,0,0.0091725532,0.0044969907,0.0098554455,0.018592183,0.0071560629,0.010481162,0.0037682068,0.007467852,0.0013620885,0.0038176677,0.0032411683,0.0041793054,0,0.0031542175,0.0018358994,0,0,0,0,0,0.0038117375,0.0069744573,0,0,0,0,0,0,0,0,0,0.0077299485,0,0,0,0,0.001566842,0.00036831034,0.009124524,0.013616878,0,0,0.012614615,0,0.0090074902,0.0038113978,0,0,0,0.00069206377,0.0047503524,0.0046739564,0,0,0,0.01026523,0.0059419284,0.0055972771,0,0,0,0,0,0,0.019021353,0.013543477,0,0,0,0.012643511,0.026727656,0.023444587,0.022263471,0.011607153,0.015586304,0.069340877,0.029619554,0.019565223,0.02584753,0.025265452,0.019483671,0.018413022,0.0059368303,0.0013071402,0.0043549002,0.013210945,0.012069961,0.027529215,0.031316619,0.018163539,0,0.018063374,0.0082049314,0,0.0098659415,0,0.0028530185,0,0.028540736,0.014541736,0.034318782,0.025090691,0.0095376009,0.01722681,0.025954451
0,0.003749016,0,0,0,0.0047597429,0.014256966,0.013236104,0,0.014174154,0,0,0.013859312,0.0077975476,0.0027582189,0.011976803,0,0.00010318233,0,0,0,0.0047196429,0.0018393932,0.0087073483,0,0,0,0,0.0079547111,0,0,0.0053677666,0,0,0,0,0,0,0.0048306421,0,0.00019992,0,0.0055486546,0,0.0081292689,0.0045905551,0.0018007879,0.00017106782,0,0,0,0,0.011397565,0.00077698752,0,0,0,0.010333309,0.0032949615,0,0,0,0,0.018704001,0.014793659,0.00065341027,0,0.011390824,0.0055036307,0,0.0067355656,0,0.0090700053,0.016699316,0.0093134455,0,0.01858652,0.032851435,0.0034583155,0.023320185,0,0.016536128,0.029591495,0.0076934015,0.009588087,0.0034610019,0,0.0082785757,0,0,0,0,0.020504618,0.015855851,0.02867119,0,0.02197627,0.0016336578,0.028356174,0.055453986,0.012255599,0,0.0087140501,0.0051458133,0.0013125861,0,0.0073185316,0,0,0,0,0,0,0,0.00022166726,0.0055960659,0,0,0,0.0019606275,0,0.016109733,0,0.01670571,0.0039342684,0.0056503126,0.0012393615,0,0,0.0037450648,0,0,0,0,0,0.00057271216,0,0.0069944737,0,0,0.0089559024,0,0.0049950262,0.010488079,0.00022352471,0.0031052341,0.0064595244,0.0083685946,0,0,0.0001288152,0.0060133091,0,0,0.0090068681,0,0.0078814896,0,0,0,0.00870681,0.0035748128,0,0,0,0,0,0.0079052662,0.0059473119,0.03498238,0,0.020115748,0.0075514293,0.00045119016,0.0072174547,0,0.010110911,0.02962191,0.035001285,0.0081772115,0.011018678,0.024288427,0.0043850923,0.0014750405,0.0068013719,0.030574415,0.010427385,0.010051307,0.021965925,0.011895781,0.0090473359,0,0,0,0.0054015759,0,0.047116272,0.041181356,0.027041992,0,0.017665245,0.035601147,0.03030641,0.11173435,0.055836719,0.057651181,0.049473099,0.027851727,0.014771884,0.0083935279,0.0073257759,0.028644836,0.029530713,0.011271744,0,0.019089241,0,0.010489898,0,0,0,0.020171272,0.0032342267,0.0044122888,0.0024565177,0.0050843274,0,0.017301073,0.016041731,0,0,0.0059060552
0,0.0066747917,0,0,0,0.0031260278,0.007697484,0.0097449105,0,0.0038579218,0,0,0.0041330555,0.0026691773,0.00015531348,0.0090416996,0,0.0033198814,0,0,0,0.00019395357,0.0021513461,0.006120353,0,0,0,0,0,0,0,0.0060929828,0.0038970858,0,0.0043117809,0.0010234975,0.0079248529,0,0.011238726,0.0029656827,0.0042679915,0,0.011342681,0,0.0050026225,0.0077265278,0,0.0023310585,0.005489802,0,0,0,0.0099877408,0.0047807693,0,0,0,0.0069133886,0.0036730501,0,0,0,0,0.016926376,0.027697384,0,0,0.017041828,0,0.003785484,0.0029194211,0,0.014289891,0.015618844,0.01989796,0.0021186124,0,0.00322686,0,0.014120923,0,0.010607645,0.0024264795,0.00069830782,0.00043274468,0,0,0,0,0,0,0,0.017303176,0.035231482,0.027806967,0,0,0.015646651,0.015729867,0.029783145,0.046384163,0.026661802,0.0058212848,0,0.0015312238,0,0,0,0.0028197772,0.0088018579,0.01332878,0.023580916,0,0.0016207179,0.0026776637,0.002113353,0,0,0.00098285428,0,0,0,0,0.02750561,0.01032368,0.014496679,0.00061854883,0.0078325467,0,0.0073366635,0.009233078,0.0012308632,0,0.0091111492,0.0026793049,0.0031254441,0.0039222157,0.0085668443,0.0029797798,0.0079050492,0.009712643,0.0057710074,0.0084258746,0.0059756986,0.0010506783,0.0056774723,0.020864245,0.0083959494,0.0063563436,0.0050302208,0.002969858,0.0024873742,0.0034428749,0.0092846192,0.0032944777,0.0064665801,0.012500157,0,0,0,0.0097357491,0.0079017775,0,0,0,0,0,0.016219739,0.0039980281,0.036093593,0.00015877429,0.01603334,0.018428605,0.0079846447,1.3116687e-05,0,0.017276639,0.031885378,0.069129393,0.022242039,0.017385295,0.0021933191,0.025199523,0.0017587738,0,0.021985117,0,0.0016755073,0.0047634873,0.0054676691,0.0019442464,0,0,0,0.0044383691,0,0.025166124,0.041276909,0.054927438,0.0085938592,0.01717289,0.028500596,0.021950636,0.057720043,0.14879099,0.011622785,0.038247995,0.079405442,0.0089625055,0,0.003390226,0.010519144,0.037026357,0.030116895,0.022297975,0.034578092,0,0.0017043566,0,0.014515979,0.010336236,0.036737762,0.001489186,0.0029626735,0,0.0092044342,0.013011774,0.034723714,0.028242612,0.011843379,0.010473346,0.021243542
0,0.00019647158,0,0,0,0.0032032717,0.015527284,0.012179825,0,0.0076306397,0.00023275844,0,0.011461346,0.0088236276,0.0091746505,0.008800826,0,0,0,0,0,0.0032904402,0.010143185,0.0088386005,0,0,0,0,0.0076730475,0.0044508795,0.002009081,0.0062148878,0,0.0010639617,0,0,0,0,0.0062958784,0.0031226384,0.0029438776,0,0.0026923069,0,0.013791231,0.0047895079,0.0052729594,0.0066933921,0.0056868824,0.0081920866,0,0,0.0064269593,0.0090144556,0,0,0.0055802749,0,0.0015283321,0.0018286739,0,0,0,0.0079117958,0,0,0,0,0.0088903513,0.0051645604,0.024983384,0.00847774,0.017361267,0.016084712,0,0.0059066471,0.013679141,0.029520631,0.012933883,0.02152333,0,0.012740629,0.060665589,0.023025662,0.028575953,0.015028834,0,0,0,0,0,0,0.012415175,0,0,0,0,0,0.020398537,0.027751261,0,0,0.022439521,0.015271902,0,0,0,0,0,0,0.0023791413,0.0018079173,0.009721905,0,0,0,0,0,0,0.0099376356,0.0018640265,0.030128848,0.0014293533,0.0073080272,0.00086688035,0.0067850882,0.00072363904,0,0,0,0.005021451,0,0,0,0.0042341505,0.011928713,0,0.0055284211,0.0018564472,0.0027458393,0.016750103,0.011995391,0.0064137145,0.00515544,0.011238048,0.013174263,0.0016411229,0.009103992,0.0044458574,0.0053915936,0.0088289324,0.012955914,0.0056665679,0,0.015733732,0,0.011890667,0.0033683099,0,0,0,0.0036413644,0.0041800132,0,0,0,0,0.015966535,0.0038832682,0.012622448,0,0.021003695,0.0044659646,0.0043557058,0.026205385,0.0076926379,0.017861763,0.026582817,0.022585003,0.01892478,0.022914132,0.028234616,0.014161767,0.0068788305,0.012223057,0.029151227,0.022949709,0.026138876,0.034323491,0.025917944,0,0,0,0,0,0,0.042198461,0.015475774,0.0006522059,0,0.012909752,0.00024034458,0.025923053,0.057252865,0.0098181162,0.10657573,0.057067044,0.016075382,0.026238929,0.016262235,0.0013611201,0.038924344,0.023550469,0.006258483,0.0059212842,0.0015302679,0,0,0,0.0027352946,0.0021167742,0.013337597,0,0.018564124,0.0087711345,0.015363636,0.033084784,0.037322246,0.011921604,0,0,0.019030573
0,0,0,0,0,0.00071903301,0.014847403,0.0096984403,0,0,0,0,0.0063115284,0.00071499503,0.0027423862,0.0113625,0,0,0,0,0,0,0.01222357,0.0086144581,0,0,0,0,0.0045360727,0.0023275129,0,0.0067426502,0,0,0,0,0.0033921457,0,0.0058775344,0,0,0,0.0027975519,0,0,0,0.0011110376,0.00087160972,0,0,0,0,0.0042681536,0.00070173468,0,0,0,0,0.0001266969,0,0,0,0,0.0067843385,0,0,0,0,0.0087817647,0,0.013835466,0,0.0085156653,0.015021099,0,0.0010226869,0.0019889264,0.020336226,0,0.012603605,0,0.0039999587,0.038330279,0.0064886995,0.010661431,0,0,0,0,0,0,0,0,0,0.019406587,0,0,0,0.027628371,0.031096894,0.010213502,0.0020466815,0.021567682,0.0098896828,0.0019351318,0,0,0,0,0,0,0,0,0,0,0,0,0,0,0.010432417,0,0.01911018,0,0.019335525,0.021658842,0.022540683,0.0093283718,0,0,0.013799961,0.0075582662,0,0,0,0,0,0,0,0,0,0,0,0.002750728,0,0,0,0.0048197927,0.0046793283,4.5805155e-05,0,0.0022750774,0.0024630548,0,0,0,0,0,0,0,0,0.0027203881,0,0,0,0,0,0,0.0026235017,0.0034165899,0.026035126,0,0,0.0057177627,0.0001393166,0.012810819,0,0.0083371392,0.027126614,0.017125245,0.011247515,0.0082916338,0.0087051941,0.0068211546,0,0,0.021869378,0.002728431,0.0080500143,0.01909275,0.0056937467,0,0,0,0,0,0,0.047888346,0.046010099,0.02918664,0.0023091321,0.013622734,0.019977299,0.025753539,0.049190573,0.036098186,0.057296306,0.0634927,0.048282012,0.027708704,0.013407613,0.0067048059,0.03136602,0.03264226,0.017811824,0.022416901,0.036798015,0,0,0,0.012857501,0,0.010585969,0,0.0050865626,0.0063660741,0,0.013093446,0.046207901,0.033474751,0,0,0
0,0,0,0,0,0,0.010377298,0.010755448,0,0.0059741107,0,0,3.0728705e-05,0,0,0.0053451741,0,0.0081351595,0.00056042708,0,0,0.001677799,0.0043344875,0.0082363058,0,0,0,0,0,0,0,0.0066271462,0,0,0,0,0,0,0,0,0.0015422262,0,0.001141421,0,0,0.0018021722,0,0,0,0,0,0,0.0076426365,0,0,0,0,0.012634525,0.0011538098,0,0,0,0,0,0,0,0,0,0,0,0,0,0,0.0050938325,0,0,0,0,0,0.0012036721,0,0,0.0044400459,0,0,0,0,0,0,0,0.0025929515,0,0.031438131,0.01934021,0.0036847282,0,0,0.0088189263,0.02368008,0.014739012,0.020857517,0.015334425,0.0054562134,0,0,0,0.017536486,0,0.010172144,0.0021182979,0.012529274,0.012880923,0,0.026251173,0.0091049895,0.01192158,0.010345421,0,0.008368141,0,0.015987016,0,0.0099925473,0.029902291,0.049380831,0.024027819,0.02387803,0,0,0,0,0,0,0,0,0,0,0,0,0.0069353236,0,0,0.0045838975,0.0081197657,0,0,0,0,0,0,0,0,0,0,0,0,0.0028968626,0,0,0,0.012348313,0.0039031566,0,0,0,0,0,0.00061626628,0,0.0094903829,0,0,0,0,0,0,0.018681731,0.04679177,0.017117005,0.019450132,0.0087405061,0,0.0088069513,0,0,0.0057109534,0,0,0,5.3560601e-05,0.012884213,0,0,0.0023319758,0.0047717202,0,0.036498077,0.038418166,0.035278223,0,0.014674706,0.026128864,0.021285495,0.028204504,0.077955708,0.016841773,0.049356416,0.1479488,0.0089327637,0.0073326677,0.0026679803,0.013519341,0.041551325,0.027412638,0.049480326,0.060388185,0,0.021958277,0,0.033755545,0.0097469222,0.027859446,0.01709282,0.010317372,0,0.031067202,0.033096686,0.057314824,0.04483781,0,0.023754394,0.019970521
0,0.0047555715,0,0,0.012267591,0,0.015911337,0.011014675,0,0,0.0014195376,0.0039220778,0.0034740877,0.0046008858,0,0.0086400742,0,0,0,0,0.008269093,0,0.012960787,0.01013154,0.0027676772,0.0052116113,2.2675317e-06,0.00472769,0,0.0027931114,0.012973541,0.0069493218,0.0069036395,0.014777198,0.0014689808,0.014236005,0.0015795426,0.010661667,0.01991576,0,0.00047539585,0.01939721,0.0013696639,0.018679371,0.008336287,0.0030792835,0.0026129077,0.0046197744,0.0031151148,0,0,0,0,0,0,0,0,0,0,0,0,0.0053372751,0.0068549933,0.00010356951,0.015529601,0,0,0,0.0128296,0.0059723426,0.022276007,0.0017905344,0.0021745693,0,0,0,0,0,0.00769231,0.0009826707,0,0,0,0.005454882,0.017748291,0,0,0,0.00011448057,0,0,0,0,0.031781234,0,0.0029204472,0,0,0.013032551,0.0055685965,0,0,0.07868313,0.043684993,0.0011836148,0,0,0,0,0,0,0.014072011,0,0.0035395187,0,0,0,0.0025693129,0,0,0,0.011945827,0,0,0,0,0,0.028620219,0.018401708,0.021953579,0.03289238,0.0084161945,0,0.009419566,0.014686778,0.012120775,0,0.01514334,0.014522752,0.0006852845,0.02089297,0.01751459,0.0017624242,0.00044666906,0.022921387,0.022712963,0.018754594,0.0050360877,3.1995158e-05,0,0.0016453046,0,0,0,0.0062146722,0,0,0,0,0,0,0,0,0,0,0.002011518,0.0083211195,0.0031113552,0,0.017699197,0,0.051596779,0.010898073,0.0054771816,0.017751034,0,0.00093810854,0.0091052335,0,0.0045549641,0.0065158508,0.0073660896,0,0,0.0085482216,0.0080570541,0.006818668,0.0091253724,0.024125295,0,0,0.0036295492,0.0070154206,0,0,0.0068318984,0.027189936,0.033237897,0.035504449,0.01131743,0.0084869023,0.0010844243,0.019496961,0.015288204,0.0077028954,0.02607671,0.028873708,0.0097238617,0.064428009,0.046622798,0.0088536898,0.020087723,0.0065756342,0.020108251,0.020935735,0.030246753,0,0,0.0057067852,0.0065607629,0,0,0,0.013467474,0.0085612508,0,0,0.021327974,0.011578828,0.036733944,0.046667296,0.050973177
0,0.001961424,0,0,0,0,0.012544324,0.013260419,0.00018843581,0.0021048062,0,0,0.0039761825,0.0029533538,0.0024972563,0.0053710528,0,9.7015487e-05,0,0,0,0,0.011320716,0.017390866,0.0035487756,0.001226059,0,0,0.0037670401,0.002743148,0,0.0028347285,0,0,0,0.0019133569,0,0,0.0061433883,0,0,0.0060629523,0,0.0024141017,0.0015346389,0,0,0,0,0,0,0,0,0.0033678096,0,0,0,0,0,0,0.029435139,0,0,0,0,0,0,0,0,0,0.02233541,0.010426026,0,0,0,0,0,0.0020343571,0,0.0028860604,0,0,0.010702902,0,0.036268499,0,0,0,0,0,0,0,0.0087777982,0.013666084,0,0,0.0014747807,0,0.0070751542,0.002462538,0,0,0.042692713,0.14087453,0.00057367823,0,0,0,0,0,0,0.0015528838,0.0019194216,0.0042648287,0.00089930079,0,0,0,0,0.01167536,0,0.011811207,0,0,0,0.0045841909,0,0.0088595934,0.016668392,0.025079813,0.019948695,0,0,0,0,0.00059054384,0,0.0047554625,0,0,0.0095449705,0.0028262627,0,0,0.0032712836,0.00087069563,0,0.0013004539,0,0,0,0,0,0,0.018772492,0,0,0,0,0,0,0,0,0.0098441271,0.020254355,0,0,0,0,0,0,0.0083855838,0,0,0.025122836,0.0045497366,0,0,0,0.0012403952,0,0,0,0,0,0.0057870881,0,0.017338138,0.031613745,0,0,0,0,0,0,0,0.015336463,0.016955832,0.01240197,0,0.0066766427,0.001012605,0.0063708434,0.0084025413,0,0.015942272,0.013779121,0.0072493255,0.046371274,0.16602078,0.027578298,0.032305069,0.0066403933,0.0015143206,0.010270217,0.017703338,0,0,0,0.0052940943,0,0,0,0.020570256,0.012291172,0.0064407857,0.0032092347,0.0099268844,0.0040935702,0.011765196,0.05140207,0.028444201
0.0010821818,0.0024451378,0,0,0,0,0.0031968723,0.00057521201,0,0.0010476151,0,0,0,0,0,0.0014456437,0,0.0021957043,0,0,0,0,0.0029594065,0.0005636391,0.0014283581,0,0,0,0.00073155982,0,0,0.0016154852,0,0,0,0,0,0,0.0028700386,0,0,0,0,0,0,0,0.00034406155,0.00064505712,0.0007975137,0,0,0,0,0.0078622634,0,0,0,0,0,0,0,0,0,0.0011894957,0,0,0,0,0,0,0,0,0,0.0015476185,0.00044799718,0,0,0,0,0.001506529,0.0017276928,0,0.0017858241,0.019292612,0.0019666932,0.014773992,0,0,0,0,0,0,0.0057980921,0,0,0,0,0.00039107903,0.0048892004,0.0080636861,0,0,0.0065372502,0.009797357,0.054987829,0,0,0,0,0,0,0,0,0,0.0027019517,0,0,0,0,0.0040552579,0,0.010162606,0,0.015709709,0,0.0048707253,0.0064230002,0.00099620828,0,0.010790924,0.0014930972,0,0,0,0,0,0,0.00083630427,0,0,0,0,0,0,0,0,0,0.0010218313,0,0,0,0,0,0,0.014498001,0,0,0.0061334493,0,0,0,0.00060041953,0,0,0,0,0,0,0,0.0031445057,0,0,0,0,0,0,0,0.0028809041,0.00035196426,0,0,0,0,0,0,0.0027474526,0,0.03083327,0.01019352,0.018069889,0,0,0,0,0,0,0.0056403908,0.010238984,0.0078648813,0,0,0.0052759731,0.0023168495,0.0081685008,0.0031055505,0.0019871267,0.0076697497,0.0033492495,0.0092959385,0.028308099,0.091863856,0.028609294,0.022563642,0.0023386697,0,0.0075647696,0,0,0,0,0,0,0,0.012452809,0.0169459,0.0069483058,0.0054347939,0.0046040239,0.0044947183,0.0031400747,0.023250083,0.0082975347
0,0.0054452056,0,0,0,0,0.019464921,0.016437586,0.00820392,0.011608897,0,0,0.016057294,0.0074683502,0.00037391947,0.0083816629,0,0,0,0,0,0.0078111337,0.014862694,0.014965452,0.0042490489,0,0,0,0.016169291,0.0066363281,0,0.0085584251,0,0,0,0,0.00034441176,0,0,0,0.00056741323,0,0.0037349325,0.0032508788,0.015574197,0.008970608,0.009960494,0,0,0,0,0,0,0.012706426,0,0,0,0,0.0046433546,0,0,0,0,0,0,0,0,0,0,0,0.014410677,0.0014908093,0,0,0,0,0,0,0.010910629,0,0,0,0.037781943,0.028079927,0.019378368,0.014410906,0,0,0,0.002259477,0,0,0,0,0,0,0,0,0.023125073,0.022910757,0.0030268363,0,0.017452294,0.014073461,0.007046286,0,0,0,0,0,0,0.0044121682,0,0,0,0.0076845111,0,0,0,0.022035453,0.010262629,0.048357915,0,0.020573387,0.0059688343,0.012099022,0.01537538,0.00086371909,0,0.012715228,0.0028100028,0,0,0,0,0,0,0,0.0017479636,0,0.016671531,0.0096276961,0,0.011648806,0.010136807,0.011221359,0,0,0,0.0091186445,0.0071106255,0.01216953,0,0.0017252831,0.03530756,0,0.014908743,0.0073038102,0,0,0.0091769584,0,0,0.0015450435,0,0,0,0.0038524705,0,0,0,0.0053351107,0,0,0.012877902,0.00071166962,0.0081452262,0.02085432,0.0105208,0.013376216,0.013911054,0,0.0062386007,0,0,0.034564499,0.014311239,0.053253453,0.0385473,0.026654517,0,0,0,0,0.0050692274,0,0,0,0.0056569185,0,0,0,0.0058587575,0.030400867,0.010085209,0.041389942,0.033568762,0.014576813,0.021901561,0.034109462,0.028798992,0.052627243,0.037838701,0.0037609439,0.001469278,0,0,0,0,0,0.0036760666,0.0088913459,0.0073507847,0.035536252,0.030721933,0.018674847,0.0067340075,0.015700435,0.011130798,0.0024889901,0.021487663,0.016496319
0,0.0025790385,0,0,0,0.005348132,0.014900515,0.01224919,0.0044525126,0.00040875352,0,0,0.0079256501,0.0019947966,0,0.010385803,0,0,0,0,0,0.0050896881,0.0074268393,0.010600551,0,0,0,0,0.0049601807,0.0018280571,0,0.0097981729,0,0,0,0,0.0017865496,0,0.0022812611,0,0,0,0,0,0.0063488535,0.0015756696,0,0,0,0,0,0,0.011026044,0.0020409322,0,0,0,0.0079265488,0,0,0,0,0,0,0,0,0,0,0,0,0,0,0,0.01127111,0,0,0,0,0,0.015253499,0,0.011827709,0.023023875,0.011704282,0,0.0044264412,0,0,0,0,0,0,0.021979695,0.008849184,0.0038337377,0,0.0068990239,0.0081786644,0.021809975,0.018195204,0.013304411,0.010313166,0.0024625722,0,0.017735608,0,0.0088689569,0,0.004011598,0.0034720763,0.0095024128,0.0052658385,0.018557012,0.0050704,0.012151618,0.0083820811,0.0038073442,0,0.0081941895,0.010854957,0.013585204,0.023858491,0.014947241,0.052737504,0.028195005,0.017950429,0.055202693,0,0,0.010707269,0.0027418556,0,0,0,0,0,0,0.0044908999,0,0,0.0055479002,0,0,0.0049450523,0,0.0017712765,0,0.002196413,0,0,0,0,0,0,0.013233842,0,0.007615569,0,0,0,0.0095965955,0,0,0,0,0,0,0,0,0.0063255513,0,0.00068997167,0,0,0,0,0.0012736486,0.03477845,0.024856938,0.013793735,0.010962861,0,0.0055300235,0,0,0.021454509,0,0.013266516,0.012243716,0.02399167,0.0081329085,0,0,0,0.003631806,0,0.035035379,0.02525964,0.014578437,0,0.022222629,0.019023832,0.015276897,0.031043127,0.036728155,0.025380528,0.034685872,0.042660616,0.0064430893,0.0070505254,0.02236988,0.037220404,0.19548091,0.010581447,0.025017317,0.02417272,0,0.010384141,0,0.021255497,0.0091518462,0.033845078,0.0089507233,0.017192459,0.010088427,0.028295413,0.063191526,0.024013698,0.04343868,0,0.011010395,0.010703768
0.0022056599,0.0099024381,0,0,0,0.0017234156,0.0078370413,0.0089711174,0.0010165458,0.0026825105,0,0,0,0,0,0.0047357399,0.0017965566,0.0080090463,0,0,0,0,0.0034923297,0.0055324789,0,0,0,0,0,0,0,0.0034984301,0.011824898,0.00061163696,0.0011134875,0.0058936281,0,0.0041080932,0.0066514253,0.0059165983,0.0041057807,0,0.0085619045,0.0037724525,0.0047631278,0.0076877177,0,0,0,0,0,0,0,0,0.00081990677,0,0,0.00051967066,0.0017998038,0,0,0,0,0,0.020799976,0,0,0.0078705493,0.018957175,0.00026538578,0.030704236,0.0013817769,0.0088347243,0.020149197,0.0034295949,0,0,0,0,0,0,0,0,0,0.012752782,0,0,0,0,0,0,0,0.014377089,0.015723126,0.0092241224,0,0.0036961671,0,0,0,0,0.0021150922,0.017860521,0,0.00090847537,0,0,0,0,0,0.021458805,0.061846364,0,0.023249896,0,0,0,0,0,0,0,0,0,0,0.0090835029,0,0,0.036926635,0.022851964,0.020832416,0,0.020335656,0.0027615631,0.026502406,0.0043139737,0.0053636231,0.0074869478,0.0088726822,0.012196852,0,0.008928434,0.0088515943,0.016312713,0.0053435187,0.0055583892,0.0063186474,0.053612273,0.007500215,0.0044844421,0.0023544093,0.0031312283,0,0,0.0034689158,0.0048573799,0.0012965145,0.0028964393,0,0,0,0.0043091448,0.0015115793,0,0,0,0,0.013003506,0.054815568,0,0.01510437,0,0.037030667,0.015448458,0.014949076,0.023285236,0.0042770589,0.006652615,0.026430458,0.0042832727,0.021893717,0.013505625,0.00091214187,0,0,0,0,0,0,0.016725145,0,0,0,0,0,0.00084982626,0,0.019185949,0.01890157,0.048102468,0.011477684,1.1938291e-05,0.012282116,0.01289251,0.011361586,0.027938206,0.0068232478,0.018829022,0.027155567,0.020371882,0.002425133,0.0020277393,0.0036970465,0.010313733,0.11521945,0.060866874,0.060226463,0,0,0.0037786704,0.013346018,0,0.008962417,0,0,0,0.013285322,0.0099187754,0.044652916,0.035469823,0.043194178,0.039436467,0.049251422
0.001642178,0.0084449686,0,0,0.0031961519,0,0.006522228,0.005047637,0,0,0,0,0,0.0021192615,0.0057819639,0.0075142882,0,0,0,0,0.0034168034,0,0.0029637297,0.0027931181,0,0,0,0,0,0,0.0044971108,0.0068181767,0,0.00048937451,0,0,0,0,0.0014819228,0,0,0,0,0,0,0,0,0.00047877477,0,0,0,0,0,0,0,0,0,0,0,0,0,0,0,0,0,0,0,0,0,0,0,0,0,0,0,0,0,0,0,0,0,0,0.0030231548,0,0,0,0,0,0,0,0,0,0.03322031,0.010314907,0,0.0031768787,0,0.013931589,0.015292143,0,0.004037539,0.0060270368,0.01571366,0.0030765219,0,0.0092703849,0,0.0078830486,0.030729949,0,0.029008752,0.021389518,0,0.053903501,0.011708649,0,0,0.0059832875,0.014872025,0,0.022697443,0,0.032592215,0.010197228,0.03063246,0.028506935,0.0037101216,0.018262601,0.044954248,0.028450269,0.042203672,0,0,0.0044682682,0.0012239499,0,0,0,0.0008798085,0,0,0,0,0,0,0,0,0.001161644,0.0032800771,0,0,0,0,0.0019560843,0.00036539353,0,0,0,0,0,0,0,0,0,0,0,0.00022985751,0.029376516,0,0,0,0,0,0,0,0,0,0,0,0.042633779,0.027061453,0,0,0,0,0,0,0,0,0,0,0.0059118918,0.001753849,0,0,0,0.047846675,0.038292341,0.019494172,0.015670801,0.011734651,0.015926071,0.02882627,0,0.020779522,0.0067080474,0.023233818,0.048605941,0.02030566,0.010702313,0,0.00097689591,0.023862083,0.060686916,0.11729683,0.10071224,0.017337512,0,0.017128397,0.047606483,0.016693188,0.033180743,0,0,0,0.038422998,0.048100568,0.039578177,0.040536501,0.018754078,0.056317341,0.04003413
0,0.0050703222,0,0,0,0,0.0082036452,0.0042142645,0,0,0,0,0,0.002395133,0.0062110568,0.010915001,0,0,0,0,0.00019291494,0,0.0057776431,0.0020366455,0,0,0,0,0,0,0.003658188,0.0087321792,0,0,0,0,0,0,0.00096313487,0,0,0,0,0,0,0,0,0,0,0,0,0,0,0,0,0,0,0,0,0,0,0,0,0,0,0,0,0,0,0,0,0,0,0,0,0,0,0,0,0,0,0,0,0,0,0,0,0,0,0,0,0,0,0.036726575,0.0091244746,0.0091971075,0,0.024598811,0.015707744,0.00076001429,0.007990892,0.0076131904,0,0.0089880992,0.0017324298,0,0,0,0.014041352,0,0.0011058251,0.0160641,0,0.05508412,0,0,0,0,0,0,0,0,0.014358084,0.017434392,0.026406456,0.028763767,0,0.011152536,0.032348916,0.03589002,0.027701002,0,0,0,0,0,0,0.0034973263,0,0,0,0,0,0,0,0,0,0.00041041587,0,0,0,0,0,0,0,0,0,0,0,0,0,0,0,0,0,0,0,0,0,0.024014082,0,0.0020751976,0.007855935,0,0,0,0,0.0024509749,0,0.0033296861,0,0,0,0,0,0,0,0,0,0,0,0.0018236121,0.0079535646,0,0,0,0.033088185,0.069731221,0.086298391,0.024072107,0.0089092441,0.031624321,0.031964473,0.018477699,0.032082837,0.0012745548,0.036615662,0.058651347,0.027731111,0.016638475,0.006175945,0,0.02223574,0.058569174,0.099354714,0.11971319,0,0,0,0.02894209,0,0.013921196,0,0,0,0.019339044,0.03380201,0.043283906,0.043774195,0.013039966,0.050818644,0.031964339
0.027640903,0,0.014700818,0.047690265,0.028038297,0,0,0,0,0,0.0027675801,0.01577469,0,0,0,0,0,0,0.0015085186,0.033859007,0.020461295,0,0,0,0,0.0030448649,0.0092692031,0.019649088,0,0,0,0,0.0005399994,0.026339795,0.013683692,0.0040821456,0,0.015666729,0,0,0,0,0,0.0092614498,0,0,0.0058685914,0.0070068063,0,0,0,0,0,0,0,0,0.014732325,0,0,0,0.0042998409,0.047593411,0.062951222,0,0,0,0,0,0,0.008339772,0,0.0016038611,0,0,0,0,0,0,0.0088560358,0,0,0,0,0,0,0,0,0,0.034955442,0,0.0044274172,0.028858831,0,0,0,0,0,0.01052277,0,0,0,0,0.00071440631,0,0,0.059774883,0,0,0,0,0,0,0,0.0095858416,0,0,0.0022326896,0.031361207,0,0,0,0,0,0,0,0,0,0.0011798978,0.014382267,0,0.0167596,0.019501653,0.03444273,0.010363189,0.022190765,0,0.0045062727,0.0006895758,0.010238813,0,0,0,0,0,0,0,0,0,0.013664521,0.0014409421,0.0024454386,0,0,0,0,0,0,0,0.033716589,0.023447964,0,0,0.01954693,0,0,0.047531653,0.049364049,0,0.00057635049,0,0.008659997,0,0.0025195091,0,0,0,0,0,0,0,0,0,0,0.02486925,0.033247016,0,0.014598956,0,0,0,0,0.045340709,0.032561302,0.016947329,0,0.048309095,0,0,0,0.038846988,0,0,0.018751694,0,0,0,0,0,0.00062450388,0,0,0,0,0,0.017689181,0,0.062235095,0,0.059720844,0.0030726262,0.0021199635,0.010910067,0,0,0,1.6693086e-05,0.0084120082,0,0,0.0063725263,0.012760478,0.0065966127
0,0.0058365562,0,0,0,0.0070119314,0,0.0024965336,0,0.0092298426,0,0,0.0014020184,0,0,0,0,0.013324586,0,0,0,0.010918892,0,0.0039813519,0,0,0,0,0.010258664,0,0,0,0,0,0,0,0,0,0,0,0,0,0,0,0.013574901,0.0084509812,0,0,0,0,0,0,0,0,0,0,0,0,0.0048427833,0,0,0,0,0,0,0,0,0,0,0,0,0,0,0,0,0,0,0,0,0,0,0,0,0,0,0,0,0,0,0,0,0,0,0,0,0,0,0,0.0044220733,0.0063029425,0,0,0,0,0,0,0.10563793,0,0,0,0,0,0,0,0,0,0,0,0,0,0,0.005724798,0,0.0069244043,0.026315352,0,0.039483428,0,0,0,0,0,0,0,0,0,0,0,0,0,0,0,0.0069278171,0.020496141,0,0,0,0,0,0,0,0,0,0,0,0,0.0078074178,0,0,0,0.038704388,0.011638084,0,0,0,0,0,0,0,0,0,0,0,0,0,0,0,0,0,0,0,0,0,0,0,0.0060282014,0,0,0,0,0.07012441,0,0,0,0.037682164,0,0,0,0,0,0.0012370269,0.0087688537,0,0.010561988,0.0013730946,0,0,0.021668432,0,0,0,0,0.010212978,0,0,0,0,0.065024965,0,0.014982656,0.0048903222,0,0.087579221,0,0,0.0025105344,0,0,0.0006694466,0,0,0
0.016835514,0,0.0046835523,0.030221302,0.023952052,0,0,0,0,0,0.002802345,0.0066317255,0,0.00010514754,0.01987974,0,0,0,0,0,0.016700109,0,0,0,0,0.006962718,0.0035298772,0.010595446,0,0,0,0,0,0.022535564,0.01476607,0,0,0,0,0.0061337808,0,0.0074066287,0,0.013887018,0,0,0.011702475,0.018853767,0.009299472,0,0,0,0,0,0,0,0.015924674,0,0,0,0.013203191,0.037122894,0.046346754,0,0,0.0054243999,0,0.0041628801,0.0011691659,0.011614596,0.0053456044,0.0082419338,0,0,0,0.020957615,0,0,0.013848102,0,0,0,0,0,0.0065115476,0,0,0,0.022939432,0,0,0,0,0,0,0,0,0,0,0,0,0,0.0085907858,0,0,0.033465881,0,0.030011633,0.016413299,0.027285349,0,0,0,0.0017137587,0,0,0,0,0.011220851,0,0,0,0.0041271066,0,0,0,0,0.0092487894,0.0099662039,0,0.019098613,0.015235601,0.02858991,0.015227059,0.022601467,0.0037464299,0.009343788,0,0.016221978,0,0,0.0087897759,0,0,0.0010171107,0,0.00057766226,0.026713422,0.040933698,0.011033421,0.015833663,0.0035088167,0.013833517,0.013367469,0,0,0,0,0,0.020224998,0,0,0,0.0092615206,0.01725035,0.036413625,0.040610284,0.015073879,0.0085590165,0.0013091124,0.010502486,0.0036322959,0.01348999,0.0065366575,0.00624579,0.0081500066,0.0052941572,0,0.0074291257,0.014708409,0.019661289,0.010657393,0,0.020381432,0.048553579,0,0.019481193,0.0057555083,0.00067116774,0,0,0.035273276,0.024873462,0.0032507372,0,0.03123929,0,0,0.0015514971,0.026477253,9.4192495e-05,0,0.01934264,0,0,0,0,0,0.0082338564,0,0,0,0,0.005222396,0.018487155,0,0.059975825,0,0.070878789,0.015240748,0.037436794,0.018015817,0,0,0,0,0.0044249799,0.0016329024,0,0.014129375,0.011705628,0.01375551
0,0.011549124,0,0,0,0,0,0.00089546823,0,0,0.0013773796,0,0,0,0,0.0028158179,0,0.011855813,0,0,0,0,0,0.0001866277,0.00020282366,0,0,0,0,0,0,0.0012906365,0,0,0,0,0,0,0.0037306659,0,0.0034467645,0,0,0,0,0,0,0,0,0,0,0,0,0,0,0,0,0,0,0,0,0,0,0,0,0,0,0,0,0,0,0,0,0,0,0,0,0,0,0,0,0,0.0020812801,0,0,0,0,0,0,0,0,0,0.023730207,0.0022566128,0,0,0,0,0.0096164914,0,0.008587474,0,0.0025273212,0,0,0.0018936621,0.001467435,0.011700803,0.041830394,0.011971066,0,0,0.032922722,0.023720784,0,0,0,0,0.0093010832,0.0069031939,0,0,0.017680803,0.012731847,0,0.01097178,0.01279862,0,0.018333538,0,0.013297951,0,0,0,0,0,0,0,0,0.0050275298,0,0,0,0.0013646109,0,0,0,0.0025350475,0.0058690589,0,0,0,0,0,0.00059877115,0,0,0,0,0,0,0,0,0,0,0,0,0.0051070545,0,0,0,0,0,0,0,0,0,0,0,0.030889967,0.010992398,0,0,0,0,0.00037788873,0,0,0,0,0.0025916877,0,0.0022139354,0.0062981509,0.0090222657,0,0.022257712,0.020542426,0.012366466,0.0034220864,0.013812484,0.019021509,0.0094708055,0,0.013391487,0.0037211645,0.013821708,0.033367209,0.0064903521,0.0057869111,0,0,0.020432252,0.013583049,0.047829919,0.030103181,0.0027973801,0.015240747,0.014045584,0.051444151,0.03273423,0.026354885,0.0060694581,0,0,0.020636283,0.031837847,0.013664347,0.018823234,0,0.023199562,0.013072546
0.0021124592,0.0095322076,0,0,0,0.0020087878,0,0,0,0.00081646384,0,0,0.0034514361,0.0042024343,0,0.00010152614,0.00079288939,0.0063845194,0,0,0,0,0,0,0.00071397069,0,0,0,0.00045760133,0,0,0,0,0,0,0,0,0.00023433387,0,0.01401415,0.0030524535,0.0049059563,0.0049231411,0.0039329557,0.0042139562,0.0053789187,0.011306629,0.017537752,0.013966769,0.010465568,0,0,0,0,0.011535607,0.0063388953,0,0.014865534,0.010831158,0,0.0076508312,0,0,0,0,0.00040281267,0,0,0,0.0011353316,0,0.0011161737,0,0,0,0.025011938,0.0007984463,0,0.00063516229,0.0059305988,0,0,0.0039314413,0.0064519355,0,0,0,0,0,0,0,0,0,0,0,0,0,0,0,0,0,0,0,0,0,0.0013922027,0,0.013399598,0.021797601,0.040797625,0,0,0.020217452,0.0031188144,0.0090419073,0,0,0,0.019041121,0,0.0093535315,0,0.010696515,0.0010307078,0.006852123,0,0.017779868,0,0.0063436888,0.00033584406,0.0085001104,0,0,0.0016922032,0.0047886628,0.0090382304,0.011254544,0.002743148,0.005274144,0.0060368693,0.001692909,0.0096895779,0.0090312324,0.0092409756,0.0074725919,0.0055520986,0.0038619202,0.023934836,0.032745495,0.017037945,0.02133227,0.013215825,0.017255574,0.019742373,0.011752941,0.014806512,0,0,0.0074264193,0,0.015986163,0.014808339,0,0.0080349324,0.0058195367,0,0,0.020576682,0.0076935678,0,0.0028104899,0,0,0.0023093312,0,0.003226199,0.0012697743,0,0.0063824831,0.049490947,0.046519913,0.0057529313,0,0.0063965665,0.0089089619,0.0055807624,0.0047441022,0.0060921279,0.0025022875,0.012954317,0,0,0,0.0090139806,0.0024745655,0,0.0046741166,0,0,0,0.0041395416,0.0018442025,0,0,0.011155961,0.0047329091,0,0.01097483,0,0,0,0.0058302232,0.010149082,0,0.018141752,0,0.0022958086,0.0052413726,0.0370703,0.034165464,0.063009486,0.024259694,0,0,0,0.010928569,0.012237451,0,0.0010732708,0,0.0045749643,0.0041322215
0,0,0,0,0,0.00056343357,0.012310475,0.0016539081,0,0.00096926355,0.0011762952,0.0011169937,0.0098405285,0.013467388,0.014212442,0.010029728,0,0,0,0,0,0,0.0059713917,0,0,0,0,0,0,0.0025763712,0.0049838475,0.0059727104,1.2262169e-05,0.0040822355,0,0.0060684578,0,0,0.0021910684,0.0020869146,0,0.0032297603,0,0,0.00058376166,0.00025065159,0,0.0042128628,0.0017699401,0,0,0.00029705261,0,0.0032864045,0,0.0018345425,0,0,0,0,0,0,0,0,0,0,0,0,0,0,0,0,0.0016618946,0,0,0.0064882701,0,0.0054860134,0.0034845569,0.0018286009,0,0.010571023,0.0066455202,0.00078943546,0.00098264567,0,0,0,0,0,0,0.0016570579,0.013172391,0,0,0,0,0.014102302,0.0032153646,0,0.0061230836,0.01134433,0,0,0,0.0026371051,0,0.0039233537,0.014701584,0.01083411,0.021710422,0,0,0.011738247,0,0,0.042604238,0.0060199713,0.036089182,0.0049843173,0.012274651,0.0049592522,0.023667252,0.012756514,0.0086533241,6.3668827e-05,0.010427908,0,0.004644678,0.0036718689,0.0085739363,0,0,0,0.011247522,0.005453865,0.0054775579,0.007313896,0.0016142406,0,0.0058389734,0.0041187136,0,0,0.00048666523,0.001583931,0.00026400591,0.0097439121,0.012795242,0.0090679992,0.0094422977,0.0076842667,0.0098709799,0.0061051673,0.0066561229,0.0026220893,0.0041201767,0.0045014084,0.0032743469,0,0,0,0.0012297874,0,0.0017344964,0,1.3652534e-05,0.012841525,0,0,0,0,0,0,0.0011295703,0,0.0036298626,0,0.037715632,0.029878583,0.02131879,0.0098208152,0.019628409,0.0039104437,0.01361423,0.023540586,0.023547929,0.003114345,0.0022497741,0.0051379828,0,0.0088146739,0.0031297803,0,0,0,0.032356031,0.011015289,0,0.0059664501,0.020563237,0.022662621,0.011885369,0.021390781,0.036640372,0.0156994,0.012421791,0.029113567,0,0,1.6153817e-05,0.0096463189,0.034038506,0.010338916,0.035411224,0.015925536,0.011751279,0,0.018180825,0.028158333,0.024589896,0.10370912,0,0.012825908,0.0005489107,0.024069922,0.040841572,0.0083699794,0.014349975,0,0.009946906,0.0082929591
0,0.0077444748,0,0,0,0,0,0.0021948186,0.016992634,0.0070983372,0,0,0.0018963177,0,0,0,0,0,0,0,0,0.011315711,0,0.0036547463,0,0,0,0,0.0097028948,0,0,0,0,0,0,0,0,0,0,0,0,0,0,0,0.014719407,0.0071374672,0,0,0,0,0,0,0,0,0,0,0,0,0.0063504642,0,0,0,0,0,0,0,0,0,0,0,0,0,0,0,0,0,0,0,0,0,0,0,0,0,0,0,0,0.067266211,0,0.030274391,0,0,0,0,0,0,0,0,0.0080295103,0.0016145011,0,0,0,0,0,0,0,0,0,0,0,0,0,0,0,0.082606167,0,0,0,0,0.024033884,0.0041703535,0,0.0065204799,0,0,0.032072343,0,0,0.0054437299,0,0,0,0,0,0,0,0,0,0,0,0,0.0073875911,0.018421769,0,0,0,0,0,0,0,0,0,0,0,0,0,0,0,0,0.035844389,0.01385172,0,0,0,0,0,0,0,0,0,0,0,0,0,0,0,0,0,0,0,0,0,0,0,0.003402448,0,0,0,0,0.070004247,0,0,0,0.027827242,0,0,0,0,0,0,0.0068081468,0,0.0037271858,0.0015202885,0,0,0.017266175,0,0,0,0.0079607023,0.0094183292,0,0,0,0,0.087610491,0,0.0061179087,0,0,0.021614525,0.009152621,0,0.014274131,0,0,0,0,0,0
0,0.002594084,0,0,0,0,0.012323081,0.0063535227,0,0.0041290438,0,0,0.0045025018,0.0030170057,0.010153631,0,0,0,0,0,0,0,0.0086019803,0,0,0.0028564236,0,0,0.0030390508,0.0038295495,0.0059387153,0.0024359983,0,0,0,0,0,0,0.0074768635,0,0.0005610183,0,0,0,0,0,0,0,0,0,0,0,0,0.0019745613,0,0,0,0,0,0,0,0,0,0,0,0,0,0,0,0,0.00061008893,0,0,0,0,0,0,0,0,0,0,0,0.011372464,0,0.0031489872,0,0,0,0,0,0,0,0,0,0,0,0,0.0032849256,0.011707323,0,0,0,0.013713993,0.0096075311,0.0036833794,0,0,0,0,0,0,0,0,0,0,0.010209157,0,0.0014842693,0,0.039502129,0.024049465,0.014060971,0.014036384,0.0060307751,0.0062337546,0.017072072,0.000693771,0,0.018163895,0.018546078,0.011106657,0,0,0.0052320464,0,0,0,0,0.0034821306,0,0,0,0,0,0,0.00047628483,0,0,0,0,0,0,0,0.00020830911,0.0072852522,0,0.00091795111,0,0,0,0,0,0,0,0,0,0,0.00081084354,0,0,0,0,0,0,0,0,0,0.0048882319,0,0,0,0,0,0.0030470479,0,0.0041530961,0.00055793289,0.0081753368,0.0076150196,0,0.0016138973,0,0,0,0,0,0,0,0,0,0.015168386,0.013052548,0.0039333673,0.0048220935,0.002601176,0.019379318,0.0060664648,0.010771511,0.013837728,0.021312628,0.01226632,0.034915276,0.017184289,0,0,0,0,0,0,0,0,0.011873947,0.0090079661,0.038377423,0.01358484,0.034057051,0.022970315,0.018092979,0.015017541,0.013496496,0.031275209,0.011481164
0,0,0,0,0,0.0004789583,0.0083242115,0.0040505519,0.0020073059,0.0015357801,0,0,0.0033223554,0,0,0,0,0,0,0,0,8.1161728e-05,0.005398578,0.0051220963,0,7.9855363e-06,0,0,0.0042687817,0.0018821681,0,0.0017394706,0,0,0,0,0,0,0.0017727695,0,0,0.0011698303,0.0011405308,0,0.0019219633,0,0,0,0,0,0,0,0,0.0037266512,0,0,0,0,0,0,0,0,0,0,0,0,0,0,0,0,0.0028272998,0,0,0,0,0,0,0,0.0011134943,0,0,0,0.011195967,0.0061790077,0.0063235918,0,0,0,0,0,0,0,0,0,0,0,0,0,0.0026706429,0.0042723794,0,0,0.0042900047,0.00056471047,0.0034402746,0,0,0,0,0,0,0,0,0,0.0036693937,0,0,0,0,0.015596134,0.0097087501,0.028384548,0.00062346197,0.0045956783,0.00017718491,0.0027772887,0,0.0021427686,0.00036628038,0.0042114416,0.00025867505,0,0,0,0,0,0,0,0,0,0,0,0,0,0,0,0,0.0045291823,0,0,0,0,0,0,0.013649655,0,0,0,0,0,0,0,0,0,0,0,0,0.00034109733,0,0,0,0,0,0,0.0050393008,0,0,0,0,0.0022066331,0,0.001305194,0,0,0.0021271943,0.0048380126,0.0029270868,0.016635861,0.010187141,0.00085511635,0,0,0,0,0,0,0,0,0,0,0.0062732012,0.00019247673,0,0.0031925954,0,0.0097190198,0.0073280372,0,0.0094450098,0.013377647,0.016978821,0.030711303,0.010359708,0,0,0,0,0,0,0,0,3.8802762e-05,0,0.013999073,0.042176776,0.018561486,0.0031984397,0.0035881791,0,0.0031475723,0.012997596,0.0030050906
0,0.011901742,0,0,0,0,0.0060436493,0.0045832228,0.0047097397,0.0025081169,0,0,0.0033979279,0,0,0.001458898,0,0.0062554427,0.0048959511,0,0,0,0.0026470264,0.0018190742,0.0034382292,0,0,0,0.0011970892,0,0,0.0022835755,0,0,0,0,0.0065084398,0,0,0,0,0,0,0,0,0,0,0.00086917571,0,0,0,0,0,0,0,0,0,0.003650212,0,0,0,0,0,0,0,0,0,0,0,0,0,0,0,0,0,0,0,0,0,0,0,0,0.0042188517,0,0,0,0,0.0015780518,0,0,0,0,0.0058021885,0,0,0,0,0.0019090297,0.024544578,0,0.00042091319,0,0,0,0,0,0.00096441357,0,0,0.0073001808,0.016776342,0.0054130917,0.022741679,0,0.026101062,0.01526955,0.011081647,0,0.013104889,0.027854893,0.078272648,0.012729776,0.046189528,0.022095403,0.025045484,0.023331992,0.0071733119,0.0088695791,0.031229939,0.02175485,0.01556482,0,0,0,0,0,0.0023674075,0.00245198,0,0.002431477,0,0,0,0.00072048034,0,0,0,0,0,0,0,0,0,0,0.0059510903,0,0,0,0,0,0.0031004795,0,0,0,0,0,0,0,0,0,0,0,0,0,0,0,0,0,0,0.0099656843,0.0019015163,0,0,0,0,0,0,0,0,0,0.0083445013,0.0055768709,0,0,0.0046904013,0,0.0035415795,0,0,0,0.015248738,0,0.029773936,0.0053773383,0.0087766256,0.016281378,7.0481401e-05,0.031015104,0,0.0072901868,0.0069140596,0.018731844,0.027869835,0.013512889,0.038678981,0.020439981,0,0.0028087082,0,0.020772442,0.010127092,0.022627402,0.014494171,0.034073252,0.018531112,0.14513737,0.082362831,0.032152709,0.018116871,0.0068477765,0.03989942,0.011076299
0.0047527463,0.0051889797,0,0,0,0,0.0049681608,0,0,0.0042926231,0,0,0.0052370364,0.0054101506,0.0080112461,0.00891825,0.0060934154,0.0037810635,0,0,0,0,0.0006369435,0,0,0.0012484511,0,0,0.00045666876,0,0.002682517,0.0092005776,0,0,0,0,0,0,0,0,0,0,0,0,0,0,0,0,0,0,0,0,0,0,0,0,0,0,0,0,0,0,0,0,0,0,0,0,0,0,0,0,0,0,0,0,0,0,0,0,0,0,0.0073689097,0,0,0,0,0,0,0.00147732,0,0,0.022054778,0,0,0,0,0.015331509,0.016289037,0,0.003337187,0.0008931894,0,0,0.0024247447,0.0038579921,0,0.0065833158,0.015740206,0.0053902683,0.016957253,0,0.031228969,0.039573114,0.016878735,0,0.019145368,0,0.02173391,0.019169798,0.043170743,0.0072096386,0.074178569,0.025245557,0.029327508,0.023487082,0.019048061,0.0034878948,0.031599004,0.022380885,0.017158797,0,0,0,0,0,0,0,0,0,0,0,0,0,0,0,0,0,0.0018475276,0,0,0,0,0.00060679758,0,0,0,0,0,0,0,0,0,0,0,0,0,0,0,0,0,0,0,0,0,0,0,0,0,0.010757346,0.0021680265,0,0,0,0,0,0,0,0,0,0,0.0091588134,0,0,0.0010410266,0,0.012401025,0.0081465458,0,0,0.010470344,0.0094557796,0.015500431,0,0.012285272,0.033512071,0.013471039,0.0326741,0,0.0033601734,0.0050202161,0.0062169218,0.062117953,0.0098705553,0.048384171,0.034710869,0.0086290305,0,0.0040104794,0.032138009,0.011670643,0.039448898,0,0.022775333,0.0029111037,0.082485326,0.16795716,0.052913152,0.0357625,0.0001650428,0.034012243,0.011229347
0,0.010655416,0,0,5.1558154e-06,0,0.0090538543,0.0087326393,0,0.0080929305,0,0,0,0.00066820625,0.0098900693,0.0069795451,0,0.0059558097,0,0,0,0,0.0060832067,0.0059531615,0,0,0,0,0,0,0.0054788538,0.0069872751,0,0,0,0,0,0.00091056275,0.0019322273,0,0.00017972653,0,0,0,0,0,0,0.0029798497,0,0,0,0,0,0,0.00096285937,0.0042320103,0,0,0,0,0,0,0,0,0.0067319223,0,0,0,0.0061818357,0,0.015393461,0,0.0064974129,0.018383741,0.00060948741,0,0,0,0,0,0,0,0.0088299681,0,0.0031211763,0,0,0,0,0,0,0,0.021410163,0.019403959,0.010627544,0,0,0.0076156496,0.02441055,0.0099108443,0.0084072258,0.0053045643,0.017557506,0.0021897571,0,0,0,0,0,0,0.007718957,0.028497245,0,0.027368683,0.003427837,0,0,0,0,0.018955983,0.012936925,0.0044347164,0.014530571,0.017979663,0.019026747,0.049686991,0.00034900181,0.026358172,0.022230752,0.023340447,0.030220266,0.013286655,0,0.010514969,0,0,0,0.0028036193,0.0027926939,0,0,0.0018337207,0,0,0,0,0.002737466,0.0064847134,0.0045032268,0,0,0,0,0.0026125314,0,0.0008648393,0,0,0.001121728,0,0,0,0,0.00035899004,0,0,0,0.0044372063,0,0.012271974,0,0.010932175,0.00056240289,0,0.0035627894,0,0.0062164916,0.034510408,0.0071492046,0.0060112313,0.0021600877,0,0.00012136218,0,0,0,0,0,0.0055140881,0,0,0,0,0,0,0,0.018520335,0.025825784,0.032008339,0.012602976,0.0092598647,0.013415901,0.035159923,0.016992927,0.033134256,0.037682127,0.046643108,0.056519587,0.021093426,0.010190929,0.0039442638,0.014704366,0.022827335,0.044752166,0.039240155,0.044128612,0,0,0.00047306932,0.012968455,0,0.0066250144,0,0.017505266,0.0031695962,0.031537406,0.052474003,0.097606882,0.064650349,0.03026453,0.037777126,0.041794252
0,0.011163455,0,0,0,0,0.0069676973,0.0069663366,0,0,0,0,0.00049926917,0.00024140123,0,0.0035597193,0,0,0,0,0,0,0.00091339368,0.0043374104,0,0,0,0,0,0.00074650405,0,0.0034976746,0,0,0,0,0,0,0,0,0,0,0,0,0,0,0,0,0,0,0,0,0,0,0,0,0,0.0027047598,0,0,0,0,0,0,0.0020596462,0,0,0,0,0,0.0025590979,0,0,0.010932717,0,0,0,0,0,0,0,0,0.0018171796,0,0,0,0,0,0,0,0,0,0,0.016531806,0,0,0,0,0.014000622,0.010447324,0.011038631,0.009105158,0,0,0.0019141641,0,0,0,0,0,0,0.023714263,0,0.025233295,0,0,0,0,0,0.0084952619,0.0069540194,4.4549284e-05,0.01150127,0.01963212,0.020275159,0.038852971,0.013277188,0.016312025,0.016958971,0.020377029,0.020075619,0.00065362995,0,0,0,0,0,0.0032288108,0,0,0,0,0,0,0,0,0,0.00035576965,0,0,0,0,0,0.00036268751,0,0.0010253564,0,0,0,0,0.0071723312,0,0,0,0,0,0,0,0,0.0092934044,0,0.0069415709,0,0,0,0,0,0.036866598,0.005638483,0.003160303,0.0027610906,0,0,0,0,0,0,0,0,0,0,0,0,0,0,0,0.021367434,0.029755378,0.026771571,0,0.0038004522,0.016929163,0.026279515,0.016129207,0.027125478,0.012342064,0.034251202,0.044540241,0.010961952,0.0039974856,0.0038184901,0.010150305,0.042492907,0.035797738,0.040913828,0.045122173,0,0.00080108782,0,0.018742984,0,0.013210302,0,0.014546512,0,0.017795961,0.03572553,0.065090872,0.074362174,0.018377138,0.029519096,0.028781008
0.014195113,0.012825944,0,0.0025509519,0.013264017,0,0.0070635835,0.0058988361,0,0,0,0,0,0,0.0067321062,0.0027745699,0.011559362,0.0055252584,0,0.001450192,0.0089635793,0,0.0053948145,0.0050634602,0,0,0,0.0022930778,0,0,0.0072120614,0.0016644759,0.020167667,0.015160143,0.013570616,0.015842954,0.0078262063,0.024300206,0.017227052,0.0064952583,0.0042978255,0.023504337,0.0049825478,0.024428498,0.0051446748,0.0044555916,0.0065637352,0.012513447,0.011064747,0,0,0,0,0.0048155901,0,0,0.0018850606,0,0.0019446353,0.0033997786,0.0089659449,0.007968206,0,0,0.014851211,0,0,0,0.013080721,0.0075320564,0.023953486,0.0065778047,0,0,0,0.00023018502,0,0,0.0016685883,0,0,0,0,1.0127342e-05,0.016105397,0,0,0,0.0014467773,0,0,0,0,0.014233964,0,0,0,0,0.0040836944,0,0,0,0.032325841,0.0069282032,0.0027840803,0,0,0.0046400679,0,0,0,0.042810503,0,0.01529101,0,0,0,0,0,0.013048132,0,0.0017627261,0.0015788602,0,0,0,0,0.066725209,0.032012053,0.02050828,0.037042342,0.033118613,0.010009762,0.033868197,0.016109336,0.013669784,0.010973057,0.01815578,0.038781013,0.0072199977,0.016926099,0.027361479,0.0047548981,0.0012627875,0.021867771,0.011829565,0.013887115,0.0074510342,0.0076643387,0.0090813991,0.0084371157,0,0,0.0096760402,0.0083274851,0.0039696465,0.00060625223,0.0040360289,0.011329887,0,0,0.0019985833,0,0.0057597281,0.0067594126,0.0076320907,0.013483167,0.012527104,0,0.0023287921,0.0037125335,0.020915994,0.0060697342,0.0086951181,0.017232742,0.0032052652,0.0022419845,0.0082156248,0,0.0046721296,0.00648754,0,0,0.0025020181,0.0054537943,0,0,0.0031098472,0.015017782,0,0,0.0095116347,0,0,0,0.0072762459,0,0.0028077124,0.018346306,0.0088002346,0,0,0.011168918,0,0.011725462,0,0,7.4593022e-06,0.039105993,0.013772528,0.0037015616,0.003352154,0,0.045688752,0.020646567,0.016107561,0.0060096914,0,0.01304879,0,0,0,0,0.01446985,0.0035487432,0.0076228031,0.0011633402,0.031812306,0.01985549,0.041154198,0.053618748,0.041877929
0.010506336,0.011975294,0,0,0.0070206807,0,0.01087552,0.0089319255,0,0,0,0,0,0,0.0064348252,0.0072542476,0,0.009570254,0,0,0.0067386813,0,0.009718013,0.008616644,0.0019282621,0,0,0,0,0,0.0073564583,0.0079321172,0,0.0063985265,0.0029178073,0.0013623843,0.0056206295,0.0078556156,0.012082473,0.00068704312,0.0038972017,0.0062173894,0,0.004695361,0,0,0.00080508395,0.0055528483,0.0050560092,0,0,0.0025827498,0,0.00012648369,0,0,0,0,0,0,0.0016112262,0.001531797,0,0,0,0,0,0,0,0,0.0020912427,0,0,0,0,0,0,0,0,0,0,0,0,0,0.00038657093,0,0,0,0,0,0,0,0,0.020235142,0,0.0030455887,0,0.0073589184,0.011475137,0,0,0.0017128376,0.036185529,0.019530047,0.0048844507,0.0050784573,0,0.012235872,0.018997129,0.0015069138,0,0.028765205,0,0.052940171,0,0,0.0027137331,0.0088019073,0.0012907194,0.02636818,0.02118066,0.00086373015,0.027565992,0.0049698618,0.018876117,0.033946324,0,0.04327387,0.070587039,0.046670295,0.052157033,0.012856519,0,0.0075158873,0.0041667549,0,0.003071436,0.012786719,0.010287848,0,0.0062728464,0.0041201496,0,0,0.00093390839,0,0,0.0039387676,0.0013788862,0.0004534875,0.00053686131,0,0,0.0018198583,0.020801829,0,0,0,0.0019273756,0,0,0,0,0.0001653113,0,0.0002753119,0,0.00145489,0,0,0,0,0,0,0,0,0,0,0,0.0085632987,0.00012986749,0,0,0,0,0,0,0.01409658,0.0148911,0,0,0,0.0035252995,0,0,0,3.7370282e-05,0.013292509,0.024365652,0.0067355866,0,0,0.018024612,0,0.0086940071,0,0,0.023340236,0.045638565,0.051334672,0.022447761,0.020591434,0.01073672,0.038437411,0.055800863,0.052118354,0.011836165,0,0.0095889848,0.022796372,0.0022606421,0.0080905715,0,0.030544717,0.012349634,0.039022971,0.033544101,0.037163332,0.029135663,0.050423611,0.073640093,0.061494507
0.0029690091,0.0069984896,0,0,0.0091436375,0,0.01333033,0.010537492,0,0.0025743707,0.0015556682,0.0011324023,0,0,0.012705466,0.0063215964,0,0.001281752,0,0.00045566005,0.0067682215,0,0.010801191,0.0079307714,0.0032958542,0.0082773054,7.1313116e-05,0,0,0,0.011734692,0.0050775674,0.0094951512,0.014190638,0.0081202295,0.013290271,0.0038915663,0.012255945,0.016460158,0.0097684395,0.0049501485,0.017245274,0.0052617481,0.017504554,0.0029703961,0.003328108,0.0050204373,0.011322247,0.0068485565,0,0,0,0,0.0044898004,0,0,0.0089568496,0,0.0024272162,0.0055491421,0.0045589451,0.005967848,0.0057410123,0,0.019740662,0,0,0.011189413,0.022759682,0.0094039608,0.042294886,0.011176508,0.013897879,0,0,0.0050894022,0,0.0054825912,0.0050692135,0,0,0,0.013564704,0.0062743239,0.025306294,0,0,0,0.00015572697,0,0,0.0040430771,0.019678582,0.028811285,0.014899996,0.0041980795,0,0.00012761555,0.01004389,0.0036220117,0.0063431473,0,0.042145655,0.021064397,0.001865346,0,0,0.0018216735,0.00012271464,0.0022188108,0.019718962,0.037984245,0.020497441,0.020146104,0,0,0,0.0043690614,0,0.0085431952,0,0.005810936,0,0.0051279543,0,0.028321061,0,0.031372018,0.026802447,0.020452298,0.054637123,0.01519932,0.0060951682,0.014260305,0.013037789,0.01079115,0.011485727,0.015499279,0.016150907,0.0052241767,0.015266269,0.016484631,0.0012437254,0,0.014945457,0.0060149888,0.015644716,0.0098121893,0.0087219644,0.0033696764,0.0075280285,0,0.00036286804,0.0049990946,0.018063121,0.0031816754,0,0.0019734239,0.0082006212,0.0070885094,0,0,0.0054453406,0.0095744748,0.0023533204,0.0066471039,0.010065042,0.018520899,0,0.019636437,0.0012156579,0.051609874,0.016350782,0.015698057,0.044044204,0.0085854148,0.010471622,0.019697385,0.0018141983,0.021801975,0.018051941,0.0042609973,0,0.0026322543,0.0053021191,0,0,0.017807741,0.037432343,0,0,0,0.0056471466,0,0,0.0033978429,0.026095215,0.028028544,0.037811387,0.011085604,0.00292146,0.0047077597,0.026533525,0.0059900172,0.018868769,0.019198637,0,0.019540953,0.050282251,0.028634185,0.0076246047,0.015437098,0.01010712,0.048173554,0.039648794,0.033292361,0.0056073652,0,0.011343178,0.012637092,0.0015133275,0.0067006303,0,0.010897117,0.0024817889,0.010248559,0.011197996,0.04095782,0.02814215,0.038367465,0.061371475,0.058641266
