0.01237019,0.0083472496,0.0086809788,0.013206122,0.00654596,0,0,0,0,0,0,0,0,0,0.0082869167,0.0034091421,0.043399788,0.002128076,0,0,0.0038396944,0,0,0,0,0,0,0.0031856559,0,0,0,0.00032856307,0.0067157797,0.010275994,0.0053036623,0.0059397179,0,0.0053328048,0,0,0,0.0018874498,0,0.010205502,0,0,0.0053618425,0.0087929945,0.0054082545,0,0,0,0,0,0,0,0.0045949393,0,0,0.0053196847,0.0028079343,0.018305112,0.014923243,0,0,0,0,0,0,0,0,0,0,0,0,0,0,0,0,0,0,0,0,0,0,0,0,0,0.027352627,0,0,0,0,0,0,0,0,0,0,0,0,0,0,0,0,0,0,0.015972566,0,0,0,0,0,0,0,0,0,0,0,0,0,0,0,0,0,0,0,0.011502777,0.010562094,0,0.005159812,0,0.0037538714,0.0058326693,0.014546288,0.0030761822,0,0.003803619,0.01050025,0,0,0.0056629903,0,0,0.0054700375,0,0,0.0073753423,0.0064342641,0.0047845701,0.0047699986,0,0,0.0062677795,0,0,0,0,0,0.0071818503,0,0,0.0064501017,0.0030200377,0.0057873721,0.017772686,0.0071036406,0.00092718954,0,0,0,0,0.003417457,0,0,0,0,0,0,0,0,0,0,0.0049112188,0.011726897,0,0,0.00038350822,0,0,0,0.0114629,0,0,0,0.038728032,0,0,0,0.019258995,0,0,0,0,0,0,0,0,0,0,0,0,0,0.0054345573,0.0037706853,0.0040939469,0.023965713,0,0.019352205,0.0040803556,0,0,0,0.013380738,0,0.0044131847,0.0025854674,0.0023146095,0,0.01066737,0.011773283,0.0026405428
0.0083591957,0.024619821,0,0,0,0,0.0035654739,0.0082473652,0.0028547756,0.0004568735,0,0,0.00041230925,0,0,0,0.0015051893,0.026776681,0.0068599731,0,0,0,0,0.0036259904,0.00086545449,0,0,0,0,0,0,0,0,0,0,0,0.005546303,0,0.0031133459,0,0.0044108857,0,0.010404873,0,0.0083088931,0.0064004413,0,0,0,0,0,0,0,0.0024392777,0,0,0,0,0,0,0,0,0,0,0.0010049238,0,0,0,0,0,0,0,0,0,0,0,0,0,0,0,0,0,0,0,0,0,0,0,0,0,0.0074320845,0,0,0.0010459945,0,0,0,0,0.00019901979,0,0,0,0.002843275,0,0.0015243287,0,0,0,0,0,0,0.0056773736,0,0,0,0,0,0,0,0,0.01303607,0.00377707,0,0.0045457468,0,0,0.003373249,0.0071219006,0.0084845154,0.0098979147,0.0018467016,0.002697225,0,0.012990037,0,0,0.0073079416,0.0025750434,0.014360647,0.0075304718,0.0016652377,0,0.0084962565,0.012512742,0,0.0044778329,0.0033442662,0.00012860807,0.0018995821,0,0.00069523498,0.0027317363,0,0,0.0057947743,0,0.0038854224,0.0018493762,0,0,0.016341319,0,0,0,0,0,0,0.0079449248,0,0,0,0,0,0,0,0,0,0,0,0,0.0091238525,0,0,0,0,0,0,0,0.00090528838,0,0.01358941,0,0,0.0072304793,0.0041304538,0,0,0,0.0020181425,0,0.0058533987,0.006070171,0,0.0078904303,0.0077169025,0,0,0,0.0055994513,0.0022810318,0.002615521,0.0073282891,0,0.0067056557,0.0062250677,0.0056107561,0,0.016458128,0,0.0048934198,0.0050954199,0.0012203222,0.017667072,0.00863293,0.002753411,0.010835448,0,0.009432314,0.0047230585,0.014131969,0.013553982,0.00091811578
0.0090461001,0,0.0013913971,0.019687787,0,0,0,0,0,0,0.00036113316,0,0,0,0,0,0.0062389974,0,0.021485802,0.0188182,0,0,0,0,0.0059105717,0.0042665694,0.0032974444,0.0026101018,0,0,0.0030697153,0,0.0030411228,0,0,0,0,0.0059218882,0,0,0,0,0,0,0,0,0,0,0,0,0,0,0,0,0,0,0.001225051,0,0,0,0,0,0.0017146289,0,0,0,0,0,0,0,0,0,0,0,0,0,0,0,0,0,0,0,0,0,0,0,0,0,0.010078084,0,0.012845211,0.0048615658,0,0,0,0,0,0,0,0,0,0,0,0,0,0.0055911862,0,0,0,0,0,0,0,0,0,0,0,0,0,0,0,0,0,0,0,0,0,0.0019359824,0,0,0,0,0,0,0.0029330698,0,0,0,0,0,0,0,0,0,0,0,0,0,0.002834735,0,0,0,0,0,0,0,0,0,0,0.0013015006,0,0,0,0,0,0,4.2515356e-05,0,0,0,0,0,0,0,0,0.00068282709,0,0,0,0,0.0032412768,0,0,0.0019333062,0.0055648601,0,0.0025967595,0,0,0,0,0,0.0062058307,0,0,0.01074753,0,0,0,0.0053150943,0,0,0.002320739,0,0,0,0,0,0,0,0,0,0,0.00025337044,0,0,0.012376646,0,0.0062314314,0,0.0039115539,0.0032334127,0,0,0,0,0.00026745629,0,0,0,0,0
0.013518393,0,0.019618984,0.0090902941,0.020139035,0,0,0,0,0,0,0.011775227,0,0.0011931275,0.017916331,0.00059302524,0,0,0,0.037480116,0.014292714,0,0,0,0,0,0.0062795407,0.016923504,0,0,0,0,0.0066579492,0.017040689,0.0044193915,0,0,0.012963516,0,0,0,0,0,0.0028435402,0,0,0,0,0,0,0,0,0,0,0,0,0.01312078,0,0,0.011569246,0.0055675157,0,0.044026855,0.00058966433,0,0,0,0,0,0.0032763735,0,0.0032053269,0,0,0,0,0,0,0,0,0,0,0,0,0,0,0,0,0.012775011,0,0.0031849172,0.019999299,0,0,0,0.026732439,0,0,0,0,0,0.0072123683,0,0,0,0.026203517,0,0,0,0,0,0,0,0,0,0,0,0,0,0,0,0,0,0,0,0,0,0.0026592459,0,0,0,0.0066921851,0.024506494,0.0092655476,0.01043791,0,0,0,0.0012970951,0,0,0,0,0,0,0,0,0.0051474166,0.011645311,0.0044925618,0.001227565,0,0,0.0030074466,0,0,0,0.00010368137,0.025837064,0.016627742,0,0,0.014034269,0.0053651603,0.0098782387,0.038976423,0.031780742,0,0,0.0016855294,0,0,0.0036258888,0,0,0,0.0031859069,0,0.0034179545,0,0,0,0.012734046,0.015015529,0.027805815,0,0.0087562678,0,0,0,0,0,0.0088811927,1.2534653e-06,0,0.028830215,0,0,0,0.032174174,0,0,0.0085002538,0,0,0,0,0,0,0,0,0,0,0,0,0,0.044463016,0,0.023271833,0,0,0,0,0,0,0,0,0,0,0.00290477,0,0
0.0060091061,0,0,0.019825652,0.019844394,0.0089845322,0,0.0042150626,0,0,0,0.010303238,0,0.0048896521,0.013907473,0.0051687099,0.0047274684,0,0,0.0087940255,0.02430274,0,0,0,0,0.003243228,0,0.0089510847,0,0.00034218689,0.01525891,0.0022210865,0.0090685841,0.020529648,0.010395291,0.0068531819,0,0.010677096,0.0025011678,0.00024591881,0,0.010788674,0,0.015450662,0,0,0.011163719,0.0093311891,0.0067679384,0,0,0.0069931806,0,8.7894899e-05,0,0.015356841,0.011739065,0,0,0.009084492,0.008233442,0.025790993,0.032815147,0.0042345361,0.00082718662,0,0.0045168707,0.0071828514,0.0047957245,0.0088836281,0.006932117,0.0029177163,0,0,0,0.0072317785,0,0,0.0084723067,0,0,0,0,0,0.0067741126,0,0,0,0.011025017,0,0,0.009854164,0,0.0019224124,0.0066421167,0.022435458,0,0.00035755159,0,0,0,0.0058316919,0.005187253,7.3726333e-05,0,0.0057374476,0,0.0039238734,0,0.00033986892,0,0,0,0,0,0,0,0.0019687416,0,0,0,0,0.0015890461,0,0,0,0,0.0054650484,0.0030293004,0,0.0071812333,0.014214429,0.021266919,0.013453935,0.015238481,0.0067531439,0,0.0059096487,0.010233976,0,0.0063553862,0.012448562,0,0,0.0066715763,0,0.0019306464,0.0096445363,0.0072259791,0.0069119022,0.0069024535,0,0,0,0,0,0,0,0,0.012876762,0,0,0,0.010138202,0.010019802,0.026252558,0.024517717,0,0,0.0073557221,0.0061313356,0.010194385,0.0082975626,0.0064867414,0.0069790147,0.0048523322,0.007160984,0,0,0,0,0,0,0.005508,0.017910687,0,0.0096147126,0.0010348948,0.0043935804,0,0,0.029147889,0.0041583641,0,0,0.01966254,0,0.0033618952,0.0037171501,0.025554661,0,0,0.0067378939,0,0,0,0,0,0.0061309719,9.9503821e-05,0,0,0,0.0019242208,0.003442131,0.0016233295,0.023926537,0,0.018702105,0,0,0,0,0.0044299541,0,0,0.00026512946,0,0,0.0088737551,0.0068954327,0.0074402168
0,0,0,0,0.0099093262,0.010652963,0.0084504317,0.015398455,0.00012487435,0,0,0,0.0020634742,0.0015853599,0,0.00047411391,0,0,0,0,0.0071133785,0.012458472,0.0048767831,0.0080046244,0,0,0,0,0.0046870462,0.0024528266,0,0,0,0.0022875299,0,0,0,0,0.0003803132,0,0,0.0080206962,0,0.0068758838,0.003037232,0.00256106,0,0.0062978603,0.011185476,0.0059359865,0.0062203789,0.0070242076,0.0053056665,0.0081578102,0.0022191082,0.001627095,0.0012165743,0.0022627856,0.0070851902,0,0.0081826523,0,0,0.0018811155,0,0.0010121611,0.0018223245,0,4.9258892e-05,0.00064784137,0.0033872314,0.0027760838,0.003907972,0,0,0.0047195735,0.0013283306,0.0008798748,0.0018830089,0,0,0,0,0,0.0046867342,0,0,0,0,0.00048927707,0,0,0,0.0012754401,0.0013190284,0,0,0,0,0.002344527,0,0,0.0017374156,0.00015934129,0.0004098393,0,0,0,0,0,0,0,6.0675327e-05,0,0,0,0,0,0,0,0,0,0,0,0,0,0.0010729242,0.00080341485,0.00024099226,0.00066064263,0.0003000928,0,0.0030546347,0,0,0.0026914801,0.0011576691,0.0057176766,0,0.001150951,0.0061910516,0.0060138749,0.001147515,0,0.0042669391,0.0055814325,0.0014071227,0.0090945046,0.0066787018,0.0095222527,0.0076156156,0.0055780229,0,0.0083569996,0,0.0030779347,0.0084271822,0.0064232177,0.0067215152,0.0023665898,0.0038486205,0.0037101009,0.0024805653,0.0096966028,0.0097394427,0.0023182968,0,0.0028386223,0.001983542,0.00018289147,0.003593788,0.0032631862,0,0.002586911,0.0046505732,0.0065533691,0.0016645335,0,0,0.0019555411,0.0046928125,0.0024678053,0.0010587039,0,0.0036433307,0.0031100789,0.004608837,0.0068314075,0.0068513886,0.0026275567,0,0,0,0,0,0,0.00044780885,0,0.00099805754,0,0,0.0014628478,0,0.0025988154,0.0013497008,0.00036308239,0.00030382356,0,0.0019487177,0.0001807786,0,0,0.00038050173,0.0034329668,0.00043042219,0,0,0,0,0,0.0015005942,0.00029037715,0,0,0.00033223897,0,0,0,0,0.00081778958,0.0010388762,0.0026904887
0,0.0019761133,0,0,0,0.0059284167,0.053268719,0.03115868,0.00036034122,0.0024968525,0.0064659566,0.0010812239,0.0098431092,0.0097568687,0.016413998,0.018792208,0,0,0,0,0,0.0068844976,0.04072373,0.026186194,0.0013700072,0,0.0066546649,0,0.0029627406,0.0077296747,0.0013870874,0.010516326,0,0,0,0,0.0090256166,0,0.015552144,0,0.0059968783,0.0051980088,0.002802297,0,0.0021666901,0.0011567498,0,0,0,0.002151622,0,0,0.00063549011,0.00099513517,0,0,0,0,0,0,0,0,0,0.0038719836,0.0018217156,0,0,0,0,0,0.0057971692,0.00035397059,0,0.0029601965,0,0,0,0.005533495,0.0037243892,0.010490863,0.0015205409,0.0015685065,0.011885099,0.0074199969,0.0055068992,0.0012746087,0,0,0,0,0.0070309592,0,0.0080830315,0.0050911605,0,0,0,0,0.0061050272,0.0073985858,0.0021240958,0.00069149851,0.014886253,0.0070624151,0,0,0,0,0,0,0,0.0042319219,0.0027980879,0,0,0,0,0,0,0.0046148305,0.0015779774,0.01524125,0,0.01026378,0.0052610007,0.0038797453,0,0.0033196118,0.0019180693,0.0069286255,0.0069219666,0,0,0,0,0,0,0.010100907,0,0.0049038357,0.0086831953,0.00017362942,0.0004769025,0.0050389837,0,0,0,0,0,0,0,0.0021874621,0,0,0.0064233243,0,0,0,0,0,0,0,0,0,0,0,0,0,0,0,0,0.0027661682,0,0,0.0007569248,0,0,0.006721349,0.0012004091,0.0044010403,0.00079297042,0.00099076331,0,0,0,0.0062884763,0.00078954443,0.0063877976,0.011003745,0.0060964455,0,0,0,0,0,0,0.011037083,0.0074104192,0.0020498089,0,0.0029990873,0.0059278649,0.0050249868,0.018165581,0.0058853552,0.009153516,0.0096977223,0.0097858477,0.014335418,0.0097019635,0.00093304721,0.018034138,0.014340389,0.0041453964,0.0052812723,0.0024210713,0,0,0,0,0,0.0043539321,0,0.007000397,0.0099746231,0.010648573,0.0044780588,0.0108507,0,0.0056514051,0.0073889247,0.010550817
0,0.0071604759,0,0,0.0035390661,0.013705084,0.032133259,0.036962982,0.0024701958,0.0037078653,0,0,0.0060734306,0.002616459,0,0.011057427,0,0.0028773609,0,0,0.00019207399,0.0076925196,0.018473756,0.026796928,0.0021754222,0,0,0,0.0047478774,0.0014451302,0,0.006403645,0,0,0,0,0.0073184939,0,0.011575067,0,0.0063568838,0.0081877355,0.0034606487,0,0.0064089103,0.0048639327,0,0.00038384012,0.0066031488,0,0,0,0.0051958142,0.0052762646,0,0,0,0.0047340752,0.0036223806,0,0,0,0,0.0003861775,0.002096978,0,0,0,0.0021917003,0,0.0050082002,0.0017903658,0.0028012202,0.0033194018,0,0,0,0.004970198,0,0.0043603876,0.0014633999,0,0.0096460292,0.0066788225,0.007307631,0.0013626823,0,0,0,0,0,0,0.0053083017,0.0034669526,0,0,0,0,0.0038222105,0.0072398572,0,0,0.012328761,0.0097160395,0.0015330885,0,0.0015537414,0,0,0,0,0.005380867,0,0,0,0,0,0,0,0,0.0031123268,0.009698852,0,0.0041910433,0.0046879733,0.0014453727,0,0.0019969954,0.0014589339,0.0084259985,0.0066203764,0,0,0,0,0.0029866106,0.0031361789,0.010826129,0.0014735983,0.0074765971,0.014089135,0.0042351922,0.0034956906,0.0090709431,0.0010091977,0.0022794567,0.0025329057,0.0061261826,0,0.0052007823,0.0023815085,0.00066818454,0.0012235837,0,0.010478489,0,0.0019447621,0.00057034707,0,0,0.0069121248,0.0035677671,0,0.00059642608,0,0,0,0.0011493728,0,0,0,0.0063032843,0,0,0.0032262609,0,0,0.0045335954,0,0.0024907293,0.00098597002,0.0039870916,0,0,0,0.0025276854,0,0.0053171264,0.012007643,0.0043694563,0.004725995,0,0,0,0.00020317896,0,0.0069383522,0.0039679431,0.0032319271,0,0.0037636396,0.0010068999,0.002043647,0.011888172,0.005403724,0.010364412,0.0078755636,0.0078033367,0.012287905,0.010885895,0.00035191138,0.011589678,0.0048190583,0.0073378459,0.0019327797,0.0029891436,0,0.0019633253,0,0,0,0.0034617763,0.0016761476,0.0047337934,0.0029359262,0.0039310963,0,0.0069633499,0.0055650105,0.0053300131,0.0071859928,0.0094227381
0,0.0020350856,0,0,0,0,0.00024327174,0.0020552562,0,0.019198908,0,0,0.012598884,0,0,0.0018680434,0,0.0072910888,0,0,0,0,0,0.0033141491,0.024618084,0.0023520999,0,0,0.012127697,0,0,0,0,0,0,0,0,0,0,0,0.002653596,0,0,0,0.0032570865,0.0032461644,0,0,0,0.00073549792,0,0,0,0,0,0,0,0,0,0,0,0,0,0,0,0,0,0,0,0,0,0,0,0,0,0,0,0,0,0,0,0,0.00069744105,0,0,0,0,0.011990728,0,0.0018838629,0,0,0,0,0,0,0,0,0,0,0,0,0,0,0,0,0,0,0,0,0,0.00067766878,0,0,0,0.010256403,0,0,0,0.0046797795,0,0.011620265,0,0,0,0,0,0,0,0,0,0,0,0,0,0,0,0,0,0,0,0,0.0030912845,0.0058892239,0,0,0,0,0,0,0,0,0,0,0,0,0,0,0,0,0,0,0,0,0,0,0,0,0,0,0,0,0,0,0,0,0,0,0,0,0,0,0,0,0,0,0,0,0,0,0.013598318,0,0,0,0.010361632,0,0,0,0,0,0,0.0043012863,0,0,0,0,0,0,0,0.00020256618,0,0.0097403256,0,0.00029296352,0,0.0019509827,0,0,0,0,0,0,0.016081607,0,0.0056685982,0.006214147,0,0,0,0,0,0
0,0,0,0,0,0,0.0023300401,0.0032148324,0.019090878,0.002542,0,0,0.017828433,0,0.014942782,0.0074794157,0,0.0051868344,0,0,0,0,0,0.002695492,0.010167776,0.026633039,0,0,0.010529208,0,0.0046891649,0,0,0,0,0,0,0,0,0.0002484803,2.6846837e-05,0,0.0006940196,0,0.0015268215,0.00064140611,0,0,0,0,0,0,0,0,0,0,0,0,0,0,0,0,0,0,0,0,0,0,0,0,0.00017065708,0,0,0,0,0,0,0,0,0,0,0,0.0088845845,0,0,0,0,0,0,0.0015296742,0.0031513975,0,0,0,0,0,0.003481315,0,0.011681793,0.0098753041,0,0,0,0.0012086799,0.003814375,0,0,0,0,0,0,0,0,0,0,0.0044082846,0,0,0,0.0080156419,0.0053341566,0.0069533838,0,0,0,0,0,0,0,0,0,0,0,0,0,0,0,0,0,0,0.0044766059,0,0,0.0011110585,0.0035240669,0,0,0.0086828135,0,0,0,0,0,0,0,0,0,0,0,0,0.0029372144,0,0,0,0,0,0,0,0,0,0,0,0,0,0,0,0,0,0,0,0,0,0,0,0,0.0027415978,0,9.3397728e-05,0,0,0.0046333936,0,0,0,0,0,0.00081125862,0,0,0,0.0052986038,0,0.0030333989,0.0099677881,0,0.0066490257,0,0.01090336,0,0.0045751296,0.0018595973,0.0065700859,0.0025842667,0,0,0.0013635912,0,0.0088207992,0,0,0,0.00082726049,0.0040725498,0.0054508126,0,0,0,0,0,0,0,0
0,0,0.0005627299,0,0,0,0.0073858118,0,0,0,0.06518814,0.0059264768,0,0.038670398,0.0013237104,0,0,0.0020779141,0,0.0015310467,0,0,0.008717536,0.0010871148,0,0,0.0068150042,0,0,0.00072884659,0.0008712695,0,0.0010866075,0.0021252651,0.0027594813,0.0025631683,0.0053194198,0.0036671511,0.0033432667,0.0015211401,0.00021367104,0,0.0010894178,0,0.004576561,0.0019101814,0.00023717403,0,0,0.0069269002,0,0,0,0,0.00085796043,0.00076609454,0,0,0,0.001433399,0,0,0,0,0,0,0,0,0,0,0.00073293975,0.0031718358,0,0.0016124633,0,0.0024368193,0.0015587497,0,0.0046931715,0.002505379,0,0.00099750236,0,0.0031476109,0.0016574472,0.0058737281,0,0,0,0,0.0062128934,0.0027782258,0,0,0,0,0,0,0,0,0,0.00017738662,0.00090122211,0,0,0,0,0,0.0014722239,0,0,0,0.0023877765,0,0,0,0,0,0.0001694003,0,0,0.00064888981,0,0,0,0.0014952448,0,0.0015130516,0,0,0,0.00096477976,0,0.00036351793,0.00056025235,0,0,0.00086979347,0.0016768776,0.004720442,2.7416629e-05,0,0,0.0023917994,0.00047721388,0.0044415658,0,0,0,0,0.00014811606,0.0060986197,0.004187163,0.00022818361,0.0019743021,0.0005182547,0,0.0018675135,0,0,0.010344137,0.0024859786,0.012463235,0,0.0043062861,0.0019805171,0.0039889654,0.0014349304,0,0,0,5.4977395e-06,0.00014784615,0,0,0.0032703083,0.00057826506,0.0018679744,0,0.00061102991,0.00098822813,0.0032094098,0,0.0027784302,0,0.0012075234,0.0012410108,0.0028729644,0.0030655782,0.0080864662,0,0,0.0029274239,0.005213982,0,0,0,0,0,0,0,0,0,0,0,0.00036213934,0,2.9173674e-05,0,0.00038895212,0,0.0031123974,0,0,0,0,0,0,0,0,0,0,0,0,0,0.0012162023,0,0.0011252493,0.00093294476,0,0,0.00071096653
0,0,0,0.012566847,0.010945288,0,0.0018805582,0,0,0,0.0057164822,0.013154989,0.0091647599,0.010152811,0.011035383,0.0068736351,0.0016930416,0,0,0.0053387019,0.0088275252,0,0.001410109,0,0,0,0.0027261414,0.014053318,0.00112772,0.0054952856,0.010699273,0.004672301,0.0010114932,0.010315225,0.0024409494,0.0013506929,0,0.0055843354,0.00047524436,0,0,0.0021850164,0,0.0021179346,0,0,0,0,0,0,0,0,0,0,0,0,0,0,0,0.005714701,0.003749154,0.016097199,0.019051958,0.0028608383,0,0,0,0,0,0,0.0044269548,0,0,0.0013596402,0.0073947185,0,0,0,0,0,0,0,0,0.00081493019,0.0020914492,0,0,0,0.0061963331,0.0005408852,0,0.0071103224,0,0,0,0,0,0.0037992741,0,0,0,0.0047036759,0.0052108536,0.00034770431,0,0,0,0,0,0,0,0,0,0,0,0,0,0.00097955274,0,0,0,0,0,0,0,0,0,0,0,0,0,0.0044337343,0.014378454,0.0027628245,0.0056365365,0,0,0,0.001043477,0,0,0.0025030612,0,0,0,0,0,0.0023796789,0.00096184807,0.0012995722,0.0021944228,0,0,0,0,0,0,0,0.0096149566,0.0033619502,0,0,0.0034600361,0,0,0.013688085,0.011939084,0,0,0,0,0.0026998878,0,0.00012520923,0.00046638175,0.0011243615,0.0039896159,0,0.0013244279,0,0,0.0023126903,0.0081956182,0.0046511637,0.013257785,0,0.0080455914,0.0025380475,0.00060048734,0.0011560607,0,0,0.0023175688,0,0,0.01189644,0.0013057394,0.0034235208,0.0011032543,0.019988637,0,0,0.0049928515,0,0,0.00048058206,0.00053649209,0,0.0034928874,0.0014351135,6.1023184e-06,0,0.0039012455,0,0.00044510583,0,0.011379301,0,0.0080420598,0,0,0,0,0,0.001940879,0,0.00066421321,0,0,0,0.00098847155,0.0024939561
0,0,0,0,0,0.0012537717,0.010531349,0.0062207496,0.012865266,0.018622208,0,0.0085913269,0.066775754,0.03736696,0.011432319,0.022030067,0,0,0,0,0,0.0016819297,0.0075210398,0.0059302524,0.0052098879,0.0040483125,0,0,0.043711502,0.0238952,0.0062281592,0.017788222,0,0,0,0,0,0,0,0,0,0.0019998578,0,0,0,0,0,0.0050070728,0.0054825828,0,0,0,0,0,0,0,0,0,0,0,0,0,0,0.0034424856,0,0,0,0,0,0,0.004081008,0,0.0021464392,0,0,0.0068124803,0,0.0043254886,0,0.011683045,0,0,0.015764309,0.0088593382,0.0033543967,0.0056792768,0,0.00038706238,0,0.0026281874,0,0,0,0,0,0,0,0,0.0060029239,0.011727026,0,0,0.0031791299,0.00013686865,0,0,0,0,0,0,0,0,0,0,0.005420242,0.00038745377,0,0,0,0.0054117385,0,0.010728039,0.005651278,0,0.00024397645,0,0.0073914938,0,0,0,0,0,0,0,0.00048800316,0.0018774162,0,0.0087081753,0,0,0.0074188299,0.0036977611,0,0,0,0,0,0.011630277,0,0.0081568547,0.0072407844,0.0017725825,0,0,0.0040683248,0,0,0,0,0,0,0,0,0,0,0,0,9.9450117e-05,0.0028726952,0,0,0,0,0,0,0,0,0.0018701417,0.0082591493,0.0046744347,0,0.006589348,0.014633273,0,0.0077982782,0.014780924,0.010888702,0.0069859945,0.0070768646,0.011693655,0,1.1674895e-05,0,0,0.00013142799,0,0.0058851042,0,0,0,0.014706062,0,0.00079775043,0.015717085,0,0.017338635,0.013070853,0.00080792076,0.0010984603,0.0015832536,0,0.013346717,0.0076340651,0,0,0,0,0,0,0,0.00064852904,0.0036304775,0,0.0077414801,0.0053960565,0.0062370924,0.0055868933,0,0,0,0,0
0,0,0,0.0016234259,0.0048805289,0.00073352689,0.01034402,0.0026358911,0,0.00045091828,0.037269976,0.0094320979,0.037208684,0.18498714,0.013927929,0.016169876,0,0,0,0,0.0029029993,0,0.0071207271,0.001911249,0.0015099619,0.002222287,0,0.0044327183,0.018512648,0.030379999,0.010617986,0.013851633,0,0,0,0,0,0,0,0,0,0.0023169159,0,0.0015927193,0,0,0.0042904769,0.0038656108,0.0056103845,0.0015434404,0.0026626394,0.0014617865,0,0.003125893,0,0.0046469956,0.00096943683,0,0,0.0053561823,0,0.0058794124,0.0020635645,0,0,0,0,0.00029292743,0,0,0.0017033557,0,0,0.00069101295,0.0044371444,0.0073438175,0.0025956868,0.0047106012,0.0061939335,0.0034792982,0.0070040724,0.0023059666,0.0066198991,0.0090745417,0.0066696121,0.0074312785,0,0,0,0,0,0,0,0,0.0001167213,0,0,0,0,0.0023506093,0,0.0020598571,0.0028981282,0.00040003788,0,0,0,0,0,0,0,0,0,0,0.0031607393,0,0,0,0,0,0,0.0021959879,0,0,0,0,0,0,0,0,0,0,0.00026811223,0,0.002303238,0,0,0.014371602,0,0,0.0058134766,0.0032899012,0,0.0018962249,0.0029408794,0,0.0020409687,0.013887051,0.0042261351,0.015227072,0.010603743,0.0046895454,0.0040464578,0.0041598426,0.001319953,0,0.0054246862,0.0017231375,0.0053718849,0.0067352867,0.0056672869,0,0.01360778,0.0019721875,0.011033662,0.018227514,0.0035306974,0,0.00039099873,1.3368434e-05,0,0.0038226948,0.0038605661,0.006338743,0.0058091385,0.0084370794,0.0068750409,0.0021896712,0.0080777127,0.0035956423,0.0015126517,0.016068773,0.012535794,0.0046903947,0.032253239,0.0090125287,0.02373028,0.0083617903,0.0075972467,0.016905235,0,0.0060447757,0,0,0,0,0.0049869902,0,0,0.0092182104,0.00059041817,0,0.000797724,0.0044893301,7.429676e-05,0.0092275459,0.0026356606,0,0.0027676357,0.00034932097,0,0.0051872879,0.00085205585,0,0,0,0,0,0,0.0019720502,0,0.0040569748,0,0.00038586726,0,0,0,0,0,0,0,0
0.0078301001,0,0,0.017886009,0.013454114,0,0.015976403,0,0,0.015021418,0.00047122812,0.010009779,0.010326211,0.01295802,0.03047527,0.028240925,0,0,0,0,0.013911812,0,0,0,0,0.022002591,0,0,0.0041636894,0.0087384619,0.047214482,0.021364031,0,0.011250988,0,0,0,0,0.0010857435,0,0,0.0018605847,0,0.0068115727,0,0,0,0,0,0,0,0,0,0,0,0,0.0074889259,0,0,0.0099665131,0,0.025937166,0.027833033,0,0,0,0,0,0,0,0.0016145923,0,0,0,0,0,0,0,0,0,0,0,0.003648994,0,0.0034710201,0,0,0,0.014938608,0,0,0,0,0,0,0.034621615,0,0.00038173012,0,0,0,0,0.0064070276,0.0043992838,0.00085531297,0.008204462,0,0.0016888652,0,0,0,0,0,0,0,0,0,0.014781481,0.0016824169,0.010560521,0,0,0.0048796511,0,0,0.0047644889,0,0.0035046651,0.0023985365,0,0.0037979833,0,0,0,0.0067485906,0,0,0.00068238447,0.0031042581,0,0.001061528,0.0034355782,0,0,0,0,0,0.012183572,0.0048530335,0,0.0038458847,0,0,0.00025676217,0,0,0,0,0.021650489,0.011752646,0,0,0.0062970975,0,0.0021691485,0.02750949,0.017950129,0,0,0.0081448089,0,0.0045341151,0.0025557552,0,0,0,0,0,0.0087625068,0,0,0,0.012402348,0.0057231062,0.013680577,0,0.0091876797,0.0074074594,0,0.00034948147,0,0.016730893,0.023198307,0,0,0,0.0034497208,0.011175697,0.003148336,0.026218574,0,0,0.015661446,0,0,0.0057188645,0,0,0,0.0043546678,0.00013132267,0,0.0025439167,0,0.0017904686,0.002238573,0,0,0.010368687,0,0,0.0094116563,0,0.013153955,0,0,0.003401659,0.0012921656,0,0.0014741148,0.0031505253,0.0044440511
0.003134808,0,0,0.0010428021,0.0046197386,0,0.018103039,0.010203958,0.0016388934,0.0075940141,0,0.0059808516,0.020506542,0.014798773,0.028075401,0.022610288,0,0,0,0,0.002238872,0,0.0095320456,0.0046186699,0,0.0068319393,0,0.0011935319,0.016484862,0.011880825,0.018180266,0.031347103,0,0.0042288289,0,0,0,0,0.0016719226,0,0,0.001304608,0,0,0,0,0.00019567052,0.0024984055,0.00060794712,0,0,0,0,0.0017363306,0,0,0,0,0,0,0,0.0016630541,0.0027445008,0.0011842602,0,0,0,0,0,0,0.00017893815,0,0.0019277638,0.0017806021,0.0031107257,0.0032617147,0,0.0034143385,0.00085237966,0.0034183294,0,0,0.011358989,0.0036451153,0.0033645723,0,0,0,0,0,0,0,0.0095998365,0.0034614396,0.0068953531,0.0070524355,0,0.0017934802,0.0059618452,0.010757538,0.0025421656,0.0052269595,0.006553337,0.0014979197,0.003271075,0,0,0,0,0,0,0.0022370145,0,0.0024567142,0,0,0,0,0.0021398072,0.0051227706,0,0.003597796,0.0089393808,0.0060090143,0.0043653594,0.0040175477,0.0014691877,0,0.0016510052,0.004904232,0.0026143482,0,0,0,0.00032878609,0,0,0.0040767528,0,0,0.0029460639,0,0,0,0,0,0,0.005161345,0,0.00073486107,0,0,0,0,0,0,0,0,0,0,0,0,0,0,0,0.00016682982,0.0010237868,0,0,0.00085041922,0,0.00075602037,0,0,0,0,0,0.00056581077,0.0083635161,0.0045503411,0,8.5019979e-05,0.0082997885,0,0.0036589112,0.0054847412,0.0026171156,0.0026705228,0.0022362156,0.0029124052,0,0,0,0,0,0,0.010910889,0.0072495826,0.0031158724,0.0075101168,0.005392292,0,0.010592559,0.0099426489,0.0029285531,0.013524309,0.012390701,0.0059913779,0.0059011448,0.0031373692,0.00062036619,0.0069641443,0.01064016,0.0029995576,0.0041061719,0.0080771493,0,0,0,0.0036782455,0,0.010383374,0,0,0,0.0048299106,0.0076607866,0.0053187078,0.00058507436,0,0.005028992,0.0051829144
0.043435581,0.0015383085,0.0060156342,0,0.0050341832,0,0,0,0,0,0,0.0013574462,0,0,0,0,0.0089379987,0.0069289156,0.004576942,0.0062082023,0.0064636497,0,0,0,0,0.0031316101,0,0.0030201895,0,0,0.0084601557,0,0.0093623251,0.0095435781,0,0.0014536317,0,0.0078001367,0,0.0051113949,0,0.0027488752,0,0.0060764845,0,0,0.00065304514,0.0045749159,0,0,0,0,0,0,0,0,0.0069364412,0,0,0,0.0059171538,0.013258706,0.012128233,0,0,0,0,0,0,0,0,0,0,0,0,0.00077971409,0,0,0.0052445624,0,0,0,0,0,0.00082680758,0,0,0,0.042952165,0.0072772764,0,0.010028874,0,0,0,0.011992542,0,0.0021030358,0,0,0,0,0,0,0,0.022731818,0,0.0078103943,0.0057762307,0.0074444683,0.0010351154,0.0093438691,0,0.0095406268,0.002035626,0,0,0.014732843,0.0010033848,0,0,0,0,0,0,0,0,0.010550627,0.0077955909,0,0.0014692981,0,0,0.0031677135,0,0,0,0.0041608266,0.0058882521,0,0,0.0053481525,0,0,0.00098680845,0,0,0,0,0,0,0,0,0,0,0,0,0,0,0,0,0,0,0,0,0,0,0,0,0,0,0,0,0,0,0,0,0,0,0,0,0,0,0,0.0045391535,0,0,0,0,0,0,0,0,0,0,0.025859332,0,0,0,0,0,0,0,0,0,0,0,0,0,0,0,0,0,0.0047200276,0,0,0,0,0,0.0007247536,0,0,0,0,0,0.003804256,0,0,0,0.0045485338,0,0
0.0018271195,0.026636291,0,0,0,0,0.00081108109,0.0039549791,0.0078522135,0.0057649612,0.001621052,0,0,0,0,0,0.0067424863,0.022927944,0.010098024,0,0,0.0010636004,0.002204723,0.0062672407,0.00057528255,0,0,0,0,0,0,0,0,0,0,0.00076818041,0.0053716153,0.0017143001,0.0020873284,0.0056514782,0.0082154013,0.0010229249,0.0088649848,0,0.010730325,0.0098538045,0,0,0.0031191835,0.010267154,0,0,0,0,0,0,0,0.01918898,0,0,0,0,0,0,0.00083022285,0,0,0,0,0,0,0,0,0,0,0,0,0,0,0.0026917229,0,0,0,0,0,0,0,0.0091776941,0,0.0036659234,0.0059246384,0,0.00087663467,0.0018289557,0,0,0.0075826608,0,0,0.0050213374,0,0,0.0026072436,0,0.0018063756,0,0.016260117,0,0.001008883,0.0011532549,0.0098371804,0.0087131178,0.0020580641,0.010393595,0.0014340321,0.013639411,0.0052274698,0,0.0036191985,0.0068877963,0.013761804,0.0048732157,0.0028438924,0.0062887459,0.012764096,0.011314346,0.0047472976,0.011158838,0.011039691,0.013835862,0.0026328764,0.0022377342,0,0,0,0,0.0051065371,0.0024192994,0.00065984001,0.0034813252,0.0017094288,0,0.012073601,0.014268642,0,0.0043133893,0.0018615738,0,0,0,0,0,0,0,0.0090534743,0,0.0016935313,0.0022836379,0,0,0.01680647,0,0,0,0,0,0,0.0052475254,0,0,0,0,0,0,0,0,0,0,0,0,0,0,0,0,0,0,0,0,0,0,0,0,0,0.00431736,0.0086265216,0,0,0,0,0,0,0.0029770315,0,0.0043127444,0.0052120136,0,0,0.010683517,0,0.0014110816,0.0019957281,0,0,0.0054404945,0,0,0,0.018654371,0,0,0.0014073851,0.0016107525,0,0,0.0022018831,0.0029856979,0.0017401563,0.0080419611,0,0.0069659175,0.01191693,0
0,0.007011381,0.021304451,0,0,0,0,0,0,0,0,0,0,0,0,0,0.0047254702,0.010193823,0.0025365911,0.017260233,0,0,0,0,0.00028569275,0.0015786685,0.0048835813,0,0,0,0,0,0,0,0,0,0.0064952122,0,0,0.0025613192,0.003707479,0,0,0,0,0,0,0,0,0.0088100079,0,0,0,0,0,0,0,0.0072826007,0,0,0,0,0,0,0,0,0,0,0,0,0,0,0,0,0,0,0,0,0,0,0,0.0044620354,0,0,0,0.0043423073,0,0,0.005556928,0,0.026673194,0.0035733753,0,0,0,0,0.0042678947,0,0,0,0,0,0,0,0,0.00022810852,0.012263706,0.000263416,0.0038424875,0.0080771195,4.0007653e-05,0,0,0,0,0.0047831284,0.0036288542,0.0018713003,0.0060387095,0.0028744061,0,0,0,0,0,0,0,0,0,0,0,0,0,0,0,0,0,0,0,0,0,0,0,0.0046544382,0,0,0,0,0,0,0,0,0,0,0,0,0,0,0,0,0,0,0,0,0,0,0,0,0,0,0,0,0,0,0,0,0,0,0,0,0,0,0,0,0,0,0,0,0,0,0.0014502039,0,0.0042455066,0.0035311184,0,0,0,0,0,0,0,0.0031466547,0,0,0,0,0,0.00070643442,0,0,0,0,0,0,0,0,0,0,0,0,0,0.0015510478,0.0084110443,0,0,0,0,0,0,0,0,0
0,0,0.018688427,0.037400991,0.0093394313,0,0,0,0,0,0.0010659132,0.0048058294,0,0,0,0,0.0066173142,0,0.01728311,0.0054051867,0.0066416375,0,0,0,0.0024901922,0.00045903926,0.0094086407,0.01363187,0,0,0.016495191,0,0.0043799146,0.012740021,0.0059058541,0,0,0.011162263,0,0,0,0,0,0.00040038265,0,0,0.010395939,0.0037165773,0,0,0,0,0,0,0,0.017554056,0.0091438182,0,0,0.011815525,0.0020761176,0.028843302,0.029384524,0,0,0,0,0,0,0.0030931688,0,0.0020015291,0,0,0,0,0,0,0.012818238,0,0,0,0,0,0,0,0,0,0.0099778846,0,0.0099879866,0.02070288,0,0,0,0.0091902409,0,0,0,0,0,0,0,0,0,0.017010182,0,0.0064224168,0,0.0092714,0,0,0,0,0,0,0.0015352913,0,0,0,0,0,0.0021183148,0,0,0,0,0.0036040891,0,0,0,0.0093293171,0.010220427,0.0036264923,0.0087326141,0,0,0,0.0024778473,4.3088847e-05,0,0,0,0,0,0,0,0,0,0,0,0,0,0,0,0,0,0,0,0.012110071,0,0,0,0,0.0046595568,0,0.023074266,0,0,0,0,0,0.0030280775,0,0,0.0047105337,0.00063498027,0,0,0,0,0,0.0070970356,0,0,0,0,0,0,0,0,0,0.012523254,0,0,0.020868581,0,0,0,0,0,0,0.00063952163,0,0,0,0,0,0,0,0,0,0,0,0,0,0.029612754,0,0,0,0,0,0,0,0,0,0,0,0,0.0060335426,0,0
0.0034028615,0,0,0.013990283,0.024203837,0.0064329454,0,0.0009630819,0,0,0,0.0080940519,0,0.0030507636,0.014368181,0.0029384489,0.0060319607,0,0,0.0062518679,0.036586616,0.0064964318,0,0.0031376239,0,0.0029573878,0,0.0084363259,0,0.0023394113,0.013494456,0.0022642417,0.0083151674,0.0191618,0.009812681,0.0069062309,0,0.0085231531,0.0067266738,0.00029966424,0,0.013477469,0,0.01630922,0,0,0.011683498,0.012324491,0.0086561749,0,0,0,0,0.0020812473,0,0.015363157,0.010075216,0,0,0,0.0081652654,0.022402817,0.029751569,0.0069596707,0.0034418434,0.00063585641,0.0071914317,0.006062807,0.0074377991,0.0072877719,0.0045218244,0.0022007783,0.0033152029,0,0,0.0076288423,0,0.00044768644,0.0067028678,0,0.00089824235,0,0,0,0.0065500392,0,0,0,0.011616778,0,0,0.005908295,0,0.0028164671,0.0084299278,0.024348147,0,0.00067581073,0,0,0,0,0.0061262134,0.00073487603,0,0.0058341348,0,0.0035755038,0.00086354167,0.00092321105,0.00074737117,0,0.00089421764,0.0023528407,0.0021842809,0,0,0.0019855062,0,0.00010686457,0,0,0.0016933944,0,0,0,0,0.0077872677,0.0056263134,0,0.007538843,0.011653939,0.016727859,0.0069572302,0.010792425,0.0051510711,0,0.0044393861,0.0059186881,0,0.0059238845,0.012066557,0,0,0.0063738069,0,0.0010411784,0.010689309,0.0034043095,0.004290903,0.0057323165,0,0,0,0,0,0,0,0,0.011070716,0,0,0.0063438965,0.0080948453,0.010454617,0.023428997,0.021472957,0,0,0.0045281495,0.0036250637,0.008037393,0.0050216457,0.0066932319,0.0068008564,0.0049472381,0.0059876279,0,0,0,0,0,0,0.0038712365,0.01302141,0,0.0062570735,0.0017922397,0.0021885794,0,0,0,0.0040566302,0,0,0.015982749,0,0.0011739715,0.0027293686,0.022138694,0,0,0.0055090711,0,0,0,0,0,0.0043424652,0.00068990642,0,0,0,0.0013283778,0.0014664158,8.8072396e-05,0.01952656,0,0.011861278,0,0,0,0,0,0,0,0,0,0,0.0062512732,0.0057278136,0.0066973963
0,0,0,0,0,0.012228241,0.0093336925,0.009162019,0,0,0,0,0.0023593488,0,0,0,0,0.0011719213,0,0,0.0068724602,0.01810066,0.012661813,0.023736292,0,0,0,0,0.0074099638,0.0042433175,0,0,0,0,0,0.0012181618,0,0,0.0019629945,0.00014848323,0.0041115801,0.0063330731,0.0040320819,0.0023745147,0.0077160252,0.0034444225,0,0.0036617033,0.010526124,0.0090827607,0.001079904,0.0040605413,0.0079176892,0.0072066793,0.0053947237,0,0,0.013090448,0.010159696,0,0.0088945571,0,0,0.00082085037,0,0.0017216416,0,0,0,0,0,0,0.0026074888,0,0,0.0027854573,0.0021513908,0,0,0.0074435622,0,0,0,0.008520158,0.0021921122,0.0021944805,0,0.0022121468,0,0.00068825413,0,0,0,0,0,0,0,0,0.00073601038,0.0069283508,0.00054495054,0,0,0,0,0,0.004254852,0,0,0,0.0022380303,0.0023818666,0.0033729777,0,0.0062497342,0.0042850771,0.0036353529,0,0,0,0,0.0060447585,0,0.0007119709,0,0.0019963363,0.0036151551,0,0,0.0014155207,0,0,0,0,0,0,0,0.0050582886,0,0,0,0.0037703111,0,0.0041151773,0.004363887,0.00728577,0.0010758953,0.0020827604,0,0.0055040452,0.003665908,0.0072866017,0.0047911061,0.004785243,0.0048351032,0,0.0078769969,0.00286226,0,0,0.007099065,0.0060465774,0,0.0048179841,0,0,0,0.0032600979,0,0,0,0,0,0,0,0.0015820613,0,0,0,0.0017075352,0.0035995771,0.00011977063,0,0,0,0,0,0.0046818322,0.0054910146,0.0018596742,0,0,0,0,0.0052790074,0,0,0,0,0,0.0043978845,0,0,0.0032307904,0.0017759576,0,0,0,0,0,0,0.0057012257,0.0014910731,0.002400201,0,0,0,0.0047013764,0,0,0,0,0.0051105651,0,0.00083464291,0,0,0.0003739071,0,0,0,0.00038944295
0,0,0,0,0,0.0027207688,0.040369514,0.017297389,0,0,0.0077715293,0.00066776318,0.0069789393,0.0065701022,0,0.010142228,0,0.00089036301,0,0,0,0.010401112,0.073156305,0.03797375,0.0021850187,0,0.0074134739,0,0.004683285,0.010573615,0.018296327,0.027474958,0,0,0,0,0.0064441962,0,0.011157255,0,0.0046266671,0.0028035406,4.9400569e-05,0,0.0018040361,0.0021232797,0,0,0,0.00027553752,0,0,0,0.00016523423,0,0,0,0.0013551683,0,0,0,0,0,0.001451444,0,0,0,0,0,0,0.0034302133,0.00059336412,0,0.0037181601,0,0,0,0.0040645069,0.002965492,0.011559146,0.0017416632,0.0039698975,0.01349327,0.0089872498,0.0030780174,0.0015598622,0,0,0,0,0.0031816852,0,0.0074262442,0.0047723297,0,0,0.010529999,0.0042985911,0.0026952385,0.0088472972,0.0033345844,0.0023374499,0.013566768,0.007633605,0,0,0,0,0.00036523165,0,0.0025438685,0.0053629214,0.0065856078,0.0014393007,0.0014720267,0,0.0015705994,0,0.0051099337,0.0013988981,0.0055572656,0.016838338,0.0031850492,0.015506567,0.0072494955,0.0070400303,0.0040960852,0.0025110312,0.0049549653,0.0080020828,0.0071695196,0,0,0,0,0,0,0.0095413178,0,0,0.0056192996,0,0,0.0032107974,0,0,0,0,0,0,0,0.0038694181,0,0,0.0038970294,0,0,0,0,0,0,0,0,0,0,0,0,0,0,0,0,0,0,0,0,0,0,0.0026331572,0,0.00024296732,0,0,0,0,0,0.0043242653,0,0.002310829,0.0073169693,0.0041658366,0,0,0,0,0,0,0.0061378437,0.0020220871,0,0,0.0024583016,0.0036482215,0,0.0071713836,0.00085624459,0.0089383097,0.0074955323,0.0045150104,0.0097347181,0.0080882115,0.0003187707,0.015278367,0.0056833015,0.0020618052,0.0020055505,0.0020777727,0,0,0,0,0,0,0,0.0025731786,0.010624994,0.0056114732,0,0.0087183844,0,0.0022898347,0.0059301164,0.007394705
0,0.0023111789,0,0,0,0.0059429938,0.026560154,0.026212025,0.0034377545,0.0030474525,0.00024713922,0,0.0055927155,0.001694069,0,0.0053387824,0,0.0050235726,0,0,0.0019583222,0.021695625,0.03872709,0.065474078,0.0018005141,0,0,0,0.0080448398,0.00529572,0,0.012390211,0,0,0,0,0.0076075271,0,0.012602026,0,0.0076157106,0.0049379896,0.0031456512,0,0.0057514156,0.0048533734,0,0,0.0046378896,0.0011155476,0,0,0.0077878721,0.0045947344,0,0,0,0.012539406,0.0055006621,0,0.00071037718,0,0,0.00071560254,0.0017773686,0,0,0,0.00036075996,0,0.0036764466,0.0009184677,0,0.0045308475,0,0,0.0014123087,0.0020235931,0,0.0085638929,0.0028599261,0.0038774298,0.010072299,0.0079704188,0.0043843878,0,0,0.0030018766,0,0,0,0,0.005420201,0.0061023561,0,0,0.0074351663,0,0.0072357305,0.010749212,0.00085111224,0,0.011035553,0.015143506,0,0,0.0067483089,0,0,0,0.0030004743,0.0081923194,0.0029108333,0,0,0.0051099667,0.0026367907,0,0,0.0049293339,0.0043748273,0.015266133,0,0.0079287123,0.008922589,0.0063974457,0.0061015142,0.003020881,0.0039265933,0.01018702,0.0056762593,0,0,0,0,0,0,0.0087707993,0,0.0082320264,0.0094366074,0,0.0054483274,0.0066200094,0,0.0023079717,0,0,0,0.00091628329,0,0.0042996677,0.0003231205,0,0.0082853958,0,0,0.00027821015,0,0,0.0060719266,0,0,0,0,0,0,0,0,0,0,0.0031325247,0,0,0.002505586,0,0,0.0025567752,0,0.00096874824,0.00043614482,0,0,0,0,0.0025719649,0,0.0014418939,0.0094955964,0.00027886638,0,0,0,0,0.0066773621,0,0.0055249706,0.00020103832,0.0026464846,0,0.0033878318,0.001023332,0,0.010659756,0.0020136049,0.0064241076,0.0088224364,0.009021705,0.0081946542,0.014724093,0,0.011701481,0.005274131,0.0058606034,0.0011062822,0.002752631,0,0.0079956697,0,0,0,0.00094517833,0.005109976,0,0.0023537278,0.0013270633,0,0.0061009438,0.0016411978,0.0025593492,0.0055857911,0.0077983602
0,0.00061740854,0.005883221,0,0,0,0.0015944003,0.0022524013,0.025198694,0.01073166,0,0,0.0053283293,0.0018349675,0,0,0,0.00027142145,0.00020637669,0.0024480738,0,0,0.0024718621,0.0019687305,0,0.018264743,0,0,0.0070926799,0.00070127862,0.00080472312,0.0015393286,0,0,0,0,0.00044764072,0,0.00083519041,0.00036255969,0.0019324397,0,0,0,0,0.0016275358,0,0,0,0,0,0,0,0,0,0,0,0,0,0,0,0,0,0,0,0,0,0,0,0,0.0055374629,0,0,0,0,0,0,0,9.5138515e-05,0,0,0,0,0,0,0,0,0,0,0,0.00031604993,0,0,0,0,0,0.0022536679,0,0.0093413722,0.00049757893,0,0,0,0.0032455772,0.0023217914,0,0,0,0,0,0,0.0043852436,0,0.0037836402,0.006692376,0,0,0,0,0.0062081357,0.0086276289,0.0049722032,0,0,0,0,0,0.0017254411,0.0033594035,0.0036317552,0,0.00076729769,0,0.0017407201,0,0,0.0026715084,0.00047702319,0,0,0,0,0,0,0,0,0,0,0,0,0,0,0,0,0,0,0,0,0,0,0,0,0,0,0,0,0,0,0,0,0,0,0,0,0,0,0,0,0,0,0,0,0,0.0032416307,0,0,0,0,0,0,0.00013671436,0.00064762664,0.0013825981,0,0,0,0,0,0,0,0,0,0,0,0,0,0,0,0.0037293236,3.3464421e-05,0.00044027242,0.0020507618,0,0,0,0,0,0,0,0,0,0,0,0,0.0032453779,0.0056459969,0,0,0,0,0.0025050666,0.0022558516
0,0,0.0039964616,0,0.0028287533,0,0,0,0.0021522571,0.026562011,0,0,0.0030885017,0.0016250623,0.021838849,0.0066888286,0.0026800863,0,0.0012892861,0.00019564484,0.0024873887,0,0,0,0.017667975,0.012578167,0,0,0.012248837,0.0014836078,0.029771958,0.0065986477,0.0010196279,0.0015621155,0,0,0,0.0034294096,0,0,0,0.001502015,0,0.0021584276,0,0,0.004377705,0.011263731,0,0,0,0,0,0,0,0,0,0,0,0.0045335186,0,0.003856105,0.0040892838,0,0,0,0,0,0,0,0.0012627223,0,0,0,0,0.0051106801,0,0.0032074347,0.0044301595,0,0,0,0.0057883495,0,0.0053468733,0.0055849673,0.01096403,0,0.0024429939,0,0.0071895868,0.0030710718,0,0.0025698151,0,0.0055364086,0.0014685923,0,0.0024905468,0,0,0,0.0011437286,0.0018451452,0.0028562669,0.0054136482,0,0,0,0,0,0.00048930431,0,0,0,0,0,0,0,0.0060353596,0,0,0.0033215689,0,0,0.0070988461,0,0.001143998,0.001925949,0.0028504948,0.0011934091,0,0,0,0,0,0,0,0.0023232906,0,0.0022074997,0.0013944601,0,0,0.0024839942,0,0,0,0,0,0,0,0,0,0,0,0,0,0,0.0061378232,0,0,0,0,0,0.0047346968,0,0,0,0,0,0,0,0,0,0,0,0,0,0,0,0,0,0.00039505929,0.0022594945,0,0,0,0,0,0,0,0.0056342161,0,0,0.0027935528,0.0023228149,0,0,0,0,0,0.0097028147,0,0,0,0,0,0.0028645825,0.0021548909,0,0,0,0,0.00010021219,0.0028231633,0.0061506941,0,0,0,0,0,0,0.0057813958,0,0,0,0,0,0,0,0.0018246484
0,3.1426443e-05,0.0036689378,0.0068952339,0,0,0.0074387551,0,0,0,0.006882099,0.0026339458,0,0,0,0,0,0,0.0051884735,0.010118099,0,0,0.0082152337,0,0,0,0.034984987,0.012934566,0,0.013488752,0.0060371403,0,0.0025385779,0.0049243411,0.0011997169,0.0031462722,0.0047619524,0.0081490884,0.0038620736,5.527442e-05,0,0.00070853473,0.0011552727,0,0,0,0.0027232522,0,0,0.00089004246,0.0034134716,0.00086694397,0,0,0.003140694,0.0034831329,0.0011452102,0,0,0.0074420394,0.0051353057,0.01320451,0.0053959233,0.00044476186,0,0,0.0021503742,0.00061346893,0,0.0014016135,0.003439324,0.0043188338,0.0012661711,0.0019874435,0,0,2.6578913e-05,0.00014706569,0.0082094138,0,0,0,0,0,0,0.0040040654,0,0,0,0,0.015075038,0.0077008111,0,0,0,0,0,7.6017808e-05,0,0,0,0.003667536,0.0029849,0,0,0.0037020021,0,0,0,0.0058169458,0,0,0,0,0,0,0,0.00048543076,0,0,0,0,0,0,0,0,0,0.0030045731,0,0,0.0010042053,0,0.0018429046,0.0020045436,0.0048091034,0,0,0.0017474089,0.0058518713,0.0037859944,0.001027859,0,0,0,0,0,0,0,0,0,0,0.0021607988,0.0018793002,0,0,0.00029805009,0,0,0,0.00068191934,0,0.0007954794,0,0,0,0.0063427403,0.0057952031,0,0,0,0,0,0.0014141819,0,0,0,0.00054431811,0,0,0,0,0.0029052733,0,0.0064248531,0.003146349,0,0.00046986295,0.0020786112,0,0,0,0,0.0042173844,0.010096179,0,0.00097953167,0,0,0,0.0028481581,0,0.0027843851,0.001271403,0,0,0,0,0,0.001822754,0,0,0,0,0,0,0,0.0084651913,0,0.0049340995,0,0,0,0,0.0013749378,0.0014284017,0,0,0,0,0.0039856704,0,0.0019760353
0.0035607982,0,0.0029720224,0.017680686,0.0096620303,0,0.00056946115,0,0,0,0,0.013910252,0,0.0052686576,0,0.0021171358,0.0033334543,0,0,0.014367114,0.0090150386,0,0,0,0,0.00016676271,0.012689414,0.0017170694,0,0.0044014785,0.017145941,0.0022671183,0.0021079998,0.010094555,0.0040008305,0.0021756869,0,0.010147861,0.00093635888,0,0,0.0024896679,0,0.003927751,0,0,0.0095649604,0,0,0,0,0.0029186616,0,0,0,0.012214316,0,0,0,0.00774974,0.0026136085,0.025387695,0.024796976,0,0,0,0,0,0,0,0.0026850479,0,0,0.0038119499,0,0,0,0,0.0091245575,0,0,0,0,0,0.0013594197,0,0,0,0.010672629,0.0012949645,0,0.010421822,0,0,0,0,0,0.0040490446,0,0,0,0.0091503207,0.0056754961,0.00086472993,0,0.0052586128,0,0,0,0,0,0,0,0,0,0,0,0.013021924,0,0,0,0,0,0,0,0,0,0,0,0,0,0.0013925924,0.014378099,0.0043863077,0.0096393637,0,0,0,0.0046179425,0,0,0.0030973104,0,0,0,0,0,0.0014225994,0,0,0,0,0,0,0,0,0,0,0,0,0,0,0.0092822183,0,0.002162118,0,0,0,0,0,0,0.0038332518,0,0,0,0,0.0035442919,0,0,0,0,0,0.0078646932,0,0,0,0,0.002228925,0,0,0,0,0.012271272,0,0,0.017392438,0,0,0,0,0,0,0.0042822994,0,0,0,0,0,0.0040659481,0,0,0,0,0,0,0,0.019841189,0,0.015064937,0,0,0,0,0,0,0,0,0,0,0.0024730396,0,0
0,0,0,0,0,0.0039847335,0.0036469284,0.0048009986,0.012516459,0.011282152,0,0.00055258599,0.043899249,0.018594544,0.0052205394,0.017993683,0,0,0,0,0,0.0067563197,0.0054029203,0.0084100906,0.0069914619,0.013135885,0,0,0.090836048,0.047813389,0.0014754543,0.016341267,0,0.0053679813,0,0,0.00075382285,0,0.0046046362,0,0.0026769184,0.0052561783,0,0,0.0024978421,0.00019831929,0.00034901389,0.0046342895,0.0063970373,0.001100404,0,0,0.0084846318,0.0037192521,0,0,0,0.0034019989,0.00023737251,0,0,0,0,0.0015221935,0,0,0,0,0,0,0,0,0.0028066421,0,0,0.0077333548,0,0.0013835536,0.0025769377,0.014657234,0.0098240431,0.010825831,0.014287742,0.00727299,0.0025389183,0.0023640667,0,0.007323456,0,0.008124236,0,0,0.00046350597,0,0.00026923462,0,0.004745848,0.0044725025,0.0061654556,0.014905227,0,0,0.00088315207,0,0.0027252496,0,0.003806853,0,0,0,0,0.0015944235,0,0,0.017989427,0.0056949249,0.0012429575,0,0.0024358253,0.003822719,0.0020842236,0.011704119,0.010853745,6.8260539e-05,0,0,0.01232192,0,0,0.0031178105,0,0,0,0,0,0,0,0,0,0,0.0023677961,0,0,0,0.00035850963,0,0,0.0080084698,0,0.0047836332,0.0013406269,0,0,0,0,0,0,0,0,0,0,0,0,0,0,0,0,0,6.0428243e-05,0,0,0,0,0,0,0,0,0,0.00071515649,0,0,0,0.0035194946,0,0,0,0.0018043525,0.0050204638,0.0040705912,0.0050882199,0.0011865858,0,0,0,0.0029006782,0,0.0028698214,0,0,0,0,0,0,0.0084643066,0,0.012133707,0.010761697,0,0,0.0017800685,0.00054804061,0.012466036,0.0054660933,0.00054473628,0,0,0,0,0,0,0,0,0.0029318149,0.0013756691,0.0020674197,0,0,0,0,0,0,0
0,0,0,0,0.00036895895,0.0019436113,0.0080865007,0.0013876056,0,0,5.4720593e-05,0.0046522003,0.024015075,0.03054991,0.0097240023,0.013310919,0,0,0,0,0.0022034312,0.0037246242,0.01100172,0.0055832667,0.00050213363,0.0022923844,0.012717111,0.0037373092,0.047922961,0.140533,0.0081429882,0.013039025,0,0.0045223539,0,0,0,0,0.003007768,0,0,0.0046123909,0,0.0022455119,0,0,0.0069565563,0.0073237815,0.0089890482,0.0072283722,0.0074298577,0.0072719133,0.0019005196,0.0041002128,0,0.0063041309,0.0022349264,0.004835424,0,0.010127676,0.0049584615,0.0089192186,0.0015155652,0.0032502264,0,0.00076140265,0,0,0,0,0,0.0046918569,0.0067071007,0.00029155656,0.0071036527,0.0089669637,0.0040835179,0.0086440602,0.011113045,0.0060507725,0.0090119233,0.0076080128,0.0072975038,0.0091765122,0.0048584272,0.012543768,0.0054608835,0,0,0,0,0,0,0.0011896362,0.0021920477,0,0,0.0053107133,0,0.005418391,0.0011550648,0.0016771506,0.00092657405,0.0013439751,0.00021232563,0,0,0,0,0.00018345668,0.0028025201,0,0,0,0.0085861366,0,0,0,0.00040213374,0,0,0.0030258514,0.00083194359,0,0,0,0.0036480203,0,0,0,0,0.00026949702,0,0,0,0,0,0,0,0,0.00022058366,0,0,0,0,0,0,0.0030881709,0,0.0020882755,0.0017800095,0.0033942137,0.0019297529,0.0017472857,0.00079324452,0,0.0029833289,0.0006150594,0,0,0,0,0.0029670047,0,0,0.00034960784,0,0,0,0,0,0,0,0,0,0,0.0020679326,0,0.0023994299,0,0,0.003103123,0.005747966,0,0.0028764405,0.0044539473,0.012000932,0.008733009,0.0029664775,0.011214415,0,0.003134073,0,0,0,0,0.0048319609,0,0,0,0,0,0,0,0,0.0043063187,0.0013619253,0,0,0.00066251837,0,0.0053771054,0.003504571,0,0,0,0,0,0,0,0,0,0,0,0,0,0,0,0,0,0,0
0,0,0.0028262979,0,0.01490138,0,0.0011493623,0,0,0.0047880998,8.9258981e-05,0.0097356122,0.0051430757,0.0099282023,0.04733362,0.018351974,0.0083476733,0,0,0.016495574,0.013265671,0,0.017934207,0,0.00020227169,0.03000403,0.005288498,0.016212348,0.0004604776,0.0072438815,0.039816421,0.030343059,0.0013045487,0.014067831,0.0079802126,0,0,0.013873274,0,0,0,0.0017491598,0,0.0063441182,0,0,0.012555243,0.0099183219,8.6706146e-05,0,0,0.0055143214,0,0,0,0.018842448,0.0096326023,0,0,0.015103864,0.0017741699,0.031426132,0.032404315,0,0,0,0.00069606944,0,0,0.0025194059,0.0048253066,0,0,0,0.017493086,0.0071356758,0,0.0071304166,0.013540505,0,0,0.0013690705,0.0043450547,0,0.0037049085,0,0.039599903,0,0.016428245,0,0,0.014829069,0.0037034352,0,0.0097910594,0,0,0.0075477883,0,0,0,0.014421577,0.007187923,0.0050195428,0.0018896535,0.015540403,0,0.0024539051,0,0.0035720263,0,0,0.0026150139,0.0032014139,0,0,0.0010763761,0.018062793,0.0040896991,0.0093330685,0,0,0.0079048518,0,0,0.0068592383,0,0.0037406206,0.0034948594,0,0.0077626309,0.0035597892,0,0,0,0,0,0,0.0054786899,0,0,0,0,0,0,0,0,0.0061078044,0.0036133942,0,0.0028542285,0,0,0,0,0,0,0,0,0.015274778,0,0,0.011718597,0,0.0028400843,0.029507393,0,0,0,0,0,0.0031229001,0,0,0.002540854,0,0,0,0.0067046792,0,0,0,0.01320594,0.0082370136,0.014792129,0,0.010241793,0.0047371867,0,0,0,0.021165602,0.021573678,0,0,0,0.002461321,0.0086670099,0,0,0,0,0.016559534,0,0,0,0,0,0.0085614761,0.0014313228,0.00090321165,0,0,0,0.0018489374,0.0033210679,0,0,0,0,0,0.0059865844,0,0.0097059077,0,0,0.0013504178,0.00075626094,0,0.0034252212,0.0040922659,0.0039418014
7.353034e-05,0,0,0,0.0017541327,0,0.0099120475,0.0056581991,0,0,0,0.0037425472,0.016393268,0.012545695,0.021187237,0.031375531,0,0,0,0,0.0015176985,0,0.027126035,0.011722825,0.0010227978,0.0069030048,0,0.001470514,0.014959211,0.011600102,0.030180896,0.031408139,0,0.00250858,0,0,0,0,0.0038884967,0,0,0.0018928355,0,0,0,0,0.00011795924,0.0022638165,0,0,0,0,0,0.0010015342,0,0,0,0,0,0,0,0.0022793128,0.0016192396,0.0046938667,0,0,0,0,0,0,0.0014238993,0,0.0036260362,0.0018155687,0.0053725094,0.0013864355,0,0.0053284648,0.0028668516,0.0059948992,0,0.0082507655,0.012122151,0.0032828618,0.00037876557,0,0,0,0,0,0,0.00039807722,0.01311582,0.0072883358,0.0071842344,0.0059282393,0,0.0087098181,0.0072394265,0.012820664,0.0077183144,0.010173009,0.0077978885,0.0025580102,0.00047381298,0,0,0,0.0026385728,0,0.0025976866,0.0056442791,0.0080775563,0.0077139093,0.0047948263,0,0.0038841609,0,0.012302614,0.0043004001,0.0010681272,0.0042822422,0.013909693,0.013966653,0.0086656455,0.0090465127,0.0080505656,0,0.0052169925,0.0060165725,0.0072233318,0,0,0,0,0,0,0.0057527004,0,0,0,0,0,0,0,0,0,0.0011127932,0,0,0,0,0,0,0,0,0,0,0,0,0,0,0,0,0,0,0,0,0,0,0,0.00028110662,0,0,0,0,0,0.00088266889,0.0047173128,0,0,0,0,0,0,0.0024721283,0,0.00022411998,0.0010397043,0,0,0,0,0,0,0,0.0055654068,0.0039481176,0.0013655132,0.0040970091,0.0026070238,0,0.0085649928,0.0020355443,0.0012948336,0.0092044864,0.0072154119,0.0015336431,0.0038405298,0.0017632942,0,0.0042819898,0.0088649467,0.0020111208,0.0026963758,0.0047154389,0,0,0,0.0025539123,0,0.0058440315,0,0.0032296709,0,0.0029145651,0.0079972688,0.0075825369,0.00075429108,0,0.0049503571,0.0051090219
0.0063837939,0,0.0020033182,0.0056973528,0.010321965,0,0,0,0,0,0.00072432274,0.00067483971,0,0,0,0,0.0090856962,0,0,0.0035123702,0.0093485666,0,0,0,0,0.0017896149,0.0022347432,0.001732121,0,0,0.0017047779,0,0.048529293,0.06356474,0.038622677,0.057729267,0,0.035331242,0.032418139,0.031089712,0.014784962,0.058012318,0.042689752,0.048609696,0.040184785,0.042520151,0.011260154,0.01858183,0.015710806,0.0015992059,0.0038412195,0.0090839816,0.0081704687,0.0093980199,0.0011664577,0.012127917,0.010927782,0,0,0.00041559167,0.0068655969,0,0.020930739,0.0096112527,0.02020381,0.004738078,0,0.013201078,0.027833963,0.02861375,0.017797327,0.0075436877,0.015686568,0,0.0090613877,0.0089236852,0,0,0.012111359,0,0,0,0.0011735887,0.007931225,0.023211105,0,0.01298975,0,0,0,0,0.0063495515,0,0,0,0,0,0,0,0,0.0011632814,0.0055978037,0.0085860696,0,0,0.0051781829,0,0,0.0029707591,0.0076135523,0.011495392,0.015948236,0.0037164153,0,0,0,0,0,0,0,0,0,0,0,0,0,0,0.025558064,0,0,0.0092422049,0.03056089,0.0064986749,0.035544001,0.055384655,0.0533153,0.027495917,0.029326443,0.038061216,0.0087691266,0.04144042,0.04682871,0.036301333,0.029178912,0.043024525,0.035855211,0.035454623,0.01038999,0.0097069843,0,0,0,0,0,0,0,0,0,0,0.0054848255,0,0.0015455472,0,0,0,0.011560305,0.021522323,0,0,0,0,0.016736956,0,0.026171241,0.020059805,0.0074226605,0,0,0.0026300689,0,0,0,0,0,0.012605903,0,0.010137129,0.011185174,0.019482628,0.0050462852,0,0,0,0,0,0,0,0,0,0,0,0,0.0025904987,0,0,0,0,0,0.011164337,0,0,0,0,0.012965018,0,0,0.0072507137,0,0,0,0,0,0,0,0,0,0,1.5476622e-05,0,0.024671707,0,0.01406686
0.0095590027,0,0,0.016089024,0.020853523,0.0013676739,0,0,0,0,0.0014666576,0.0095611271,0,0,0.01147903,0.0046898564,0.0089922287,0,0,0.011912096,0.019426784,0,0,0,0,0.0020345417,0.0043696477,0.0094416868,0.0052964366,0.0041032769,0.014046462,0.0027926811,0.061887879,0.12227075,0.067509234,0.05600987,0.030193582,0.025344908,0.063865021,0.030239955,0.035178475,0.048441291,0.039041657,0.03725021,0.020516496,0.042700775,0.020156149,0.017449532,0.011577666,0,0.0054279608,0.015624871,0,0,0,0.018643795,0.0092439707,0,0.0006395817,0.0069940998,0.015248331,0.027058512,0.046982571,0.011317113,0.019365598,0.0047202623,0.010870004,0.013545059,0.01568781,0.028467428,0.0095952246,0.0064686663,0.017549712,0,0.017174233,0.011268198,0,0,0.01713777,0,0,0,0,0.005289773,0.012583265,0,0.037719063,0,0.0049685971,0,0,0.016747732,0,0.0026414092,0.0038438234,0.024197901,0,0.0018880528,0,0,0,0.01420102,0.01091233,0,0,0.0078109549,0,9.5959922e-06,0,0.010022564,0.0028979662,0.0046899477,0,0,0,0,0,0,0,0,0,0,0.0045973891,0,0,0,0,0.015977394,0.0028465108,0,0.0078794677,0.016341409,0.021888034,0.024616227,0.069845244,0.039523162,0.029746318,0.055302929,0.027971888,0.01959761,0.037040897,0.039025344,0.024445396,0.0145696,0.029859979,0.020527046,0.031732976,0.0067856023,0,0,0,0,0,0.010752686,0,0,0.0045387093,0,0.024643889,0.011609302,0,0,0.0085460898,0,0.014495691,0.02700555,0.039567791,0.012060512,0,0,0,0.012949671,0,0.024674997,0.0090887155,0.010005848,0.020186966,0,0.0075421259,0,0,0,0,0.0064915381,0.019230668,0,0.0091187339,0,0,0,0,0.025421903,0,0,0,0.014545508,0,0,0.0053616948,0.025988635,0,0,0.010108261,0,0,0.00042195857,0,0,0.0090210941,0,0,0,0,0.0026153305,0,0,0.026246255,0,0.018749105,0,0,0,0,0.0034489534,0,0,0,0,0,0.014837386,0.0054118694,0.013209835
0.0047511114,0,0,0.0034803462,0.01043892,0,0,0,0,0,0.0021925452,0.0016304456,0,0,0,0,0,0,0,0.0049221353,0.0099637983,0,0,0,0,7.6913006e-05,0.00069618702,0.0032238171,0,0,0.0078483727,0,0.036712188,0.067298502,0.084638804,0.026979107,0.028449664,0.013675618,0.025852481,0.050563671,0.027865741,0.021383101,0.058839869,0.022335652,0.018187584,0.042993851,0.018477736,0.015525728,0.0060237246,0,0.0010997707,0.0088235037,0.00019466085,0.0021033078,0.011539234,0.014343199,0.020444462,0,0.00027695956,0.0099332547,0.011399103,0.011352021,0.048369829,0.032362863,0.03439267,0.010538564,0.021411926,0.025208315,0.026739497,0.040057324,0.0092135742,0.0088850502,0.019867223,0.0026630524,0.017381329,0.0067261988,0.00067620096,0,0.0092020854,0,0,0,0,0,0.0060450784,0,0.01828149,0,0.0029891185,0.0022223569,0,0.0073070219,0,0,0.0050598267,0.013442407,0,0,0,0,0.0040777922,0.015011229,0.0011665899,0,0,0,0,0.0026174844,0,0.0093738372,0.010355627,0.0045187501,0.003138521,0,0,0,0,0.0046098744,0,0,0,0,0.0011635255,0,0,0,0,0.0047761835,0,0,0.005823988,0.016614238,0.013299586,0.015786022,0.049950138,0.025383497,0.049854383,0.032345213,0.016518392,0.030801442,0.017855024,0.019039419,0.035882745,0.019832859,0.021177892,0.018417299,0.043157134,0.0006639192,0,0.0054874094,0,0,0,0,0,0,0.0091356309,0,0,0.010628765,0,0.0031209548,0.0091598304,0.014245758,0.007241114,0.0122944,0,0,0,0.0097988164,0,0.018637463,0.03354409,0.040228259,0.0064966693,0.0098323263,0.026362199,0.0030357665,0.0088412147,0,0,0.0010353352,0,0.0025424736,0.0063381679,0,0.001323127,0,0.0074319341,0,0,0.0099556604,0.0058065783,0,0,0.0095511805,0,0,0.0033372198,0,0,0,0,0,0.0034445878,0,0,0,0.0010242044,0,0,0,0,0,0,0,0.0076601086,0,0.0083713531,0,0,0,0,0.0077107423,0,0,0,0,0,0.0058600893,0,0.0062487046
0.0050635207,0,0,0,0.0075903041,0,0,0.0019411619,0,0,0.0022478828,0.0010854248,0,0,0,0,0.00066832296,0.00092097418,0,0,0.0076091914,0.0011371932,0,0,0,0,0.0029568314,0.0019905337,0,0,0,0.0004439585,0.056437105,0.056883596,0.027109155,0.03099801,0,0.030251289,0.048218485,0.028649848,0.015503356,0.081985123,0.032507591,0.061222322,0.059711535,0.049139529,0.014053663,0,0.01834872,0,0,0,0,0,0,0,0.014536898,0.0010650203,0,0.0074616992,0.015163602,0,0.0088989316,0.0078634899,0.014030203,0.0034728623,0,0,0.021160295,0,0.019471457,0,0,0,0,0,0.011805343,0,0.01345302,0.0028142612,0,0,0.0099450247,0.014007544,0,0.0062053311,0.0094741974,0,0,0,0,0.0041322862,0,0.00020258912,0,0,0,0,0,0,0,0,0.013498333,0.0008158962,0,0,0,0,0,0,0.0084798643,0.0090363724,0,0,0,0,0,0,0,0,0,0,0,0,0,0,0,0.020243388,0.00013617045,0,0.010023834,0.0082627255,0,0.019039324,0.058424823,0.070112243,0.024014214,0.038229536,0.045568056,0.0061445851,0.062976398,0.061712623,0.029359737,0.043448277,0.058537573,0.045767937,0.027268853,0,0,0,0,0,0,0,0,0,0,0,0,0.010936508,0,0.01545942,0,0,0,0.010585463,0,0,0,0,0,0.016485015,0.015125331,0.027527977,0.019775515,0.020688286,0,0,0.00063110876,0,0,0,0,0,0.011926563,0,0,0,0,0,0,0,0,0,0,0,0,0,0,0,0,0,0.0028989078,0,0.0010097458,0,0,0,0.012939066,0.00027150862,0,0,0,0.0038515995,0,0,0,0,0,0,0,0,0,0,0.0018321143,0,0,0,0,0.018390035,0.0024589694,0.013096856
0,0.0044126213,0,0,0,0,0.0091196299,0.0069047376,0,0,0.0045394246,0,0,0,0,0,0,0.0045516156,0.0061138649,0,0,0,0.0068099005,0.0074855289,0.00023254177,0,0.0041643837,0,0.00051940972,0,0,0,0,0.027309839,0.02591587,0,0.0717851,0,0.044121452,0.0097175781,0.066674069,0,0.04033244,0,0.0031039785,0.021397166,0,0,0,0,0,0,0,0,0,0,0,0,0,0,0,0,0,0,0.0097788591,0,0,0,0.0084363464,0,0,0,0,0,0,0,0,0,0,0,0,0.0020536105,0,0,0,0,0,0.0054534907,0,0,0.0046394588,0,0.0071266713,0.007336136,0,0,0.012729143,0.0024144941,0.0086002732,0,0.0079933824,0.0054112962,0.0011859316,0,0,0,0.0067643821,0.0065834112,0.001374532,0,0,0,0.0030317572,0,0,0.002411681,0.0098805092,0.0014343362,0.0039784098,0,0.0040925681,0.0055088201,0,0.0053833737,0.0086224275,0.0017411119,0,0,0.0030231182,0,0.00088026811,0,0,0,0.0010122049,0,0.030372968,0.038599111,0,0.073608913,0.0095288055,0,0.015876044,0.018747056,0,0,0.0078205233,0,0,0,0,0,0,0,0,0,0,0,0,0,0,0,0,0,0,0,0,0,0,0,0,0.0061335638,0,0,0,0,0,0,0,0,0,0,0,0,0,0,0,0,0,0,0,0,0.0031079275,0.0041856081,0.0057876064,0,0,0,0.00012356178,0,0,0.020290213,0.0044096136,0,0.0075421408,0,0,0,0,0,0,0.00045804694,0,0,0,0,0,0,0,0,0,0.0024612725,0.0055986163,0,0,0,0.0028805521,0,0,0,0.0043726964,0.0021285233
0.0047394144,0,0.0052422648,0.012113235,0.011052324,0,0.0013528611,0,0,0,0.0031105867,0.0051647802,0,0,0,0,0.0073156455,0.0017518684,0,0.010465136,0.0090594878,0,0,0,0,0.0041103964,0.0078280438,0.0097659407,0,0,0.01447395,0,0.034051105,0.025494406,0.013747297,0.029415295,0,0.022404835,0.016327593,0.0066116676,0,0.035261028,0.0035103741,0.03145564,0.013158565,0.0027668832,0.016172316,0.014166395,0.010318175,0,0,0,0,0.0014916289,0,0,0,0,0,0,0.0081325192,0,0.022983715,0,0.0027060318,0,0,0.0063039423,0.0068893796,0,0.013115117,0.0033379986,0.0032174725,0.0013596525,0,0.0093820672,0,0,0.013697396,0,0,0,0,0.0026542712,0.014487043,0,0,0,0.0040801452,0,0,0.010502744,0,0.00032834866,0,0.010104185,0,0.00036298597,0,0,0,0,0.013242224,0.002620985,0,0.0071295602,0,0,0.0035821255,0.0076904483,0.0066313846,0.0075641759,0.0029899315,0.00013569505,0,0,0,0.0054338928,0,0.0048297695,0,0,0,0,0,0.0016661597,0,0.039300535,0.0088511957,0,0.011334351,0.025969604,0.0091829095,0.018781114,0.025817025,0.023406003,0,0.013329144,0.032300554,0,0.020778054,0.02984345,0,0,0.020389792,0.00897629,0.0019351251,0.00967177,0,0,0,0,0,0,0.0035824229,0,0,0.0019268247,0,0.010176936,0,0,0.01175096,0.006269292,0.0063057966,0.023075264,0,0,0,0,0,0.0091828099,0,0.0065298108,0.011108724,0.0061440449,0,0,0,0,0,0,0,0.013238668,0.017068775,0,0.0096077723,0,0.011369355,0,0,0,0.0113781,0,0,0.012725262,0,0,0.0020874306,0,0,0,0.0052806255,0,0,0,0,0,0.012857219,0.00030677937,0.0013300467,0,0,0.0063349465,0,0,0.016942177,0,0,0,0,0,0,0,0,0,0,0.0044998657,0,0.024464322,0.0085116671,0.014122695
0,0.0016251791,0,0,0.0018626999,0,0.016621383,0.011770273,0,0,0.0025365646,0,0,0,0.0010575199,0.0021268784,0,0.00089759118,0,0,0.0059167612,0.00037607906,0.012626956,0.013343574,0.0006611062,0,0.0031716316,0.00033298292,0.0040898807,0.0026452451,0,0.0041495617,0.027993854,0.060739052,0.023343775,0.043645427,0.045216694,0.014053656,0.098337173,0.0081671262,0.062635086,0.068195298,0.032319684,0.020947058,0.053998519,0.043535843,0,0.0025079586,0.0030890037,0,0,0,0,0,0,0,0,0,0,0,0,0,0,0.0084373942,0.015669327,0,0,0,0.011771595,0.015750071,0.011225125,0,0.0048324047,0,0,0,0,0,0.0049248813,0.00053962588,0,0,0.0027697065,0.001931392,0,0,0.00043514799,0,0,0,0.0024194913,0,0,0.0086690122,0,0,0.005445458,0.0014515868,0.0089033237,0.0054162936,0.0062130266,0,0.018566202,0,0,0.00038281624,0,0,0,0,0.0031293344,0.014805849,0.0050639296,0,0,0,0,0.0039937198,0,0,0,0.0012445565,0,0.0040588556,0,0.0026135209,0,0.017806262,0.0039817062,0,0.013460448,0,0,0.0079189073,0.041234825,0.034650948,0.022837518,0.073747054,0.021022016,0.036935341,0.058707792,0.036051091,0.028824976,0.04106576,0.024460632,0.021315645,0.022659253,0.0055043995,0.00032184488,0.0019215407,0,0,0,0,0,0,0,0,0,0,0,0,0,0,0,0.0023724157,0.0080359764,0.0061703352,0,0,0,0.014273643,0.0076486631,0.013410948,0.0081204567,0.002660153,0.002051542,0,0,0,0,0,0,0,0,0,0,0,0,8.9449597e-05,0,0,0,0,0,0,0,0,0.0052742343,0,0.0011751188,0.0056700935,0.011611745,0.0029345115,0.0060682474,0.0024096174,0.0032293056,0,0.014459902,0.0021958756,0,0,0.0033332533,0.0082399584,0.00017409024,0,0,0,0,0.00068104727,0,0,0,0.00023865281,0,0.0041432986,0,0.00337139,0,0.014500214,0.0074666529,0.013182859
0,0,0,0,0.00077214505,0,0,0.0011090661,0,0.0011269843,0.0011554884,0,0,0,0,0,0.0046438542,0.006155109,0.0017099131,0,0.00083503564,0.00013907134,0,0,0.00060546503,0,0,0,0,0,0,0,0.030339692,0.031208634,0.051352423,0.029656794,0.012031397,0.0072416393,0.011540725,0.084881566,0.021673167,0.022459308,0.066853441,0.023181099,0.03545738,0.047651995,0.0058374563,0.020172261,0.018351858,0.018162396,0.014351931,0.015842231,0.020054415,0.016711332,0.016813565,0.0053754249,0.020057114,0.013415582,0.018346732,0.012624758,0.0074699097,0,0.0029311695,0.030106347,0.021385537,0.020692835,0.018827286,0.016931668,0.021270324,0.024265569,0.016300613,0.018600801,0.020573642,0.0088688694,0.0026969591,0.017195227,0.014934577,0.004595262,0.0091743115,0.0015757072,0.0095585678,0.00084345526,0.0086682104,0.011805007,0.019015005,0.0071220323,0,0,0,0,0,0.0008731776,0,0,0,0,0,0,0,0,0,0.0079122214,0.0013360947,0,0,0,0,0,0.0038392488,0.023588574,0.041065387,0.01947448,0.0018317146,0.0024140438,0,0,0,0,0,0,0,0,0,0,0,0,0,0.00635364,0,0,0.0050520911,0.0035563565,0.0012797189,0.01683291,0,0.031359304,0.050095685,0.022297533,0.017245768,0.02246476,0.019526372,0.021180118,0.036213037,0.032524481,0.026772162,0.033504806,0.033410687,0.0074967989,0.011116626,0,0,0,0,0,0,0,0.023537945,0,0,0,0,0.015743306,0.0085966866,0.009614801,0,0,0.019142475,0,0,0.005858589,0,0.006875054,0.018272363,0.02806977,0.016723877,0.015444661,0.016848775,0.0032397192,0.0091150356,0,0,0.017820437,0,0.0067897514,0.0048287287,0,0.0047451826,0,0,0.011670808,0,0,0,0.0099180592,0,0,0,0,0,0,0,0,0,0,0.004627157,0.0085411277,0,0,0.0017285434,0,0,0,0,0.0083090086,0,0,0,0,0.00050850329,0.0008965836,0.01324282,0.003729739,0,0,0,0,0,0,0,0.008205656,0,0.007770543
0,0.0035071918,0,0,0,0,0.0064302892,0.0061439923,0.0030084155,8.4836131e-05,0,0,0,0,0,0,0,0.0074698976,0.0030499378,0,0,0.0026821641,0.0051629352,0.0077554761,0.0018300604,0,0,0,0.002292667,0,0,0,0.010824306,0.031416334,0.024439268,0.011993608,0.06684716,0,0.061481476,0.018351376,0.11223559,0.013642405,0.065626428,0,0.036103077,0.067595974,0,0,0,0,0,0,0.0065966723,0,0,0,0,0,0,0,0,0,0,0,0.016074941,0,0,0,0.011288434,0.00977006,0,0,0,0,0,0,0,0,0,0,0,0.0049612238,0.001515792,0,0,0,0,0.0017216165,0,0,7.9174162e-05,0,0.0012039522,0,0,0,0.00376396,0,0,0.0021074249,0.00037884095,0,0,0,0,0,0.017029624,0,0.0042963708,0,0.005882442,0.0033352908,0,0,0,0,0.0068875728,0,0.0026831061,0,0,0.0031268976,0,0.0022995234,0.010656049,0.0028609168,0,0,0,0,0.0029827864,0,0,0,0.025658395,0.014709031,0.027334992,0.054233663,0.00039775105,0.060647178,0.022980861,0.0071530477,0.043488998,0.043681227,0.0022586831,0.017176954,0.027029598,0,0,0,0,0,0,0,0,0,0,0,0,0,0,0.0033136327,0,0,0,0,0,0.004844476,0,0,0,0.004576725,0,0.013729666,0,0,0,0,0,0,0,0,0,0,0,0,0,0,0,0,0.0063999938,0,0,0.0021279703,0.0022179037,0,0,0,0,0,3.8318626e-06,0,0,0.0068735047,0.00444932,0,0,0.010443006,0,0,0,0,0,0.0014756393,0,0,0,0.012489802,0,0,0.00073666387,0,0,0,0,0,0,0,0,0,0.00024682909,0.0055801608
0.00052458711,0,0,0,0.011318451,0.0068770098,0.008454876,0.010413108,0,0,0,0.001867289,0.0018756964,0.0024168226,0.0025290726,0.0025520655,0.0016013959,0.00060037145,0,0,0.013838443,0.005766253,0.0060811983,0.0077423179,0,0.002293474,0.00043078954,0.0023018681,0.0052354988,0.0047271154,0.0023245278,0.0031883684,0.055783831,0.048429936,0.020820875,0.08054743,0.002265163,0.035380218,0.072390839,0.02055102,0.016595114,0.084473848,0.028491754,0.0857867,0.077998474,0.047941707,0.012636945,0.022919532,0.02185104,0,0,0,0.017516334,0.01815409,0,0,0,0,0,0.0027250063,0,0,0.0068135597,0.010151458,0.015995085,0,0.0046682404,0.0089202058,0.023031421,0.02309208,0.021290002,0.016267728,0.019924251,0.0081282053,0.0052111405,0.015287573,0.0039554378,0.0043276823,0.012501623,0.007569571,0,0,0.013740093,0.017863469,0.03175313,0.0068314523,0.0097282175,0,0,0,0,7.2032351e-05,0,0.0046117888,0.001692133,0,0,0,0.0023818584,0.003825045,0.0027193306,0.0070332461,0.022859395,0.0034698411,0,0,0,0,0,0.0070355893,0.011497034,0.013166185,0,0,0.0033029323,0,0,0,0,0.0040910551,0,0.0082824212,0,0,0,2.2342427e-05,0,0.03348821,0.0032699141,0.00019767485,0.015296255,0.012843165,0.0025694254,0.022129832,0.046380218,0.06335976,0.018655786,0.04732167,0.049260654,0.0061737783,0.081854187,0.07898508,0.027149955,0.04167784,0.068840608,0.04793784,0.026424309,0.017033163,0,0,0,0,0,0,0,0,0,0,0,0.010128791,0,0.0094703995,0,0.017903903,0,0,0.011899234,0,0,0.0033247347,0.0051177759,0.0177292,0.012582242,0.024201009,0.025670582,0.015210984,0,0,0,0,0,0,0,0.0039977646,0.011476954,0,0,0,0.03052545,0,0,0.0090397671,0,0,0,0,0,0,0.0024997208,0,0.0003614804,0,0.0031410349,0,0,0,0,0,0.020130444,0.0046941894,0,0,0,0,0.00011089258,0,0,0,0.0022749999,0,0.0014960218,0,0,0,0.0016697717,0,0,0,0,0.025993535,0.0067682192,0.021111984
0,0.010202483,0,0,0,0,0.0043609608,0.0044879918,0,0.001079361,0.00047049718,0,0,0,0,0,0,0.0089856032,0,0,0,0.0033225943,0.0014362691,0.0044259881,0,0,0.00047870213,0,0,0,0,0,0.039568774,0.037764642,0.057649892,0.031149605,0.042377692,0.0027774943,0.034362629,0.064889736,0.068547443,0.027912911,0.090154946,0.020730205,0.05285117,0.096142739,0,0.00017004114,0.0014563983,0.0022295627,0,0,0.018753808,0.0034691009,0,0,0,0.013788188,0.0053277812,0,0,0,0,0.0111608,0.035143539,0.0022810372,0.0042593582,0.010794982,0.035438552,0.035477459,0.0074297944,0.0041956697,0.01133212,0.005041304,0,0,0.00097867288,0,0,0.0034240552,0.0007125322,0,0.0064775245,0,0.0042715776,0,0,0,0,0,0.0012194257,0,0,0,0,0,0.0016915487,0,0,0.0029451787,0.0012073331,0,0.0010176174,0,0,0,0.0023801641,0,0,0.0020534864,0.0071217217,0.017135095,0.00016315508,0,0,0.0048381104,0,0,0.0016513768,0,0.0029982312,0.0040045781,0,0,0,0,0.0025794548,0.001429097,0,0,0,0,0,0.015497649,0,0.039172072,0.05128194,0.043399218,0.018340688,0.042476196,0.036417343,0.023517834,0.072337642,0.058470678,0.029418513,0.042164788,0.0545341,0,0,0,0,0,0,0,0,0,0.0088010617,0,0,0,0.013635608,0.014656151,0,0.00010600847,0,0,0.00085831678,0.024869666,0,0,0.0051646591,0.01660887,0,0.03433184,0.0080210473,0,0.011094897,0,0,0,0,0,0,0,0,0.0024099504,0,0,0,0,0,0,0,0.0053028222,0,0,0,0,0,0,0,0,0,0.0049962392,0.0077754678,0.0032819349,0.00062578556,0.0045587872,0.00057710707,0,0,0.0045548375,0,0.0044356855,0,0,0,0,0,0,0,0,0,0,0,0,0,0,0,0.0047416282,0,0.0053915437
0.0092597259,0,0,0.0014517951,0.016342964,0.0063924631,0,0,0,0,0,0.0017569003,0,0.0014751455,0.0074197822,0,0.0052316533,0,0,0,0.017139899,0.0023471401,0,0,0,0.0028589773,0,0.0036731674,0,0.0021019066,0.0068077384,0,0.0480083,0.038658317,0.022960063,0.061958592,0,0.032615572,0.02584138,0.022592084,0,0.088056013,0.022631986,0.068028554,0.083620504,0.045043211,0.018136594,0.029260278,0.023313114,0.0054338705,0.0097817509,0,0,0.019262733,0,0.024571184,0,0,0.009656379,0.010960808,0,0.024950627,0.020010952,0.0087045068,0.012546132,0,0,0.0088700615,0.024369031,0.026689386,0.023095634,0,0.018769545,0.0050806841,0,0.017619599,0.00094311778,0.00096268824,0.012083255,0.00080584484,0,0,0.0048123165,0.013851956,0.034709349,0,0,0,0.0084757376,0,0,0.0047855359,0,0.0027612611,0,0.0071811811,0,0,0,0,0,0.0064456337,0.026192436,0.0024385292,0,0,0,0.005743009,0.0021253773,0.011709329,0.010079306,0.0074050874,0.0042872024,0,0.0019157398,0,0,0,0,0.0015698839,0,7.2249008e-05,0,0,0,0,0,0.040732615,0.0029697097,0,0.017176654,0.016072877,0.012133727,0.021451676,0.042336054,0.057478644,0.017538514,0.024390327,0.043534216,0,0.057971608,0.068510823,0.016020739,0.029729616,0.080226004,0.050315805,0.022633143,0.020935412,0.017346732,0.019747386,0,0,0,0,0.015505279,0,0,0,0,0,0,0,0,0,0,0,0.020889867,0.020016961,0,0,0,0.020628193,0,0.025526455,0.030047989,0,0,0,0.0030734134,0,0,0,0,0.0065866411,0.018339183,0.0049979128,0.018095952,0.021006059,0.030569052,0,0,0.0176003,0,0,0,0.014195976,0,0,0.0013287603,0.0097569348,0,0,0.0033781591,0,0,0,0,0,0.021516822,0.0043625627,0,0.0034385626,0,0.0063245157,0,0,0.0099526178,0,0.015649188,0,0,0,0,0,0,0,0,0,0,0.026071766,0.0050186282,0.019970421
0,0.0080182152,0,0,0,0.0017900951,0.0043658777,0.0077463286,0.0036963667,0.0020191674,0.0039211428,0,0,0,0,0,0,0.010710592,0,0,0,0.0070091775,0.003904568,0.0074209636,0,0,0,0,0.0022027285,0,0,0,0.036659546,0.019325748,0.01684536,0.057017304,0.0048813261,0.012416197,0.056209296,0.032751888,0.038273711,0.076503061,0.05213777,0.080358051,0.13579346,0.11772642,0,0.0043258434,0.0087022902,0.014773874,0,0,0.030193722,0.011539256,0,0,0,0.024247568,0.016547237,0,0,0,0,0,0.016448481,0,0,0,0.024011876,0.020716012,0.012541065,0.0047454489,0.011996578,0.0033921904,0,0.00069136755,0,0,0.00049472495,0.010231929,0.0041563185,0,0.013989225,0.0085747717,0.012764732,0.0027694679,0,0.003032858,0,0,0,0,0,0,0,0,0.00048296837,0,0,0.0064497739,0,0,0.021615479,0,0,0,0.010501381,0,0,0.00037262702,0.0053166761,0.0057375799,0.0011953667,0,0,0,0,0,0,0,0.0029821051,0.0082111564,0,0,0,0,0.003539386,0.022813007,0,0,3.4434684e-05,0,0,0.00739621,0.034966651,0.057924449,0.028486837,0.036272176,0.030153889,0.01521348,0.059810828,0.045999341,0.050774015,0.082318947,0.066569462,0.078669213,0.035699572,0,0,0.0037367784,0.0073721833,0,0,0,0.018339444,0,0,0,0,0,0.023225147,0,0,0.0023407426,0,0,0,0.022114003,0,0,0,0.0098400256,0.0030650489,0.021308661,0.010127844,0.0043649147,0,0,0,0,0,0,0,0,0,0.0055617173,0,0.0068016485,0.023415927,0,0,0,0,0.0022341837,4.8916187e-05,0,0,0,0,0,0.0047881966,0,0,0.010548315,0.0038121857,0.010267838,0,0,0.011657296,0.00093761424,0,0.012230182,0,5.9886341e-05,0,0,0,0.012826401,0,0,0.0022695987,0,0.0098739043,0,0.0034095142,0,0,0,0,0.0080235619,0,0.0043393811
0,0.0061653033,0,0,0,0.0014700948,0.0031042716,0.0061584706,0.0037948382,0.0010804102,0.0013174916,0,0,0,0,0,0,0.0099663762,0,0,0,0.0028119106,0.0039040498,0.0064559616,0.0016696872,0,0,0,0,0,0,0,0.039462324,0.041903242,0.042233407,0.047439329,0.023739913,0.0022449612,0.046159752,0.045434307,0.071033016,0.047310196,0.096482173,0.042748161,0.11859602,0.14332196,0,0.0037653211,0.0050510829,0.0031837313,0,0,0.022262752,0.0076153027,0,0,0.0027885505,0.016926881,0.014370063,0,0,0,0,0.0032775528,0.05406015,0,0.0020561935,0.0085380981,0.040407296,0.033820003,0.0071545155,0.0066175237,0.020167483,0.0041928547,0,0,0,0,0,0.0024415939,0,0,0.0054845135,0.0029433235,0.010409298,0,0,0.002001652,0,0,0,0,0,0,0,0,0.0013675854,0,0,0.0019331746,0,0.0022859562,0.010081571,0,0,0,0.0049844771,0,0,0,0.0049619013,0.018625382,0,0,0,0,0,0,0,0,0.004686024,0.0042158877,0,0,0,0,0.00081099023,0.010865836,0,0,0,0,0,0.014324924,0.044910334,0.047682308,0.048513554,0.041306615,0.020501915,0.03575144,0.047980182,0.033480875,0.067208804,0.077334873,0.046081074,0.065091453,0.058390964,0,0,0,0.00080007658,0,0,0,0,0,0,0,0,0,0,0.016151959,0,0.0040299189,0,0,0.0010673483,0.022666458,0,0,0,0.013766477,0.014484624,0.039299279,0.00863198,0.0016385624,0,0,0,0,0,0,0,0,0,0.0001830859,0,0,0,0.0019379698,0,0,0,0.0043909135,0,0,0,0,0,0,0,0,0,0.0041712304,0.0070177307,0.004473621,0,0,0.0041642459,0,0,0.0078419568,0,0.00083291379,0,0,0,0.0049798517,0,0,0.0021425723,0,0.0056257737,0,0,0,0,0,0,0.0051993793,0,0.0026566545
0.0050593549,0,0,0,0.011881895,0,0,0,0,0,5.6444951e-05,0,0,0.0046966453,0,0.0014264345,0.00022313053,0,0,0.0097111184,0.01244491,0,0,0,0,0.0052879923,0.0023194232,0.0091585703,0.00072875374,0.0073016868,0.013445774,0.0013218463,0.011368361,0.021221388,0.019448169,0.014934592,0,0.01688558,0.0025107795,0.0062133363,0,0.014338968,0,0.018799614,0,0,0.05042842,0.063282982,0.030811701,0.011609165,0.017821126,0.018248219,0,0,0.00053452974,0.024868893,0.013954108,0,0.0043108282,0.011795003,0.01913132,0.024512805,0.023907257,0.00047236471,0.0010721129,0.0046247579,0.010667121,0.0077744923,0.0030532663,0.0068922141,0.0084726634,0.010526659,0.0098024094,0.0077977097,0.015809046,0.031074475,0.0096472185,0.0072299219,0.043649644,0.0053595421,0.012256566,0,0,0.013855618,0.014526984,0.007964436,0.027739029,0,0.00039804709,0.0028780671,0,0.021806035,0,0,0.0022979511,0.016256286,0,0.006085149,0,0,0.0001366417,0.0052381433,0.0040439698,0,0,0.0045153024,0,0.012907368,0.0023995079,0.020625079,0.014902651,0,0.0017710256,0,0.0041642059,0,0,0.0055939551,0,0.0015403389,0,0,0,0,0,0,0,0.0081462841,0.0012964841,0,0.0091610625,0.0075564953,0,0.0050783441,0,0.0087935515,0,0.0026312633,0.012883795,0,0.007080155,0.01623401,0,0,0.013054249,0,0,0.038259517,0.032603554,0.022237921,0.027926171,0,0,0,0,0,0.01240448,0,0,0.013186468,0,0,0,0.013708289,0,0.024073299,0,0,0,0.0064673414,0.0076130196,0.0037528481,0,0.0073338337,0.0063614435,0.010030423,0,0.0012280387,0.0083315847,0,0.0080309473,0.016751029,0,0.011834797,0.036486678,0,0.020043667,0.01871917,0.014922147,0,0,0,0,0,0,0.010497427,0.0037049069,0.0024027023,0,0.018755492,0,0,0,0,0,0.0045584301,0,0,0.0039845435,0.00048092433,0,0.0029521841,0,0,0,0,0.012195418,0,0.018804783,0,0.0081765857,0.00024086369,0,0,0.0012760557,0,0,0,0,0.0090302452,0.0039602234,0.0083364695
0.0082842438,0,0,0,0.010423695,0.0062229396,0.0024872683,0.0032776888,0,0,0,0,0.0054975385,0.0045317197,0,0.0040613762,0.004032162,0.00016994859,0,0.0026250135,0.013394767,0.0040754536,0,0.0025024586,0,0.012359559,0,0,0.0051887175,0.0076476941,0.010969067,0.0038425145,0.019115616,0.019196581,0.017022688,0,0,0.015383703,0.0065677436,0.020901792,0,0.025744582,0.0024929461,0.030587662,0.0069489391,0.0061499174,0.063744493,0.073652774,0.051098138,0.020681016,0.02399672,0.033902369,0.017464666,0.027805019,0.010096044,0.026017746,0.019238576,0.0054739593,0.015919741,0.012104073,0.024204312,0.021029148,0.014065288,0.0035594434,0.0049320101,0.013225252,0.010841466,0.007685177,0.012993207,0.0056185713,0.011588849,0.017959649,0.015488407,0.0051718834,0.014385121,0.054524265,0.016011039,0.011648496,0.029378315,0.010627454,0.021055024,0.0092161093,0.0090326499,0.020999124,0.026535233,0.015049669,0.016063439,0,0,0.00010539238,0,0.0094450945,0.0038424178,0.0055703544,0.0071103545,0.0062104058,0,0.0016314778,0,0.0065734414,0.0070317416,0.011717409,0.0047278376,0.00081262353,0.00066346658,0.0069047576,0,0.020182457,0.019586837,0.043551616,0.020471063,0.003617971,0.002385925,0.00076400529,0,0,0,0,0.0093787881,0.009707409,0,0,0.0060282405,0,0,0.0052294475,0,0.015036206,0.0068935081,0.0033105488,0.010065086,0.0058268365,0,0,0,0.020664485,0,0.0047744298,0,0,0.016103676,0.026885813,0,0,0.026897535,0.0060232198,0,0.053088807,0.041785594,0.034490343,0.040701829,0,0,0,0,0.0069794892,0,0,0,0.015068315,0,0.010770039,0,0.023111815,0,0.024367936,0,0,0.010706582,0.005804996,0.0059903115,0.0044862488,0.0074812425,0.0088869538,0.012657026,0.011829211,0.012431196,0,0.011464118,0,0.018868085,0.017376196,0,0.0081377737,0.028704103,0,0.023430081,0,0.026583904,0,0,0,0,0,0,0,0.0043729767,0.00056179857,0.000595038,0.0082150307,0,0,0.0039407443,0,0,0.011109665,0.0029900335,0,0.0091745611,0.0039234995,0,0,0.0043114587,0,0.00410135,0.0012933891,0.009339394,0,0.012545879,0,0.010964289,0.0082625439,0,0,0,0,0.0025454569,0.0034278489,0,0.012067555,0.0093347039,0.012549998
0.0047107409,0,0,0,0.0080981608,0.011147341,0,0.01002843,0,0,0,0,0.006038148,0.0063382192,0,0.002463815,0,0.0037316121,0,0,0.0097534945,0.011055429,0.0042863591,0.0087152133,0,0.00063751044,0,0,0.0071464465,0.009348942,0.0014534279,0.0005391633,0.016261965,0.013474589,0.0073248371,0.019943755,0,0.011736121,0.0075890608,0.018806009,0,0.024945149,0.0036965932,0.024563927,0.011345835,0.0073881238,0.031496234,0.051189028,0.028238514,0.036453687,0.038279694,0.040117152,0.028397938,0.037120793,0.023121973,0.026374649,0.021695232,0.020744678,0.023315791,0.017644841,0.030722976,0.018821241,0.0017946424,0.0052127936,0.0027224454,0.018880296,0.014954147,0.007499598,0.0084730946,0.0095592318,0.010292863,0.025512869,0.014253637,0.0051985015,0.0095587792,0.034001235,0.020222289,0.0096326414,0.027724739,0.016570529,0.034432359,0.015283635,0.013360363,0.032935813,0.029412419,0.020952746,0,0,0,0,0,0.0061135143,0,0,0.0058678547,0,0,0,0,0.0041483608,0.0037313767,0.0054142326,0.0067511871,0.0013883959,0.0051282165,0,0,0.0040715025,0.0036548278,0.018568393,0.01411325,0.0045389822,0.0046417094,0,0.0056634923,0,0.0041229664,0,0.0064754835,0,0,0.014143877,0.0014981399,0,0,0,0,0.011348139,0.003376358,0.003142349,0.0070850388,0.0027870624,0,0,0,0,0,0,0,0,0,0.027995963,0,0,0,0.012423092,0,0.036502697,0.025684649,0.045759387,0.043744445,0,0,0,0,0,0,0,0,0.018268261,0,0.02040471,0,0.029128298,0,0.022108339,0,0,0,0.0041410839,0.012553418,0.0059248796,0,0.0072861714,0,0.022803977,0,0,0,0,0,0.023818932,0,0,0.024857696,0,0.029031664,0.031639401,0,0.022097623,0,0,0,0,0,0,0,0,0,0,0,0,0,0,0,0.011178088,0.0046333959,0,0.0089937374,0.0019185285,0.0011790654,0,0.0017094475,0,0.001856039,0,0,0,0.0080284756,0,0.011642719,0.0074921497,0,0,0,0,0,0.000231408,0,0.010602375,0.0065123215,0.0076330206
0,0,0,0,0,0.0059256614,0.0053402716,0.00087684847,0.0016191129,0,0.0067625665,0,0,0.001117012,0,0,0,0.011172023,0.0080282232,0,0,0.0094709415,0.0030374045,0.0037143067,0,0,0.00085817045,0,0.00084732269,0.0064850473,0,0,0.0027217022,0,0,0,0,0,0.0025891385,0.019107245,0.0011402583,0,0.0044019422,0.0072406656,0.017415578,0.0054545524,0.012386309,0.021214044,0.037049733,0.056879334,0.051409256,0.04375764,0.042383768,0.023364069,0.023514258,0.0062054479,0.011139867,0.031235043,0.022127256,0.014942082,0.017533531,0,0,0,0,0.020782482,0.015078132,0.0030748094,0,0.0058091935,0.0084770443,0.01921721,0.0053931065,0,0.0082053607,0.021106161,0.044199772,0.013787368,0.021916943,0.026378805,0.037874777,0.032636143,0.01262707,0.030449426,0.015675951,0.034831859,0,0,0,0,0.0021824264,0,0,0,0,0,0.0079122428,0,0,0.006354861,0.0058818134,0.00087538001,0,0,0,0,0.0038582138,0,0,0.014590466,0.01115118,0,0.0069931173,0,0.010273434,0,0.0020226703,0,0.0036538921,0,0,0,0,0,0,0,0,0,0,0,0,0,0,0,0,0.0084983204,0,0,0,0,0.0052071526,0.010850378,0,0,0,0,0,0.010576795,0.020988163,0.030849779,0.028607816,0.054425251,0,0.03224466,0,0.022598106,0.038618423,0.025447343,0.0018265735,0.0083878096,0.028085301,0.025826257,0.0074366005,0.013683975,0.011258038,0,0,0.014098684,0.014217608,0,0.012400824,0,0,0.0034399009,0.0048444686,0.017233688,0,0.0082323356,0.0021784559,0,0.023207908,0.025637424,0,0,0,0,0,0.028335799,0,0.029084563,0,0,0,0,0,0,0,0,0,0,0,0,0,0,0.005792073,0.0033517596,0,0,0,0,0,0,0,0,0,0,0,0,0,0,0.0083696349,0,0,0,0,0,0,0,0,0,0,0
0,0,0,0,0,0.0063782027,0,0,0,0,0,0,0,0.0022887245,0,0,0,0,0,0,0,0.0017593799,0,0,0,0,0.0033281222,0,0,0.0067997091,0,0,0.0049889274,0.007465139,0.0026320475,0,0,0,0,0.015527126,0,0,0,0.011651701,0.0018060971,0.0017021589,0.018785119,0.024908004,0.039065786,0.051743291,0.031755287,0.025648942,0.020122912,0.027877759,0.036269236,0.024716664,0.024920179,0.020801658,0.026448339,0.033030707,0.027072733,0.012459015,0.0029803705,0.0086001912,0.0026051742,0.03553503,0.034830216,0.015677325,0.0050395466,0,0.01399685,0.037492655,0.017389227,0.0082474221,0.017153816,0.032704208,0.054586966,0.017915482,0.0240057,0.014190355,0.028273355,0.016759019,0.0086211171,0.031058168,0.022991698,0.030089131,0,0,0,0,0.002300991,0.0065898374,0,0,0.0020772559,0,0,0,0,8.9919369e-05,0,0.0071933633,0.00025961074,0,0,0,0,0.0011137511,0,0.019644689,0.012649355,0,0.0025805724,0,0.0054152133,0,0,0,0.0011341092,0,0,0,0,0,0,0,0,0,0,0,0,0.0041359779,0,0,0,0,0,0,0,0,0,0,0,0,0,0,0,0,0,0,0.03510138,0.028025821,0,0.02003984,0,0.029675195,0.024698941,0.030552452,0.019839717,0,0.016100721,0.02259838,0.029897522,0.022953011,0.021738136,0,0,0,0.027269194,0,0.028332278,0.0052035712,0,0.014399109,0,0,0.01525255,0,0.015005748,0,0,0.039000027,0.011586912,0,0,0,0,0.029943382,0,0.026548197,0,0,0,0,0,0,0,0,0,0,0,0,0,0,0,0,0,0,0,0,0,0,0,0,0,0,0,0,0,0,0,0,0,0,0,0,0,0,0,0,0,0
0,0,0,0,0.0081800548,0.0071999924,0,0,0,0,0,0,0,0.0013268318,0,0,0,0,0,0,0,0.0046787099,0,0,0,0,0.00066599168,0.0027396877,0,0.0068153678,0.0062417528,0,0.010408247,0.017951388,0.010649259,0,0,0,0,0.016916823,0,0,0,0,0,0,0.019693427,0.035413109,0.042039059,0.045082409,0.026025614,0.071758345,0.042824034,0.025797794,0.027715484,0.037772816,0.018604683,0.0086657684,0.014614193,0.019397821,0.030820856,0.028372308,0.016066741,0.005378041,0.0064951079,0.038717855,0.02134019,0.00793951,0.0074764034,0.0096913846,0.0028493106,0.018834624,0.015172708,0.0042328308,0.02473996,0.028387487,0.014281589,0.0016459165,0.019346295,0.002000147,0.021138925,0.014244221,0.005484256,0.016717613,0.01348633,0.016397234,0,0,0.0057615801,0,0,0.011169208,0,0.0013536767,0.010453328,0.0036194697,0,0.0030893623,0,0,0.0075012669,0.016187277,0,0,0.00022678389,0.0077437954,0,0.012697245,0.010912389,0.022675257,0.011999209,0.0015833967,0.0033091649,0.0050759139,0.0012751003,0,0.00051818037,0,0.0058580893,0,0,0,0.0065148585,0,0,0.0027352541,0,0.0084089292,0.0031418693,0,0.0060038096,0.00042472538,0,0,0,0,0,0,0,0,0,0,0,0,0,0,0.0046002655,0,0,0.039556034,0,0.025394604,0.036967516,0.081693873,0,0.019797523,0.037239872,0.023454703,0.032681894,0.017040789,0.0084552728,0.01485462,0.020194549,0.024106847,0.029985789,0.029003184,0,0,0.022572588,0.0025184909,0.015285872,0.0023858775,0.010874929,0.0085997153,0.0065741027,0.01771263,0.011303739,0.00069573976,0.0092657488,0,0,0.0089187911,0.015061321,0.011921348,0.016390197,0,0.019743497,0.020512652,0,0.013535227,0,0,0,0,0,0,0,0,0.0012976616,0,0,0,0,0,0,0.0013027971,0.0014199979,0,0,0,0,0,0.0023858915,0.0025870525,0.0027212338,0,0,0,0,0,0,0.0033156537,0,0.0033792679,0,0,0,0.002247754,0,0,0.0050393143,0
0,0,0,0,0,0.0051494557,0.0034035735,0.0071764789,0,0,0,0,0,0,0,0,0,0,0,0,0,0.0081843594,0.0022601141,0.010155078,0,0,0,0,0.0080259908,0.0010398239,0,0,0.0094675012,0,0.0019754982,0,0,0,0,0.020939635,0.0096401433,0.021633234,0.02157847,0,0.034081586,0.025531847,0,0.017800909,0.028863862,0.042397723,0.019482598,0.041941352,0.071947485,0.028161189,0.028172862,0.0083803711,0.0098002562,0.053448834,0.029908031,0,0.012191552,0,0,0.00017995633,0.0074887215,0.01483791,0.010744774,0.0023338203,0.012158132,0.010469473,0.0038448081,0.011127672,0.036635086,0.0024473784,0.0012255659,0.020015478,0.022111986,0.0042877151,0,0.022779131,0.021740584,0.022449765,0.018548978,0.027681071,0.015734512,0.029468229,0,0,0,0,0,0,0,0,0,0,0,0,0.005463005,0.015757753,0.0090903621,0.013264941,0,0,0,0,0.017872227,0,0,0.011927259,0.014999728,0,0.00046279849,0,0.0020390353,0,0.007620784,0,0.0034898282,0,0.0010033816,0.021000631,0,0.0042355489,0.0068854252,0,0.018272057,0,0,0,0,0,0,0,0,0,0,0,0,0,0,0,0,0,0,0,0.013353375,0,0.013731013,0.024309542,0.022402119,0.03442204,0.024578597,0.034591023,0,0.01828469,0.052694865,0.019917933,0,0,0.043724265,0.032122705,0.0011186544,0.010612156,0.010407341,0,0,0.019155508,0.013838619,0,0.0029399323,0,0.0014907987,0.01066694,0.0055616726,0.0054316549,0.0091367094,0.0050120275,0.00057150895,0.012499178,0,0.013729448,0.011968921,0,0,0.014522271,0.0093414988,0.021723662,0.018780481,0.030958593,0,0,0,0,0,0,0,0,0,0,0,0,0,0.014048165,0.0075319908,0.0073875124,0.004330839,0.0058849854,0,0,0,0,0.0088800173,0,0,0,0,0,0,0,0,0,0,0,0,0,0,0,0,0,0,0
0,0.0023419939,0,0,0.00084998523,0.0078645283,0.0043371324,0.0076268441,0,0,0,0,0,0.0031753976,0,0.0029624151,0,0,0,0,0.0027920166,0.0073447973,0.003192164,0.0074472269,0,0,0,0,0.0037760208,0.0041508558,0,0.0020846366,0.0097198058,0,0.0030934729,0,0,0.0024305973,0,0.016858447,0,0.02045067,0.0052867685,0.020041741,0.013634056,0.0094817486,0,0.027745878,0.03693362,0.022834923,0.027384277,0.024737131,0.027746692,0.072455361,0.027415726,0.020149875,0.019400779,0.02870594,0.025152108,0.021935714,0.044817813,0.012517631,0,0.0051077781,0.0036246236,0.01544753,0.01552582,0.0048907809,0.010294426,0.010035076,0.014135149,0.029170852,0.020458827,0.0098768305,0.0065847323,0.025431743,0.014641719,0.0099481959,0.015699664,0.013922304,0.024757642,0.014308882,0.016434181,0.066055082,0.060969394,0.040906753,0,0,0,0,0,0,0,0,0.0032878458,0,0,0,0,0.0043323911,0.0021730994,0.0049513401,0.0026052971,0.0095288027,0.012690189,0,0,0,0,0,0,0.00039365035,0,0,0,0,0,0,0.0025491703,0.0064232759,0.0016598335,0.023204146,0.001516039,0.004559441,0.00039450236,0,0.0081885764,0.0043888083,0.0075782924,0.0094567994,0.013550906,0.00017311267,0,0.0040599667,0,0,0,0,0.013943516,0,0,0,0,0,0.020439949,0,0,0,0,0.029633289,0,0.021866191,0,0.023446416,0.031684436,0,0.027150318,0.042659361,0,0.017591711,0.018289115,0.024023799,0.023497639,0.028999839,0.036093835,0.013282247,0,0,0,0,0,0.0035594024,0.0062592765,0.010059332,0.015476501,0.022750065,0.014404361,0.0060547721,0.0098290239,0,0,0,0.012810933,0,0,0.0096966093,0.021751175,0.032794446,0.028384585,0.031609487,0,0,0,0,0,0,0,0,0,0,0,0,0,0.0014610954,0,0.012284632,0.0043869251,0,0.0041085216,0.0047418894,0.0064743869,0.014356347,0.0010311425,0.00089847745,0,0,0,0,0,0,0,0.0042916336,0,0.0024986814,0.0052690906,0.00080790778,0,0,0,0.0052436432,0.0022034789,0.0050316849
0,0,0,0,0,0.0020915135,0,0.0003641457,0,0,0.00044562732,0,0,0,0,0,0,0,0,0,0,0.0055803773,0.000353457,3.820354e-05,0,0,0.0029334533,0,0,0,0,0,0.0019082349,0,0.012681006,0,0,0,0,0.017124098,0,0,0,0,0,0,0.0012132648,0.010673102,0.023714984,0.02342217,0.035878036,0.027469864,0.028543875,0.027633244,0.055374496,0.04141625,0.023912836,0.047830861,0.045893975,0.015979502,0.030993443,0,0,0.0084567275,0.007460543,0.048368998,0.061595518,0.015192369,0.0067561441,0.019571062,0.0028062642,0.023965117,0.018194105,0.0099055506,0.0060739256,0.0051614218,0.019601557,0,0.0084240828,0.0072539984,0.015049662,0.0041566323,0.0065938653,0.016007535,0.0074233427,0.010860997,0,0,0,0,0.0039620465,0.011536322,0,0,0.0062122978,0,0,0,0,0.0042683235,0.002651643,0.0055259624,0,0,0,0,0,0.0018748387,0,0.01750694,0.0059806323,0.0024828957,0.0069466964,0,0,0,0.003025132,0,0.00077185943,0,0.0019668553,0,0,0.0041130879,0,0.0022847813,0,0.0040209545,0,0,0.0043409923,0,0,0,0,0,0,0,0,0,0,0,0,0,0,0,0.0059406445,0,0.0098884916,0.015033295,0.02028981,0,0.025820697,0.018283237,0.012285993,0.052402724,0.020261826,0,0.013045263,0.017429847,0.033318073,0.038395487,0.020364923,0.024771091,0.022382602,0,0.0023878375,0,0.022594789,0.0017535593,0.034647532,0.00072053005,0.0077551259,0.0076142349,0,0.019914094,0.0078140376,0.0088082496,0.0050848634,0,0.0097743124,0.012291013,0,0.0047173267,0,0,0,0,0.011696655,0.0073411763,0,0,0,0,0,0,0,0,0,0,0,0,0,0,0.00038046675,0,0,0,0,0,0,0,0,0,0,0,0,0,0,0,0.010131574,0,0,0,0,0,0,0.0024408652,0,0,0,0
0,0,0,0,0.016055858,0.0013046209,0,0,0,0,0.00028760411,0,0,0.0043151597,0,0,0,0,0,0.016741477,0.016168602,0,0,0,0,0,0.0031390723,0.011762189,0,0.0057566585,0.019047352,0,0.012703788,0.019943805,0.015185486,0,0,0,0,0.0054253549,0,0,0,0.02553691,0,0,0.025218699,0.026034165,0.026748965,0.0058321673,0.02453322,0.036711469,0.0079912981,0.020165715,0.041426267,0.083665609,0.035570357,0.017490687,0.015630258,0.048504412,0.026773712,0.063098386,0.03537,0.0035200012,0.0017437882,0.022546561,0.034295104,0.013866097,0.004244938,0.019912394,0.011781084,0.018967725,0.012345521,0.0033084429,0.019349586,0.022933671,0.0039067124,0,0.019776206,0,0.0074570612,0,0,0.011007707,0.018958077,0.021003431,0,0,0.0074164895,0,0,0.018749032,0,0.0019798763,0.010367997,0.016518882,0,0,0,0,0.0017821852,0.015871245,0.0014706247,0,0,0.0079161804,0,0,0.004275695,0.0080277007,0,0,0,0.0020488254,0.0028142333,0,0,0,0,0,0,0,0.0016557081,0,0,0,0,0.0095473481,0.0038076031,0,0.0109448,0.015906828,0,0,0,0,0,0,0,0,0,0,0,0,0,0,0,0.020691754,0.02013999,0.018227743,0.025604656,0.00070141174,0.014788699,0.020056466,0,0.01880724,0.016280804,0.022283705,0.055218954,0.036671922,0,0,0.032007106,0.022035345,0.032361601,0.04946012,0.032408521,0.0072875493,0.015179396,0.0058590481,0.021159552,0.0028885962,0,0.019924283,0.016179724,0.029222202,0.016525384,0,0.0055548036,0.0013655382,0,0.0083938632,0.016484763,0.01377638,0.021691784,0,0.019681778,0,0,0.0069484957,0,0,0,0,0,0,0,0.0043857968,0.0010901506,0.030591298,0,0,0,0,0,0,0,0,0,0,0,0,0,0,0.00033780426,0,0,0,0,0,0.0014269241,0,0,0,0,0,0,0,0,0,0,0
0.0039884727,0,0.00018942577,0.012108183,0.012046644,0.00046820805,0,0,0,0,0,0,0,0,0.0077524902,0,0.0063982857,0,0,0.0082150158,0.010482128,0,0,0,0,0,0.00066133594,0,0,0.0010850786,0.0094711697,0,0.010670746,0.01021232,0.020693939,0.015207377,0,0,0,0.019306581,0,0,0,0,0.00041589676,0.0039982051,0.013517651,0.018369518,0.020809773,0.0098257596,0.023299199,0.017014746,0.00854389,0.018337758,0.022687692,0.034579776,0.073824689,0.00041225972,0.022609334,0.040510602,0.023032181,0.03382998,0.021446507,0.010045452,0.014029315,0.033804663,0.052920133,0.03432522,0.027382776,0.028280366,0.02044406,0.070495605,0.021311255,0.0088975402,0.016133627,0.021003023,0.020873781,0.0091669168,0.015472822,0,0.016444087,0.011579196,0.0058375625,0.020026617,0.032040458,0.017934255,0,0,0.0064360858,0,0,0.0029782562,0,0.0032277289,0.014286615,0.006875494,0,0,0,0,0,0,0.00074632477,0,0,0.0012069765,0,0.0027360881,0,0.0040728501,0.0026464197,0,6.9088746e-05,0,0,0,0,0,0,0,0,0,0,0,0,0,0,0,0,0,0.0057764044,0.0028506431,0.016392339,0,0,0,0,0.00082995847,0.010393973,0,0.0075289807,0,0,0,0.018942086,0.0055844164,0.0066395327,0.0082601774,0.0079837218,0.019484479,0.023689162,0.01003405,0,0.013128242,0,0.010355985,0.0094936332,0.020498753,0.027774295,0.050453175,0,0.015437072,0.030242201,0.032474335,0.01894154,0.027927285,0.023943059,0.0066766427,0.021967899,0.0097756684,0.030877355,0.016435837,0.018511642,0.025265208,0.030114021,0.042751424,0.025877848,0,0.0090545695,0,0.0025580118,0.022154432,0.012498358,0.0067454604,0.016856054,0.0012347938,0.020272166,0.022965996,0.023425709,0.016443903,0,0,0,0,0,0.012309286,0,0,0,0.0071337125,0,0,0.00013042628,0,0,0.0021842888,0,0,0.0017445929,0,0,0,0,0,0,0,0.013427628,0,0.0091942083,0,0,0,0,0,0,0,0,0,0,0,0,0.0069227391
0,0,0,0,0,0.0018115891,0.0017018995,0.0061736344,0,0,0,0,0,0,0,0,0,0.019105956,0.0066602342,0,0,0.012986874,0.00304313,0.014250825,0,0,0,0,0.0030018969,0.0040201307,0,0,0,0,0,0.0019326381,0,0,0,0.013238246,0,0,0.014867815,0,0.025667574,0.018087313,0,0.0054467549,0.020984713,0.030890545,0.020668946,0.008046628,0.053078406,0.028802346,0.048244562,0.017867887,0.0017406016,0.12953936,0.046175223,0.02819108,0.048599336,0,0,0,0.0038895723,0.015050327,0.015324889,0,0.0034536533,0,0,0.014133629,0.021391749,0.0025508516,0,0.00076815783,0.015378138,0,0,0.016638326,0.015148029,0.010018362,0.013467304,0.018675199,0.00053788227,0.022993183,0,0.017599372,0,0,0.010359055,0,0,0,0,0,0,0,0.0036756408,0.013648393,0.0048788176,0,0,0,0.0014930599,0,0.04124165,0,0,0.0062011867,0.013969372,0.00012373526,0,0,0,0,0.0068175243,0,0.005002127,0,0.012462176,0.016982485,0,0.0064473609,0.015694721,0.0061428305,0.014966978,0,0,0.0046441033,0,0,0,0,0,0,0.0098422822,0,0,0,0,0,0,0,0,0,0.0047730147,0,0,0.011439563,0.013489075,0.024818845,0,0.013196824,0,0.032918748,0.028752048,0.023223076,0,0,0.071268849,0.042167325,0,0.0098610837,0.017520595,0,0,0.013492974,0.013638516,0,0.0070006428,0,0,0.0011917914,0,0,0,0.0062975092,0,0,0.014380571,0.0027848699,0,0,0,0.0043231649,0,0.0093811862,0.01026416,0.015431846,0,0,0,0,0.022457574,0,0,0,0,0,0.0068826936,0,0,0.015098815,0.0058886553,0.0041564316,0.0066297306,0.013342288,0,0,0,0,0.0029751156,0.00018466686,0,0,0,0,0,0,0.011470238,0,0,0,0,0.00053710846,0,0.0014926314,0.0012093763,0,0,0
0,0,0,0,0,0.0064877942,0,0.0052621244,0,0,0,0,0,0,0,0,0,0,0,0,0,0.0099066775,0,0.0073742112,0,0,0,0,0,0,0,0,0,0.0013779581,0.0005292453,0,0,0,0,0.017539594,0,0,0.0064372816,0.009901559,0.018242765,0.015814945,0.0040074522,0.015028698,0.02248258,0.020737749,0.024786431,0.012982609,0.0285972,0.024285989,0.044270158,0.01462125,0.022409594,0.044938795,0.079852737,0.0026045588,0.047567829,0.0076727495,0,0.0020053729,0.0060363775,0.017537838,0.022417827,0.0096340617,0.0095255207,0.0097482139,0.0083067473,0.044835042,0.016636999,0.0067639588,0,0.0096215205,0.012649873,0.0024383585,0,0.010101984,0.012215079,0,0.0038237353,0.021192966,0.014609846,0.012122847,0,0,0,0.0069487048,0,0,0,0,0,0,0.0065712323,0,0,0.0086786738,0,0,0,0.0027000187,0,0,0.0056689,0,0,0.0029799782,0.0069035529,0.0012805379,0,0,0,0,0,0,0,0,0,0.0040024864,0,0,0,0,0.0023386679,0,0,0,0,0,0,0,0,0,0,0,0,0,0,0,0.011198321,0.014408005,0,0,0.0099007702,0.010159397,0.0087707406,0.015505332,0.021414626,0.016606111,0.018004324,0.018977743,0.024596758,0.023595318,0.035019502,0.019296732,0.0026439051,0.0058284206,0.039080203,0.047986757,0.0055218027,0.031627864,0.022020305,0,0,0.01584832,0.0091825193,0.00038226217,0.017660331,0,0,0.011355493,0.00966419,0.02310859,0.00097588543,0.0043750582,0,0.0072933258,0.010363631,0.013766212,0,0,0,0.0013311983,0,0.014747651,0.018494362,0.0062967218,0,0,0,0,0.014768107,0,0,0,0,0,0.00063431822,0.0050084535,0,0.0068734782,0.0033738527,0.0063899346,0.00077526731,0,0,0.00056021393,0,0.0079058483,0,0,0,0,0,0.0092389835,0,0,0.012244268,0,0.0067746066,0.0017061603,0,0,0,0,0,0.0037497084,0,0.0018082345
0.0051548397,0,0,0.011030884,0.0097192209,0,0,0,0,0,0.00081864232,0.0051192204,0,0.0044928109,0.010032082,0,0,0,0,0.011426603,0,0,0,0,0,0.0048672585,0.0067998311,0.0072334791,0,0.0091074137,0.014996829,0,0.0009671672,0.0081936233,0.010937255,0.0088133076,0,0,0,0.013259707,0,0.0044471892,0,0.012211951,0,0,0.012352956,0.012617795,0.018482544,0.015140876,0.033551019,0.019371841,0,0.022439104,0.016803088,0.049092792,0.042808242,0.028295403,0.0044042035,0.15083832,0.04604622,0.03629208,0.019773986,0.0024209591,0.0063431473,0.024832787,0.029149264,0.018956279,0.013257131,0.021082178,0.01745398,0.030479336,0.058125794,0.022864757,0.028668692,0.01919817,0.018642347,0.011289882,0.0192715,0,0.011322313,0.011432975,0.004905588,0.023149556,0.022613702,0.075508937,0,0,0.0027580424,0,0,0.0099955266,0,0,0.008686645,0.0078785056,0,0,0,0,0,0.010893725,0,0,0.0013039195,0,0,0.0064978516,0,0.0021808923,0,0,0.000807993,0,0,0,0,0.0045557609,0,0,0,0,0,0,0,0.0027347407,0,0,0,0,0,0.010214778,0.019357855,0,0,0,0.00085681269,0,0,0,0,0,0,0,0,0,0.0017346799,0,0.0041650739,0.013961285,0.023451267,0.012685666,0,0.010134486,0.0084907562,0.016371962,0.014804319,0.029987941,0.02942971,0.038943719,0,0.0031073722,0.06230662,0.02001084,0.030004408,0.028943118,0.018794626,0.0048331646,0.023243746,0.012869579,0.030528501,0.0096515939,0.020132516,0.021975225,0.021401223,0.034165494,0.037979092,0.0085569415,0.015777316,0,0.0010247759,0.020818159,0.018756431,0,0.015374715,0.00077083701,0.020789761,0.022621721,0.01557079,0.028000366,0,0,0.014981041,0,0,0,0,0,0,0.010323239,0,0,0,0,0,0.0065283761,0,0,0,0,0.0011123673,0,0,0,0,0,0,0,0,0,0.0011937057,0,0,0,0,0,0,0,0,0,0,0
0.0024157045,0,0,0.0044551874,0.008919457,0.0077877184,0,0,0,0,0,0.003297712,0,0,0.00024442136,0,0.0054372232,0,0,0.001199329,0.0088643497,0.0088408422,0,0.0029669632,0,0,0.0046176193,0.0021836641,0,0.0041301055,0.0019213445,0,0.0070045725,0.016585298,0.012359262,0.016118769,0,0.0087614264,0.0011237173,0.0074068913,0,0,0,0,0.0014172725,0.0014107287,0.019525763,0.024326183,0.031092722,0.01713624,0.026478339,0.030221131,0.011833815,0.045124583,0.030392941,0.026758606,0.023653168,0.04830201,0.048440337,0.045359086,0.2,0.070371523,0.012153223,0.0057253614,0.0055265082,0.010303693,0.018673232,0.0095126666,0.01046354,0.02315714,0.016019402,0.057444505,0.016848123,0.0044887969,0.013986056,0.020304289,0.0041210288,0.00039074366,0.015349629,0.00056798419,0.013000931,0,0,0.022825241,0.050381143,0.028689692,0,0,0,0,0,0.0094106616,0,0,0.0035963827,0.0050272704,0,0,0,0,0,0.008412933,0.0020372297,0.045279622,0,0,0,0,0,0.015344253,0.0073883729,0,0.0045218747,0.00026226274,0,0,0,0,0,0,0,0,0,0,0,0,0,0.0057339515,0.00038143669,0,0.0096801762,0.0025610472,0.0049928958,0.0077959159,0,0,0.0049824901,0.0021368316,0.011981224,0,0.0066793105,0,0,0,0,0,0.0028288937,0.01313134,0.018601153,0.026626095,0.031125858,0.013115114,0.012832043,0.028658237,0.015625531,0.023048671,0.023410607,0.040277291,0.035236984,0.023365583,0.022828523,0.030381601,0.041115284,0.078764476,0.10951748,0.04140646,0.013060373,0.00964092,0.0099558709,0.0045140386,0.019846616,0.0094674788,0.0051080445,0.014944801,0.017360752,0.030704811,0.015710469,0.0042049666,0.0036588754,0,0.0052839709,0.0092270011,0.010732416,0.0062731924,0.012876542,0,0.013487567,0.020789038,0.023677135,0.013751173,0,0,0,0,0,0,0,0,0.00026295913,0.0052469214,0,0,0,0,0,0.00027785829,0,0,0,0.032373734,0,0,0,0,0,0,0.0078911623,0,0.013796091,0,0.0037852428,0,0,0.003576922,0,0,0,0.00044783251,0,0.0098205134,0.002647684,0.010274117
0.017566031,0,0,0,0.026089329,0,0,0,0,0,0,0.015430644,0,0.0054356018,0.02617611,0.0019597032,0.01250501,0,0,0.028095836,0.022758564,0,0,0,0,0.0042659394,0.012547876,0.024773216,0,0.0082408916,0.031506777,0.0026206044,0,0.027482748,0.011474991,0,0,0,0,0,0,0,0,0.024754968,0,0,0.023958512,0.019973956,0.017669942,0,0.01088717,0.026372328,0,0.011426967,0,0.061761159,0.033255927,0,0.0070597595,0.034728397,0.069137573,0.098415487,0.062316217,0,0,0.0023543083,0.0058044386,0.004454222,0,0.01385347,0.0072299116,0.02156336,0.0034254487,0,0.019057248,0.016279705,0,0.0003514908,0.02583232,0,0.0025835698,0,0,0.0048293592,0.022944862,0.0027106325,0,0,0.023693252,0,0,0.026403299,0,0,0.0076282122,0.038761821,0,0,0,0,0,0.015027257,0.00092996715,0.0054192669,0,0.016389385,0,0.009591816,0.0013653197,0.0062224395,0,0,0.00032471883,0,0,0,0,0.015250022,0,0,0,0,0,0,0,0,0,0.0046273307,0,0,0.0085334908,0.01354154,0.026100025,0.0096081551,0,0,0,0.0022873105,0.013747558,0,0,0,0,0,0,0,0,0.01537728,0.016541645,0.015004016,0.019860985,0,0,0.015394382,0,0,0,0.012258206,0.057397671,0.038172912,0,0,0.03184025,0.031267542,0.044675183,0.082471803,0.045034923,0,0,0.0069539212,0.0093628,0.0064158766,0,0.0063206838,0.014580424,0.022969885,0.017462697,0,0.0046849409,0,0,0.0057473024,0.02286898,0.019439004,0.03644133,0,0.022834806,0.014817627,0.0074100816,0.003558974,0,0,0.018132543,0,0,0.040616039,0,0.0029672126,0,0.04621052,0,0,0.012355667,0,0,0,0,0,0.0058725597,0.00153035,0,0,0,0,0,0,0.049230054,0,0.038374566,0,0,0,0,0,0,0,0,0,0,0.0067376727,0.00011383387,0.0029811491
0.014694506,0,0.0012053115,0.043614946,0.032811873,0,0,0,0,0,0,0.018092224,0,0.0015583048,0.027930886,0.0026730704,0.011969471,0,0,0.029063761,0.029861366,0,0,0,0,0.0044433787,0.0047196345,0.023919057,0,0.00097453332,0.032380782,0.001459849,0.020638192,0.047322381,0.048932351,0.0090055801,0,0.023051808,0,0.0032480534,0,0.0071027121,0,0.02004467,0,0,0.023638694,0.013676392,0.0013009656,0,0.0024198494,0.0152955,0,0,0,0.03511994,0.021654956,0,0,0.019330591,0.011966199,0.062462132,0.092474692,0.024297753,0.0053321058,0.0052331514,0.014660737,0.017405506,0.0068712174,0.017355124,0.0041282377,0.003852301,0.0071747587,0,0.032380041,0.010188324,0,0.00076252094,0.021885997,0,0,0,0,0,0.0058512217,0,0.083459415,0,0.029124821,0,0,0.028544489,0,0.002749553,0.016364492,0.068052396,0,0.005796629,0,0,0,0.021743368,0.0015521093,0,0,0.02776463,0,0.01610106,0.0037389309,0.0086495662,0,0,0.00094389886,0,0,0,0,0.0087283412,0,0,0,0,0.0014842225,0,0,0,0,0.0062357993,0,0,0.0057576122,0.037249152,0.043773308,0.025660828,0.028744727,5.67067e-05,0,0,0.009411525,0,0,0.010658948,0,0,0,0,0,0,0,0,0,0,0,0,0,0,0,0,0,0.025552094,0,0,0.025323767,0.010217234,0.017755283,0.057315953,0.072149992,0,0,0.016143302,0.0097483126,0.01294029,0.017016184,0.0094130468,0.0066015674,0.0090161245,0.01781171,0,0.0077694403,0,0,0,0.025330355,0.020155333,0.037495364,0,0.015240433,0.00030158809,0,0,0,0,0,0,0,0.048946328,0,0,0.0057239169,0.062583603,0,0,0.01420443,0,0,0,0,0,0,0,0,0,0,0,0,0,0.059980474,0,0.040823784,0,0,0,0,0,0,0,0,0,0,0,0,0.004614756
0,0,0,0.00017545492,0.0041100415,0.00075003161,0.0044077202,0.00053824723,0,0,0,0.001907773,0.0028312611,0,0,0.0010704284,0,0,0,0,0.0066598109,0,0.0018887252,0.00098848692,0,0,0,0,0.00087217323,0.0023474358,0,0.0043158932,0.0082592871,0.01115319,0.032283578,0.007199686,0,0,0.0088446522,0.029485065,0,0.0095603429,0.011353766,0.0079715177,0,0.0037339206,0,0.0020402579,0.003439886,0,0.0071351402,0.0038250326,0,0.0037811236,0.0078889327,0.0028256809,0.010361163,0,0.0019334346,0.0014059977,0.0049642567,0,0.023966171,0.08726272,0.042574093,0.029183468,0.02548494,0.041864552,0.031255741,0.022209767,0.031883791,0.014378089,0.024923701,0.024623502,0.035638176,0.0048544891,0.023607431,0.036973704,0.012750683,0.0059135389,0.0092759747,0.016515294,0.0056562521,0.0074189962,0.017576011,5.5260054e-05,0,0,0,0.0020101753,0,0.0023114453,0.016866092,0.020988513,0.041137449,0.022610139,0.0053999154,0.011941051,0.0055652815,0.027550936,0.012877822,0.021833766,0.010663314,0,0,0,0,0,0,0.013464357,0.023693208,0.038056765,0.00039638943,0,0,0,0,0,0,0,0,0,0,0,0,0,0,0,0,0,0.0072265887,0.011345701,0.0022335092,0.0061790263,0.009535592,0.0023678937,0,0.0063924692,0.0028188711,0,0.0031206454,0,0,0,0.0018415175,0.0022287725,0.024223346,0,0,0,0,0,0,0.0012585695,0,0,0,0,0,0.013039234,0,0,0.0037534093,0.0076867999,0.00052253192,0,0,0,0.021342549,0.033975184,0.021300852,0.033106264,0.03293816,0.024925586,0.025313839,0.018509377,0.014855313,0.021562874,0.023779694,0,0,0.021417353,0.014917625,0,0.0070842742,0,0.006230914,0,0.015611105,0,0,0,0,0,0,0,0,0,0.016769066,0,0,0,0,0.012319116,0.010802795,0.0011209387,0.0075531127,0,0.0029572637,0,0,0,0,0,0,0,0,0,0,0,0,0,0,0,0,0,0,0,0,0,0,0
0,0.00041501611,0,0,0.00074186386,0,0.0026904128,0.0024932786,0,0,0,0,0,0,0,0,0,0.00052460993,0,0,0.0033114585,0,0,0.0024013449,0,0,0,0,0,0,0,0,0.018081751,0.01888141,0.034503695,0.012853664,0.011353408,0.0019451787,0.016816288,0.020342648,0.018198837,0.015279232,0.035419755,0.011115531,0.016668135,0.054345667,0,0.0030809313,0.0008164664,0,0.0010348844,0.0045279311,0.005620128,0.002107033,0.0064241132,0.00067096757,0.014169382,0.0030015786,0.0057618255,0.0052423356,0.0044462336,0,0.0049038948,0.042986266,0.11182418,0.025040781,0.024045547,0.055877633,0.096800819,0.048127227,0.031408694,0.017895168,0.03656169,0.032342926,0.033483133,0,0.013228078,0.015901579,0.0010876864,0.0069107288,0.00031244947,0.0099887494,0.0056780358,0.0033656084,0.014232814,0.0015935423,0,0,0,0,0,0.00033456075,0.015120601,0.062402911,0.0463285,0,0.004754201,0.0067104795,0.0025696182,0.029051397,0.028795725,0.025524164,0.030458039,0,0,0,0,0,0,0.0037444755,0.013348076,0.057522375,0,0.005690271,0,0,0,0,0,0,0,0,0,0.0073621594,0.00024430425,0.0093469787,0,0.010123842,0,0,0.014536182,0.0044579795,0.0030615206,0.0085648205,0.021310138,0.011546919,0.01928895,0.020084918,0.0079021323,0.015921738,0.01307631,0.012454685,0.026081791,0.016495455,0.013387024,0.017372567,0.058473788,0,0,0,0,0,0,0,0,0.0062264497,0.0060302159,0,0,0.0036369036,0.0014200944,0.008014081,0.00060383085,0.0074662166,0.0017017542,0,0.019110434,0.016072474,0.01606332,0.04144416,0.017852157,0.048829108,0.043909643,0.047943052,0.022630295,0.0072585829,0.024985714,0.031814996,0.024035871,0,0.00082601636,0.0055279932,0.014387637,0,0,0.002813064,0,0,0.010599674,0.0010017212,0,0,0,0,0,0,0.0024396009,0.015767425,0.042604782,0.0067327283,0,0.0016739132,0.0032498743,0.013287778,0.030660534,0.00024678343,0,0,0.01309537,0,0,0,0,0.019235086,0,0,0,0,0,0,0,0,0,0,0,0,0,0.0052480455,0,0.011101267,0,0.022961419
0,0,0,0,0.00077034777,0.0010569363,0,0,0,0,0,0,0,0,0,0,0,0,0,0,0.0015809216,0.002058092,0,0,0,0,0,0,0,0,0,0,0.0060831471,0.0069800266,0.01272137,0.0057267128,0,0,0,0.022461368,0,0,0.0048888572,0,0,0.0013433171,0.0058445386,0.014495793,0.020149831,0.021291168,0.035610825,0.039083015,0.015842609,0.016083878,0.04931853,0.023163645,0.036053266,0.015377412,0.019900015,0.024258737,0.011342969,0.004101912,0.0059836218,0.031161269,0.026874105,0.067353904,0.080636568,0.043941829,0.028346758,0.018692587,0.01663268,0.030428644,0.033546716,0.023699898,0.038183596,0.015720177,0.055885125,0.026577195,0.01158853,0.0072448826,0.026987154,0.022176504,0.0087871607,0.019772174,0.01504387,0.01693899,0,0,0,0,0,0.0011142286,0,0,0.038588233,0,0,0,0,0.017002773,0.0016838039,0.0088521549,0,0,0,0,0,0.0011709889,0,0.0088339616,0.010797756,0.004508595,0,0,0,0,0,0,0,0,0,0,0,0,0,0,0,0,0,0,0,0,0.0045759007,0,0,0,0,0,0,0,0,0,0,0,0.0062427367,0.001214631,0.018805446,0.0041814097,0.011358766,0.016776221,0.017138414,0.011694176,0.028438693,0.016442578,0,0.02682429,0.014430078,0,0.014765412,0.02937001,0.0094402125,0.017732834,0.022066966,0.014807688,0.010190462,0.0014247531,0.014816567,0.021488681,0.057717972,0.03005293,0.050356247,0,0.029371461,0.022256944,0.02047761,0.02825447,0.025405383,0.016188875,0.023831407,0.0065458817,0.0043644123,0.027195221,0.011152008,0.0042262985,0.0076831519,0.0050540254,0.018225372,0,0.013912229,0.016121196,0,0,0,0,0,0,0,0,0.00085426972,0,0,0,0,0.0041312962,0,0,0.0065309219,0,0,0,0,0,0,0,0,0,0,0,0.00089266308,0,0.0017550548,0,0,0,0,0,0,0,0,0,0,0
0,0,0,0,0.005239543,0.0015956154,0,0,0,0,0,0,0,0,0,0,0,0,0,0,0.0079171332,0,0,0,0,0,0.0017490754,0,0,0,0.00087595545,0,0,0.012470468,0.022847949,0,0,0,0,0.019457301,0,0.0064972574,0.0061849472,0,0,0.0040420163,0.01106804,0.01121148,0.015519555,0.015008515,0.034312475,0.021121688,0.011053545,0.015383733,0.061617829,0.034144677,0.054277789,0.014913325,0.0240192,0.027861521,0.019024018,0.0071313023,0.014937334,0.026166145,0.024874387,0.07967972,0.069580302,0.058159161,0.032244422,0.031488884,0.016857248,0.032208398,0.028756943,0.015390639,0.031639554,0.018471163,0.034226313,0.010696705,0.0075595579,0.00074532971,0.017517881,0.0094473399,0.001768367,0.015512593,0.011226078,0.012774426,0,0,0,0,0,0.0019676061,0,0.0036496737,0.046398997,0.0041345037,0,0,0,0.00054087641,0,0.0094955098,0.0011252088,0,0,0.0030173594,0,0,0,0.0063896454,0.0090008695,0,0,0,0,0,0,0,0,0,0,0,0,0,0,0,0,2.9472745e-05,0,0,0.0024144801,0.0055577089,0,0,0,0,0.008884442,0,0,0,0,0,0,0,0,0,0.015127557,0.0043586646,0.0066576176,0.012346358,0.016112102,0.0026653106,0,0.012320163,0,0.029995864,0.0075631635,0,0.019339675,0.033234261,0.0041312412,0.023517365,0,0.017343108,0.014793199,0.0072994656,0.02292729,0.017482009,0.044830464,0.02686182,0.055849053,0,0.028477112,0.031282194,0.016711649,0.031015962,0.025838856,0.0091252252,0.015036404,0.00043657221,0.0026224863,0.021092083,0.0064003295,0,0.0069390349,0,0.014218482,0,0.010785804,0.0077267634,0,0,0,0,0,0,0,0,0.0043920195,0.0064601251,0,0,0,0,0,0,0,0,0,0,0,0,0,9.8445904e-05,0,0,0,0,0,0,0.00099348032,0,0,0,0,0,0,0,0,0,0,0
0,0,0,0,0.0074674985,0,0,0,0,0,0,0,0,0,0,0,0,0,0,0,0.0062689101,0,0,0,0,0,0,0,0,0,0,0,0.012697277,0.014115425,0.026055044,0,0,0.0063304664,0,0.016774368,0.00096025068,0.009265177,0.011898849,0.0088207889,0,0.0096790092,0.0071164677,0.006689643,0.0064254841,0.001679847,0.014383562,0.0065702624,0.0011284964,0.0039281379,0.014784276,0.01326514,0.034954041,0,0.010119579,0.017682474,0.0089576077,0.0046790913,0.017472904,0.042748891,0.056362934,0.042358719,0.057792306,0.074824229,0.051179081,0.05570399,0.032221761,0.025424395,0.039256372,0.038986392,0.044859253,0.0080547351,0.024237545,0.032667268,0.013393919,0.0085600298,0.012050937,0.017211363,0.010464646,0.010881694,0.018859046,0.005348559,0,0,0,0,0,0.0049630189,0.014272971,0.04949183,0.068908028,0.0018371074,0.00090717402,0.006508586,0,0.020481586,0.014252412,0.023406766,0.013549882,0,0.0012306188,0,0,0,0,0.0076965601,0.010972679,0.018494286,0,0,0,0,0,0,0,0,0,0,0,0,0,0,0,0,0,0,0.004866872,0.0010681598,0.0073353006,0.0017504354,0.017968651,0,0,0.0067970157,0,0,0,0,0,0,0,0,0.034377147,0.0028096489,0.0047070058,0.0023623095,0.0034768332,0,0,0,0,0,0.0022461801,0,0.010109215,0.019712685,0,0.0039465073,0.017149841,0.0099299802,0.006581977,0.0052859448,0.026501816,0.014685963,0.025774028,0.047492228,0.033747301,0,0.053638589,0.041501623,0.027550593,0.016818434,0.02966263,0.029626351,0.033557456,0,0.0009944241,0.023305733,0.023457848,0,0.01354784,0,0,0,0.01719223,0.0094405394,0,0,0,0,0,0.0021231496,0.0091984365,0.014055848,0.023838695,0.02027268,0,0,0,0.0074228249,0.011219686,0,0,0,0,0,0,0,0,0.008405732,0,0,0,0,0.0030995996,0,0,0,0,0,0,0,0,0,0,0,0,0.013723856
0,0,0,0,0.004577708,0,0,0.0025641355,0,0,0,0,0,0,0,0,0,0,0,0,0.0071775066,0,0,0.00092785165,0,0,0,0,0,0,0,0,0.025400762,0.014881398,0.026012605,0.019812521,0.0094569363,0.0060327193,0.012533685,0.01970396,0.012843092,0.022035863,0.035239697,0.022733757,0.024254778,0.040319953,0.0018629208,0.011086827,0.0063754097,0,0.0030930701,0.0051333113,0.0099293916,0.0085602514,0.0052655758,0.0029195901,0.026883159,0.0021624276,0.0087033696,0.011318277,0.0090220543,0,0.0060666264,0.030367341,0.095365107,0.025575813,0.030475711,0.049484991,0.095508888,0.052999783,0.062051881,0.043259531,0.035352934,0.033029489,0.020080753,0.0050613945,0.016425636,0.022783156,0.0064766584,0.0043220473,0.0073205968,0.0071199671,0.019679688,0.011893825,0.029136339,0.0054741828,0,0,0,0,0,0,0.002562542,0.021205347,0.026590452,0,0.0016986334,0,0.0035763127,0.017818373,0.0082813557,0.0070824958,0.035755303,0,0,0,0,0,0,0,0.011337323,0.033148274,0,0,0,0,0,0,0,0,0,0.0021343266,0,0,0,0.001411339,0,0.009784434,0,0,0.011608745,0.0018415482,0.0049300888,0.011374393,0.020068139,0.022970049,0.021406233,0.01443586,0.013661357,0.0089858696,0.020794515,0.021689883,0.026270892,0.020031951,0.023614343,0.029187048,0.049844183,0.00052064861,0,0.0028362595,0.0048957095,0,0.0015108299,0,0,0,0.0063824067,0.0045541185,0,0.013068954,0,0.010031326,0.0091244057,0.010045962,0.0070620971,0.0015472642,0.017714044,0.016168263,0.017699588,0.02797859,0,0.063591249,0.040893286,0.056972861,0.047402285,0.020485742,0.028569505,0,0,0.0044170418,0.0074731661,0.015091692,0,0.00070874853,0.00049440161,0.0036702887,0.0042198417,0,0.027614912,0.01011772,0,0,0,0,0,0,0.0046615247,0.0026714238,0.017311944,0.00019612412,0,0,0.0024616932,0.0056921504,0,0.0097595118,0.0077990741,0,0.012315514,0,0,0,0,0.020425407,0,0,0,0,0,0,0,0,0,0,0,0,0,0,0,0.011614836,0,0.025485143
0,0,0,0.002398341,0.0092692263,5.4950442e-06,0,0,0,0,0,0,0,0,0,0,0,0,0,0.0023697519,0.007653378,0,0,0,0,0,0.00086370046,0,0,0,0.0022195848,0,0.028200543,0.029485475,0.04092421,0,0,0,0.018739978,0.023973949,0.012984621,0.024541935,0.037591409,0.02705122,0.023120943,0.035904877,0.0063160723,0.0046359403,0.0088220974,0.0045568957,0,0.0082355579,0.009135006,0.00929379,0.018974654,0.01929432,0.02836355,0,0.0098421481,0.019736703,0.02245404,0.014072893,0.017104866,0.022034012,0.048403677,0.016701706,0.03045712,0.055184048,0.054213148,0.050800733,0.020533884,0.026616674,0.028101772,0.0084363911,0.022847649,0.0067266962,0.0065133884,0.0039968514,0.010150245,0,0,0,0.0022498802,0.0054415683,0.012517917,0.0023185818,0,0,0,0,0,0.014094092,0,0.013135223,0.013423057,0.0026213056,0,0,0,0,0.0035394325,0.011369785,0.0062649557,0,0,0,0,0,0,0.0078848405,0.0004684219,0.0011700734,0.0027230398,0,0,0,0,0.0051914393,0,0,0,0,0,0,0,0,0,0.00047205464,0,0,0.0066049299,0.0048731593,0.0042172223,0.010394769,0.03850178,0.029542655,0.032672044,0,0.018387143,0,0.022636736,0.025212321,0.026740769,0,0,0,0.042191181,0.00099122629,0.0043820566,0,0.0080018733,0,0,0,0,0.016208293,0.008171143,0,0,0.020642398,0,0.0089984201,0.01643642,0.020993795,0.018328989,0.013496866,0.028586427,0.014868623,0.012620032,0.015425535,0.028075907,0.029681984,0.038872864,0.056590609,0.021900022,0.015937535,0.030462112,0.0098292623,0.010943897,0,0.00095396081,0.0048570205,0,0.0070230542,0,0,0.0052463906,0,0.011263299,0.0074792327,0,0,0,0,0,0.0061037028,0,0,0.0045853117,0,0,0,0,0,0.001852208,0.00013989487,0,0,0.0042839115,0,0,0,0,0,0,0,0.0073556183,0,0.0083617847,0,0,0,0,0,0,0,0,0,0,0.0053123701,0,0.0072611147
0,0,0,0,0.0063002855,0.0017309071,0.0062689534,0.0047211517,0,0.00032436571,0,0.0033674571,0.0031148128,0.00056416617,0.0012691861,0,0,0,0,0,0.0039490676,0,0.0038331822,0.0035958863,0.005294499,0.0013868428,0.0025979523,0.001870401,0,0,0.0041847285,0.0010356789,0.014987712,0.008429816,0.0079851691,0.017257001,0,0.011447953,0.011040087,0.01406016,0,0.019132057,0.0063815909,0.020484589,0.011656783,0.0065649608,0.0066469349,0.0086215688,0.0067581655,0.0052295541,0.010683918,0,0.00088931777,0.01120366,0.00011695365,0.0095688859,0.018702168,0,0.0063377083,0.014651989,0.013711703,0.0060392125,0.0031909514,0.030559435,0.029862067,0.013079043,0.01427642,0.030286575,0.061023343,0.019217601,0.088842288,0.055361919,0.026880056,0.036299847,0,0.00577622,0.023700107,0.034285568,0.013561441,0.011178393,0,0.0023800984,0.030562574,0.021394784,0.060321368,0.010396543,0,0,0,0,0,0,0.011011866,0.012811663,0.020945204,0,0.0030343558,0,0.0053085079,0.018366085,0,0.0097135808,0.033905365,0.030597439,0,0,0,0,0,0,0.014997455,0.040191233,0.0036891066,0,0,0,0,0,0,0.0013369799,0,0.0078596789,0,0,0,0,0,0.018350588,0,0,0.047860488,0.011712955,0,0.0042344183,0.011968872,0,0,0.013306024,0.013213481,0,0.015645653,0.017660012,0,0.0013374595,0.015823741,0.0086629149,0.018780338,0.004460732,0.0035284702,0.0058516371,0.0065260837,0,0.001924666,0,0.011588896,0.0048049176,0.0054902891,0.0039094547,0,0.016321184,0,0.0013286106,0.014197653,0.021369012,0.0072319112,0.005311891,0.010780515,0.018525388,0,0.0179563,0.013241095,0.052285064,0.024086494,0.027991284,0.071792476,0.042457081,0.015524546,0.034947675,0.010049609,0.010952096,0.00793551,0.02727904,0,0,0.0089895371,0.007787039,0.011009562,0.017394682,0.044983067,0.018065397,0,0,0,0,0,0,0.02070649,0.007274285,0.0084162513,0.0058089634,0,0,0.0081431661,0.0072031943,0.0041942797,0.023903416,0.014008908,0,0.026028764,0.024561951,0,0.01069566,0.00073518732,0.02793611,0.00068930426,0,0,0,0,0,0,0,0,0.00020313344,0.0071989121,0,0,0.010675746,0.0005749258,0.022189418,0.00084235583,0.043159686
0,0,0,0.0021548786,0.0028835793,0.0014748017,0.0020266878,0.002550798,0,0,0.0024315477,0,0,0,0,0,0,0,0,0.00098540913,0.0020538513,0,0.0019900431,0.0020024672,0,0,0.0037638161,0,0,0.0031920411,0,0,0.0061261137,0.006485194,0.0081840055,0,0,0.0029209764,0.00078577932,0.016655724,0,0.016136315,0.0040616463,0,0.0050652735,0.0066716732,0.0094221998,0.015973235,0.02310833,0.016619859,0.034481119,0.016315889,0.0087255314,0.026770398,0.021395879,0.016927067,0.069072947,0.011767448,0.043407924,0.027089357,0.055126838,0.021288104,0.0033757635,0.013441692,0.016820461,0.026954761,0.029678989,0.023896631,0.042644899,0.025401104,0.05643747,0.11422132,0.02211961,0.022938352,0.0072987527,0.02086433,0.019983007,0.017938968,0.015245053,0.0058215996,0.021448785,0.0076366663,0.012386413,0.026022831,0.052617066,0.0241975,0,0,0,0,0,0,0,0.00054858881,0.006001215,0,0.0053386856,0,0,0,0,0,0.004720361,0.014456202,0,0,0,0,0,0.0080315508,0.0063526309,0.0047839293,0,0,0,0,0,0,0,0,0,0.005297706,0,0,0,0,0,0,0,0,0.007555142,0,0.0039255396,0,0,0.0090198424,0.0033272188,0.001151447,0.010134229,0,0.0088048913,0.01727288,0.0011082587,0.0026212058,0.016026832,0.010548076,0.010412193,0.004063807,0.0096903145,0.018138114,0.020025779,0.011473056,0.019839775,0.011938323,0.020552222,0.01282185,0.014391367,0.026611125,0.020533297,0.03780546,0.0051594432,0.025776032,0.032487299,0.044373766,0.025273448,0.021262286,0.013009811,0.014342397,0.018578965,0.011145006,0.025838455,0.020932246,0.017960921,0.026735712,0.052126635,0.064194374,0.018267898,0.01615211,0.010991363,0.0012323818,0.012558257,0.031802341,0,0.00063921529,0.012328266,0.0031847158,0.020002844,0.029535998,0.037338905,0.018960951,0,0,0,0,0,0,0.00022620933,0,0,0,0,0,0,0,0,0.012896066,0,0,0.0012364448,0.010000281,0,0.0061398773,0,0.0014903195,0,0,0,0,0,0,0,0,0,0.0029553513,0,0,0,0,0,0.0022474702,0,0.014042491
0,0,0,0,0,0.0033222034,0,0.0038351256,0,0,0,0,0.0012516032,0,0,0.002035717,0,0,0,0,0.0038450616,0.0021887836,0.0003425866,0.0010281915,0,0,0.00063513196,0,0.002133952,0.0056411619,0,0.0035264841,0.016055424,0.018978007,0.021516416,0,0,0.0039022055,0.0076984465,0.021428723,0,0.021551941,0.013795972,0.019688975,0.014322993,0.022773726,0.009616835,0.014843905,0.013338303,0.0040577142,0.016453659,0.01379181,0.035794146,0.019938353,0.017949713,0.012093319,0.022719391,0.02121529,0.017540526,0.05765884,0.016660687,0.0040919082,0.0075461068,0.026780745,0.038751781,0.032974642,0.029212747,0.041029692,0.038701434,0.02998423,0.030348256,0.024683721,0.12267563,0.067448877,0.037735902,0.019711327,0.019327154,0.027081449,0.009681372,0.01706313,0.017094575,0.0223331,0.022956634,0.027658334,0.028239047,0.026561445,0,0,0,0,0,0,0.0020341626,0.01816909,0.026520496,0,0,0.00099063362,0,0.022124123,0.014417725,0.041627958,0.011072172,0,0,0,0,0,0,0.0071415752,0.010007441,0.014622996,0.0001070677,0,0,0,0,0,0,0,0,0.0044477209,0,0.0073971478,0.0016584427,0.0080182571,0,0.0016102958,0,0,0.0066317222,0.004987271,0.0050760796,0,0,0,0.010802201,0,0,0,0,0,0,0,0,0,0.031633087,0,0,0.008006718,0.011336992,0.0063166497,0,0.0073061809,0,0.0040937224,0.01945621,0.014027933,0.0071865781,0.015948098,0.0015161914,0.013640592,0.025992945,0.015710829,0.011878371,0.0041609681,0.0213931,0.023348775,0.023221316,0.029419979,0.022828173,0.030930173,0.035929725,0.029073194,0.028410876,0.019831102,0.054213136,0.030401915,0.028802469,0.0089355279,0.011459796,0.025816169,0.029249121,0,0,0.013991329,0.015365357,0.026164735,0.027437229,0.025774742,0,0,0,0,0,0,0.0097728586,0.0040481207,0.012254285,0,0,0,0,0.0091973292,0.015510565,0.015688077,0.011016916,0,0.0059357476,0,0,0,0.0070105656,0.010464441,0,0,0,0,0,0,0.0021862863,0,0,0,0,0,0,0.0038895621,0,0,0,0.014970849
0,0,0,0,0,0,0.0036723237,0.0038263376,0,0,0.00076249079,0.00046797175,0,0,0,0.0017959618,0,0,0,0,0,0,0.0042201243,0.0049952837,0,0,0.0013058914,0.0030540943,0,0,0,0.0014935171,0,0,0.0030305309,0,0,0.0011862875,0,0.0088532511,0,0.0080314092,0.0054578343,0.0048151026,0.0039653098,0.0049241846,0.0074435263,0.0043846117,0.0039890548,0,0.0073553226,0.0032123537,0.0016169881,0.0092544779,0.0095638689,0.0029271448,0.009824736,0.0021897973,0.0071530552,0.022440098,0.0043350831,0,0,0.026138538,0.033659078,0.023234198,0.015748313,0.040197127,0.035570063,0.0094160149,0.039657794,0.024785813,0.067242399,0.08623673,0.030454293,0.0040176576,0.015845191,0.027078789,0.0067070075,0.017280351,0.011063424,0.015705137,0.024042103,0.016934799,0.028898422,0.015897259,0,0,0,0,0.00032997766,0,0.013988761,0.01894282,0.031167001,0,0,0.0066459724,0.0013128638,0.031665765,0.013046481,0.02271443,0.01757453,2.5794439e-05,0,0,0,0,0,0.00055293867,0.0025107369,0.030526232,0,0,0,0,0,0,0,0,0,0.009162032,0,0.0095780343,0.014730243,0.041531548,0.011171292,0.010357991,0,0,0.015687855,0.007709004,0,0,0,0,0,0.00035691034,0,0,0,0,0,0,0,0,0.014602947,0,0,0,0.005175869,0,0,0,0,0.0046824929,0.0071717598,0.0082939928,0.0033978242,0,0.001301876,0.0035223414,0.016186532,0.0021625473,0.0056334767,0,0.0097007733,0.012014638,0,0.027453411,0.017307516,0,0.025282657,0.017395433,0.029402483,0.011899067,0.020092422,0.052753918,0.024651742,0.0047873845,0.0094070463,0.023919135,0.011609472,0,0,0.013101486,0.0076428019,0.015628664,0.029940328,0.017856902,0,0,0,0,0,0,0.01643436,0.010304685,0.018941186,0.0048914226,0,0,0,0.017273238,0.011617827,0.019994888,0.027146364,0.0060922345,0,0,0,0,0.0071567604,0.017356114,0,0,0,0,0,0,0,0,0,0,0,0,0,0.020685608,0.0085836705,0,0,0
0,0,0,0,0,0,0,0,0,0,0,0.0066577219,0,0.0038312736,0,0.0034685186,0,0,0,0,0,0,0,0,0,0,0,0,0,0.0064628972,0.017719265,0.0055361306,0.010129282,0.01900062,0.019735076,0,0,0,0,0.0044591678,0,0.0071223802,0,0,0,0,0.016672621,0.015400618,0.010497825,0.0086746057,0.0179084,0.025092151,0.0020657515,0.0073124194,0.0077010868,0.02048233,0.018494142,0,0,0.029632106,0.015199004,0.020463763,0.033606965,0.038746826,0.03631179,0.039663535,0.033929054,0.047591127,0.023447165,0.025323149,0,0.0099734655,0.039023675,0.031615101,0.076073289,0.016121041,0.022259759,0.026404113,0.017613243,0.01074498,0.01713898,0.052017082,0.0024652409,0.010186921,0.012760933,0.011140088,0,0,0.0043186257,0.0021154657,0,0.0088001173,0.006875115,0.027361384,0.052546006,0.030609209,0,0.0104556,0,0.025681809,0.042998746,0.054033756,0,0,0.0044089458,0,0,0.00069040351,0,0.015848849,0.0088187335,0.011008171,0.00035115512,0,0,0,0,0.0015745752,0.013105089,0,0,0,0,0.0071511716,0,0.0058275787,0,0,0,0,0,0.0055579375,0,0,0,0,0,0,0,0,0,0,0,0,0,0,0,0,0,0.0081318198,0,0,0,0.010440694,0,0.0023235073,0,0.0069728442,0.023443403,0.022075731,0,0,0.023128547,0.0094071524,0.013705003,0.020878274,0.028830061,0.008552325,0,0.041628949,0.023570895,0,0.036150753,0.020385982,0.013929052,0.0088607566,0.032841373,0.019188719,0.036845528,0,0,0.014109813,0.024644954,0,0,0,0.019794328,0.014787069,0.006020925,0.0065611289,0,0,0,0,0,0,0,0.013482993,0.023224732,0.030644875,0,0,0,0.0023538652,0.015041662,0,0,0,0,0,0,0,0,0.0024789046,0,0,0,0,0,0,0,0.0024922234,0,0,0,0,0,0,0,0,0,0
0,0,0,0,0.008109929,0.004667962,0,0,0,0,0.0022663809,0,0.0065300972,0.0073499717,0,0.0042791115,0.00066722778,0,0,0,0.0084986631,0.0031137895,0.00022272227,0,0,0.0058320137,0,0,0.0074018291,0.0085319364,0.0077567971,0.0022757382,0.0095119271,0.013093015,0.0082280645,0,0,0.010515509,0,0.018559895,0,0.017641878,0,0.019062413,0.0032202874,0.0022791361,0.031327907,0.054485418,0.033875778,0.02075756,0.032070216,0.027413821,0.019968625,0.025681654,0.0050934004,0.023130549,0.022121828,0.001079927,0.010776518,0.018939929,0.020722646,0.017395522,0.010636223,0.0062248101,0.0011106224,0.01490123,0.018315177,0.0089123091,0.0067323423,0.0079537341,0.0083856639,0.023155922,0.020233389,0.0045094709,0.015131848,0.061394643,0.023574863,0.033080786,0.024422336,0.018273177,0.024332408,0.028132135,0.014818124,0,0.026245695,0.024704678,0,0,0.0045740893,0,0,0.011804996,0,0,0.0086733159,0.0026441622,0,0,0,0.0011298874,0.0023540342,0.010257462,0.0011037576,0,0.0018863308,0,0,0.00086699997,0.012764284,0.044628553,0.022067076,0,0.018641327,0,0.0066703805,0,0.006116671,0,0.011510757,0,0,0,0,0,0,0,0.0022191065,0,0,0,0.0024222438,0.0020705562,0,0,0,0,0,0,0,0,0,0,0,0,0.015547445,0.010850643,0,0.028324801,0,0.024330754,0,0,0,0.021768501,0,0.0070894407,0.01985174,0,0.018599549,0.018782102,0,0.011457923,0,0.01980955,0.01778945,0.018161815,0,0,0.011647742,0.0054734,0.013176018,0.0033890367,0,0.0079804976,0.014348608,0.022281524,0.016638342,0.003323491,0.014946833,0.019945284,0,0.033510849,0,0,0.026461344,0,0.032523684,0,0.022470161,0.022493925,0,0,0,0,0,0,0.005338945,0,0,0.0051036598,0.0026454257,0,0,0,0,0.014179952,0.0016457848,0,0,0,0,0,0,0,0,0,0,0,0.016696325,0,0.021818204,0.0058763907,0,0,0,0,0,0,0,0,0,0.0033583876
0,0,0,0,0,0.0010503697,0.0022373432,0.0014259133,0,0,0.0011878085,0,0,0.002097656,0,0,0,0,0,0,0,0.0021740287,0.00015141649,0.0032713725,0,0,0,0,0,0.003335099,0,0,0,0,0.0019397354,0.013060619,0,0,0,0.015728362,0,0.0057717981,0.0028219172,0.0020669536,0,0.0016662065,0.0099152718,0.015819715,0.019816551,0.043331493,0.053313375,0.013272176,0.021774756,0.014200908,0.019479405,0.0036991462,0.021947231,0.015099381,0.013452297,0.017571846,0.0040411535,0,0,0.02543067,0.014648748,0.05523169,0.03443671,0.025505695,0.018379908,0.0076675816,0.026806211,0.022259904,0.019393271,0.016102375,0.020959113,0.023213716,0.063868597,0.046634264,0.024716288,0.02738538,0.032730103,0.025489653,0.021848416,0.031033028,0.024799507,0.025920775,0,0,0,0,0.0015781127,0,0,0,0.01536296,0,0.0025868528,0,0,0.024621677,0.0021114412,0.001159522,0,0,0,0,0,0,0,0.0033508032,0.0089399349,0.00098444789,0,0,0.001425202,0,0,0,0,0,0,0,0,0,0,0,0,0,0,0,0,0,0,0,0,0,0,0.00077604002,0,0,0.0030321707,0,0,0.00044325375,0,0,0,0.011206925,0.0092386417,0.018042387,0.019445984,0.022934401,0.025782043,0.0027568643,0,0.015843466,0.017916951,0,0,0.014500737,0.015183861,0.014012082,0.0079285521,0.0051804092,0,0,9.3730625e-05,0.020802308,0.03443899,0.016802635,0.024818201,0,0.015894568,0.012199394,0.022720326,0.026450455,0.014591564,0.016991977,0.022036791,0.0077526434,0.0086161699,0.054859571,0.01454711,0.002434815,0.010521574,0,0.030104414,0.028453533,0,0.029348979,0,0,0,0,0,0,0.0079955515,0,0,0,0.00021544195,0,0,0.016214222,0.005564603,0.014481017,0,0,0,0,0,0,0,0,0,0,0,0,0,0,0.0023944797,0,0,0,0,0,0,0,0,0,0,0
0,0,0,0,0,0,0.0060584927,0.0048221145,0,0,0,0,0.0030084816,0.0037156038,0,0.003641129,0,0,0,0,0.00026690631,0,0.0045921067,0.0021955159,0,0.0035590853,0,0,2.9286017e-05,0.0077324705,0.007093885,0.0052863695,0,0,0,0,0,0,0,0.0040576924,0,0.0032666784,0,0,0,0,0.0060049174,0.0097520668,0.0069161393,0.011267862,0.015236462,0,0.0024821067,0.0079868976,0,0,0.0086331749,0,0.0016056125,0.0098197795,0,0,0.00074444705,0.037281349,0.015794413,0.024478421,0.0095322365,0.032212622,0.02315224,0.0041410434,0.035241928,0.017746855,0.025439043,0.025573984,0.024233319,0.031141361,0.044254519,0.057256114,0.026561713,0.025150109,0.020958718,0.041943338,0.034671515,0.02422953,0.031601038,0.019852582,0,0,0,0,0.0021010819,0.0049666655,0.031735562,0.011311884,0.040824808,0,0.013463566,0,0,0.03588305,0.0035213232,0.01186189,0.01554133,0.0061273002,0,0,0,0,0,0.007138507,0.01517147,0.010258629,0.014857245,0,0,0,0,0,0.0033136103,0,0,0,0,0.0022143112,0,0,0,0,0,0,0,0,0,0,0,0,0,0,0,0,0.0028144794,0,0,0,0,0,0,0.0052013714,0,0,0.0023355833,0,0.0017509798,0,0,0,0.0011843778,0,0,0.0082902331,0,0,0.0075102746,0,0,0,0.000701176,0.011372289,0.0067293309,0.022561541,0.0018375082,0,0.013314177,0.0027307046,0.028053662,0.011502163,0.0088674817,0.02173673,0.031975575,0.011166668,0.014814993,0.043902997,0.019675717,0.0086184116,0.019316729,0.0199201,0.025696468,0,0.032798164,0.022107625,0,0,0,0,0,0,0.040808488,0.01344498,0,0.00011487267,0,0,0,0.022937831,0.0021347257,0.027946889,0.01315736,0,0,0,0,0,0,0.0053927549,0,0,0,0,0,0,0,0.011676818,0,0,0,0,0,0,0,0,0,0.0060343165
0,0,0,0,0.0088631799,0.0010209549,0.0062141288,0,0,0,0.0041455794,0,0,0.0064253872,0,0.0019157187,0.004875605,0,0,0.012263838,0.0070301453,0,0.0051900013,0,0.0005032724,0.0052999598,0.0078133624,0.008828002,0.0023496659,0.011170739,0.014308332,0.0038528678,0.011898074,0.017816186,0.0097581055,0.013792844,0,0.013925731,0.0071899779,0.009017989,0,0.01337524,0,0.012016564,0.0016037939,0,0.043180358,0.02817511,0.026111539,0.020336434,0.022332227,0.01746726,0,0.014734243,0.0074355588,0.018884402,0.015349748,0,0,0.018284548,0.014497588,0.02594234,0.022161432,0.013827033,0.001920289,0.010211867,0.0068031414,0.013762375,0.0073343171,0.01043532,0.015381157,0.015921323,0.0094031515,0.0068287342,0.016565923,0.02338779,0.023952197,0.027908582,0.062997848,0.018068407,0.024997192,0.014559996,0.013531236,0.024330605,0.023100985,0.012824647,0.028451482,0,0,0,0.00035111941,0.04600827,0,0,0.0074519948,0.0045771524,0,0,0,0.0033650708,0,0.006229918,0.0087897433,0,0,0.0063300841,0,0.010367269,0,0.012462805,0.0036606931,0.0035758533,0.0051671015,0,0.00061519165,0,0,0,0.0018801956,0.00015742378,0,0.0015861656,0,0,0,0,0,0.0031775914,0,0,0,0.0052814297,0.0076430179,0,0.016864691,0,0,0.0054875184,0.014814256,0,0.0064162426,0.014920196,0,0,0.003594286,0.0013809182,0,0.016136413,0.016193097,0.018585855,0.021324981,0,0,0,0,0,0.0043166569,0.012042141,0.016224254,0.017549388,0,0,0.011209177,0.012243403,0.01062985,0.021296939,0.022287538,0.0091569442,0,0,0,0.008731313,0.010041261,0.0023421571,0.014076354,0.016336763,0.0061440123,0.00717689,0.015665395,0,0.0077218437,0.027830387,0.014980617,0.026692664,0.037210371,0.014887519,0.033916019,0.025349399,0.024418499,0.014090456,0,0,0.0013740184,0.0052112909,0,0,0.0044869417,0,0,0.007038679,0,0,0.0034976508,0,0,0.012321873,0,0,0.0076869717,0,0,0.0052330014,0,0,0,0,0.015798774,0,0.013668524,0,0,0,0,0,0.0041639335,0,0,0,0,0.0062069604,0,0.0032554348
0,0,0,0,0,0,0.012885889,0.0058378344,0,0,0.0022065588,0,0.011906149,0.0039901705,0,0.0047860593,0,0.0030414723,0,0,0,0.0072933054,0.01385733,0.010248699,0,0,0,0,0.014602247,0.0064120097,0,0.0072681173,0,0,0,0.0033586968,0.00083878898,0,0.002851414,0.0019407101,0,0.0087325452,0.0044624088,0.0011313792,0.011476479,0.0035816971,0.0054751113,0.010448522,0.015916783,0.025845638,0.013470413,0.00082881411,0.022563774,0.013819781,0.0067185848,0,0,0.01669687,0.010308231,0,0.00021056191,0,0,0.0074951975,0.0080134952,0.006818132,0.00073087553,0.0097719794,0.0059028184,0,0.013692491,0.0072605228,0.017733667,0.018023634,0.010367213,0.018534439,0.027996952,0.028030518,0.019130647,0.03192392,0.034918688,0.034698069,0.033681329,0.031379722,0.016903622,0.018861096,0,0.0061712582,0,0,0,0,0.0052998085,0.0056114956,0.012116423,0,0.0096097961,0,0.0077955402,0.030647511,0.014161721,0.011238127,0.0083146486,0.001999907,0.0012192399,0,0.0059371176,0,0,0.0070100976,0.0064441599,0.00098679692,0.0051816711,0,0.014771106,0.0038140952,0.014823263,0,0.02245621,0.0053033629,0,0.035839334,0,0.019691881,0,0,0.006272058,0,0,0,0,0,0,0,0,0,0,0,0,0,0,0,0,0,0,0.0071182819,0,0.004005434,0,0,0,0,0,0,0,0.00291391,0,0.007396833,0,0,0.014763832,0,0,0,0,0,0,0,0.0063115908,0.0057274727,0,0,0,0,0.0084095439,0,0.0037946317,0.017203759,0.020919625,0.0097920401,0,0.028506652,0.012270911,0,0.0027083736,0,0.025839707,0,0,0.027778247,0,0,0,0,0,0,0,0,0,0,0,0,0,0.022856761,0.017016146,0.028442997,0.014588358,0.0013758505,0.0046470221,0.00057446241,0.00095922325,0,0.016006675,0,0,0,0,0,0,0,0.0049972711,0.0061648563,0,0,0,0,0,0,0,0,0,0
0,0,0,0,0,0,0.0041571474,0.0033413235,0,0,0,0,0,0.0068782144,0,0,0,0,0,0,0.0015112842,0,0.0039832261,0.0050271372,0,0,0,0,0.009540163,0.0086322585,0,0,0,0.00050016365,0,0,0,0,0,0.010331346,0,0,0.0023616059,0,0.0062347604,0,0.013144079,0.02170551,0.034884211,0.038030636,0.028185945,0.020406781,0.021941593,0.025107518,0.015433955,0.0076614977,0.017699506,0.015385753,0.013282281,0.011141574,0.013237553,0.0037014869,0,0.010980891,0.0016928983,0.027118634,0.018072655,0.013379792,0.0089873066,0,0,0.023627248,0.017937955,0.011844499,0.016650241,0.024978375,0.033791427,0.023535632,0.026496137,0.035263278,0.021838455,0.031895909,0.018491786,0.034005657,0.024865404,0.020544238,0,0,0,0,0,0.0014112439,0,0,0.0076107914,0,0.0012054328,0,0,0.011441239,0,0,0,0,0.0012854786,0,0,0,0,0.010465233,0.0055283112,0,0,0,0.001617107,0,0,0,0,0.00054503226,0,0.01998014,0,0,0,0,0,0,0,0,0,0,0,0,0,0,0,0,0,0,0,0,0,0,0,0,0,0,0,0,0,0,0,0,0,0,0,0,0,0,0,0,0.013720823,0,0,0,0,0,0,0,0,0,0,0,0.014378084,0.014104525,0.01124846,0.0051400033,0.018350402,0,0.011307499,0,0.014535503,0,0,0,0,0.02935667,0,0.025208723,0,0,0,0,0,0,0,0,0,0,0,0,0,0,0,0,0.0024134975,0,0,0,0,0,0,0,0,0,0,0,0,0,0,0,0,0,0,0,0,0,0,0,0,0
0,0,0,0,0,0,0.0028879319,0.00014924358,0,0,0.00052940374,0,0,0.0023009991,0,0,0,0,0.0042079249,0,0,0,0.0052983603,0.0049998546,0,0,0,0,0.010481173,0.0073655881,0.0018987512,0.0090961065,0,0,0,0,0.0035601687,0,0,0.0023663451,0.0067268824,0,0,0,0,0,0,0.0099576199,0.015738687,0.03320919,0.017239062,0.014313932,0.023352729,0.015044466,0.0050731096,0,0.013304576,0.010837959,0,0.012305174,0,0,0,0.018569198,0.011593251,0.023056556,0.010745651,0.01902472,0.0093100835,0,0.0049365656,0.009850407,0.023746971,0.016890204,0.052058261,0.029284671,0.0266797,0.044571139,0.015684035,0.034733761,0.032180604,0.071384758,0.024910908,0.027126556,0.013749368,0.031379409,0,0,0,0.0021662393,0.0007425067,0,0.010755423,0.0061064684,0.026724899,0,0.0066289841,0.0020585787,0,0.028488412,0.022972742,0.019654822,0,0,0.0046999669,0,0,0,0.011728034,0.019781344,0.015687212,0,0.01454051,0,0.0024006083,0,0.024361057,0,0.052190244,0,0,0,0,0.010575173,0.0080414945,0,0.027509529,0,0,0,0,0,0,0,0,0,0,0,0,0,0,0,0,0,0,0,0,0,0,0,0,0.020876231,0,0.0062440289,0.013563124,0,0.0064017535,0.0080845654,0,0,0.0029717539,0.00019208695,0.0015129026,0.0045792712,0,0,0,0.0062615238,0.013937734,0,0.0018242041,0,0.0072055096,0,0.0026675998,0.004164503,0.0086689983,0.010598956,0.02700997,0,0,0.021612775,0.011581427,0,0.0042454032,0,0.021211701,0.021089856,0.0096306587,0.024749201,0,0,0,0,0,0,0,0,0,0,0,0,0,0.012014249,0.0017199728,0.0097002015,0.0084224176,0,0,0,0,0,0.0066651986,0,0,0,0,0,0,0,0,0.020099144,0,0,0,0,0,0,0,0,0,0
0,0,0,0,0,0,0.012119943,0.0092343511,0.00072810851,0.0089009088,0,0,0.014183869,0.0053724004,0.003407449,0.011279436,0,0,0,0,0,0,0.013651771,0.0097478284,0,0.005911977,0,0,0.012762152,0.0061338092,0.0036280032,0.011595406,0,0,0,0.0085230432,0,0,0.0029226653,0.0073255589,0.0023489622,0.012241477,0.0063437009,0.0031966052,0.013616932,0.0054984284,0,0.0062402417,0.0099502448,0.0096622603,0.0056022629,0.0031669668,0.016140837,0.013906364,0.0047292532,0,0.0049192053,0.012031583,0.0024241714,0.003389094,0,0,0,0.0046483567,0.005128826,0.006305594,0.00010913562,0.0096562803,0.019449906,0.0018732923,0.030825805,0.011898447,0.02100941,0.022350075,0.00032308756,0.01229594,0.019152518,0.033427268,0.01162194,0.030329201,0.015609716,0.021668,0.11300772,0.028505381,0.028876593,0.012872793,0,0,0,0,0,0,0.01364761,0,0.0076580709,0,0.0066980487,0,0.030456761,0.058263045,0.004151992,0.0055792681,0.021652017,0.013236314,0.0054156929,0,0,0,0,0.0015654915,0.0073721022,0.007762026,0.012211395,0,0.00017496996,0,0,0,0.0063168877,0.017214324,0.012553531,0.034046363,0.017598854,0.013131986,0.017403336,0.031292956,0.019970926,0,0,0.0034328357,0.004875523,0,0,0,0.0040558232,0,0,0.0092519503,0,0,0,0,0,0.0098058619,0.0070351027,0.0082419794,0.0042096111,0.0021487498,0,0.0046200291,0.0060627661,0.011148272,0,0,0.020619553,0,0.0045186328,0.0054276958,0,0,0.0044419654,0.0075317868,0.000166752,0,0,0,0,0,0,0,0,0.020301048,0.0042925514,0.0030056522,0.025528666,0.0092307646,0.0052958075,0.019833513,0.011585822,0,0.01309533,0.024268182,0.013580201,0,0.0010157758,0,0.01872875,0.025109187,0.033913027,0.030106261,0,0,0,0,0,0,0.025094166,0.0051666917,0,0,0.013041955,0,0,0.026214624,0,0.062764682,0.039438125,0.0012124584,0,0.011315934,0.0029192567,0.034583259,0.012172728,0,0,0,0,0,0,0,0.0035328988,0.0044503855,0,0.011192502,0.0090896487,0.00053325604,0.0018505348,0.007925435,0,0,0,0.013613607
0,0,0,0,0,0,0.010343838,0.0082404241,0,0,0.0026493627,0.0005116309,0.0080456864,0.008656363,0,0.0047841147,0,0,0,0,0,0.0079406844,0.011645222,0.010142032,0,0,0,0,0.0066210828,0.0086406451,0,0.0043429146,0.0075970613,0.0060811611,0,0.014513914,0,0.0029432338,0.0048115365,0.011483839,0,0.019247066,0,0.013975454,0.010130388,0.0041926606,0.013172328,0.019677287,0.031233465,0.028881643,0.029434493,0.01469685,0.026445132,0.064905792,0.014830147,0.0097717214,0.020446032,0.017627271,0.020946709,0.021916922,0.021500228,0.0051391209,0,0.0088473242,0.0044580349,0.018694263,0.01515214,0.01203016,0.013341241,0.0057890387,0.024436487,0.027727727,0.027898842,0.017546307,0.0093846042,0,0.031022316,0.026772996,0.024774725,0.030733431,0.032782741,0.026114076,0.031515904,0.11278627,0.062898591,0.053252846,0,0,0,0,0,0,0,0,0.0054193931,0,0,0,0,0.013581298,0,0.0014160381,0.0094385203,0.0070243604,0.040881492,0,0,0,0,0.0039542918,0.0049550575,0,0,0,0,0,0,0,0,0.016731428,0,0.063450299,0,0.019743213,0,0,0.021131217,0.00039181751,0.0040379493,0.011280557,0.0082789166,0,0,0,0.0080277873,0,0,0.0063191503,0.010598637,0,0,0,0,0.0034404744,0.014286931,0.011813743,0.002923459,0,0,0.026655769,0,0,0,0.016555855,0.029867658,0.0095712375,0,0.032216899,0,0.016360868,0.01053601,0,0.020750996,0.020515947,0.013493399,0.0068265488,0,0.014216071,0.016479397,0.0064480081,0.013578372,0.0090351272,0.0080429567,0.0063358732,0.024641482,0.025882563,0.021865631,0.012552905,0.015543153,0,0,0.040275276,0.015489933,0.0051915715,0.016989248,0.026715066,0.037758183,0.053615563,0.038778421,0.050574522,0,0,0,0,0,0,0.0095484126,0,0,0,0,0,0,0.0081885271,0,0.026480472,0.0060669458,0,0.0086104563,0,0.016315665,0.031793989,0.015766412,0,0,0,0,0,0,0,0.0084669283,0.0014111284,0,0,0.012769532,0,0,0,0,0.00024691346,0,0.0028092756
0,0,0,0,0.0068771923,0.0033255506,0.0078974124,0.0086025512,0,0,0.00091451092,0.0014279003,0.0022144623,0.0058906619,0.0039926749,0.0040803361,0,0,0,0,0.0065559661,0.0012543597,0.0051989248,0.0060298457,0,0.0059373355,0,0.00086309761,0.0015620252,0.0041405549,0.0039236713,0.0010091134,0.021583136,0.012519586,0.0059385109,0,0,0.013716775,0,0.017640885,0,0.031512924,0.0048977444,0.033344064,0.013628634,0.011225375,0.012920802,0.023794172,0.025861269,0.012547945,0.019758629,0.010326345,0.012940159,0.058224957,0.0051794522,0.016920391,0.031086067,0,0.013093141,0.020150268,0.048187353,0.022131875,0.0055692885,0.01790709,0.014612025,0.01223817,0.0095390864,0.01849273,0.029708624,0.012094923,0.062129825,0.052847523,0.026350152,0.027570207,0.010582157,0.023714926,0.02261599,0.032175977,0.021978535,0.014690514,0.022129495,0.011442981,0.030230531,0.060728181,0.11587872,0.025677886,0,0,0,0,0,0,0,0.001802071,0.0094262566,0,0,0,0.00054482167,0.012653405,0,0.0015845771,0.023322497,0.042354509,0.0063390858,0,0,0,0,0.003199236,0.0093313698,0.019221386,0.0044207885,0,0,0,0,0,0,0.011452232,0,0.033820622,0,0,0,0.0020224624,0,0.015181405,0.0062502911,0.018745389,0.033822395,0.0077204583,0.00091743481,0.012287615,0.01535209,0,0,0.008900865,0.02095839,0,0.024205055,0,0.003640386,0,0.030320372,0.020480569,0.0096578524,0.018584289,0.010800768,0.0191119,0.024809491,0,0,0.0086375568,0.029108565,0.0004386967,0.016995128,0.018781869,0.014164021,0.024686687,0,0.010600188,0.024021221,0.030461419,0.026857322,0.019841742,0.013316599,0.021141138,0.005925138,0.011191128,0.0073325867,0.026394477,0.015874382,0.016554477,0.057429273,0.039111596,0.022855826,0.019181196,0.013222864,0.017352087,0.02114905,0.038766809,0.020361358,0.0089512151,0.021319218,0,0.030208638,0.035942785,0.059689742,0.02477688,0,0,0,0,0,0.00074616243,0.021236863,0.00055191049,0,0.0011829577,0,0,0,0.0070887483,0,0.028116494,0.0087246913,0,0.024201972,0.038975079,0,0.020647604,0,0.014356491,0,0,0,0,0.0024663636,0,0,0.0026706611,0,0.0076790997,0.0047060298,0,0,0.002400477,0,0.016604673,0,0.025307793
0,0,0,0,0,0,0.0034273609,0.0026843641,0,0,0.0053931912,0,0.0044501945,0.0067379512,0,0,0,0,0.0035626641,0,0,0.0019820039,0.00337771,0,0,0.0061829179,0.0036583785,0,0.0013500317,0.011452859,0,0,0.00010988807,0,0,0.0074256146,0,0,0,0.0074084536,0,0.0088845212,0,0,0.0045199785,0.00092492747,0.0084018642,0.015182433,0.02102619,0.034955066,0.030115739,0.015821058,0.029522831,0.040939458,0.010754213,0.020959292,0.019219119,0.022840859,0.012944164,0.07524211,0.02840513,0.0038335759,0,0.0015000367,0.0026636082,0.01705445,0.013219059,0.0067860954,0.0070520015,0.0031860615,0.013266245,0.026702469,0.027438426,0.016595509,0.010931158,0.024919387,0.027185868,0.022515723,0.013959301,0.019098748,0.020777885,0.031049814,0.015411953,0.054487903,0.028426945,0.12925729,0,0,0,0,0.0038356758,0,0,0,0.00059803698,0,0,0,0,0.0075204163,0.0036855848,0.0042503285,0,0.0021219845,0.01716082,0,0,0,0,0.0036450322,0.0043514976,0,0,0,0,0,0,0,0,0,0,0.014539865,0,0,0,0,0.024861749,0,0,0,0,0,0,0,0,0,0,0,0.0024345578,0,0,0,0,0,0,0,0,0,0,0.016422261,0,0.028106961,0,0.012678899,0.026152084,0.015495974,0.032989673,0.035602726,0.0056157354,0.013582314,0.018372405,0.020216588,0.031188156,0.013388837,0.018057665,0.0013661832,0,0.014640234,0.015934892,0.0040848516,0.009838691,0,0.0084490702,0.0074036545,0.018400647,0.0231588,0.024179941,0.015437111,0.01569253,0.0088842968,0,0,0.01471574,0,0.0038467913,0.017573383,0.02899361,0.040053718,0.024951009,0.077926688,0,0,0,0,0,0,0,0,0,0,0,0,0,0.0012320874,0.003670719,0.010466764,0,0,0.00040013748,0,0.012974369,0.018212544,0.0035594101,0,0,0,0,0,0,0,0,0,0,0,0.0040475572,0,0,0,0,0,0,0
0,0,0,0,0,0,0,0,0,0,0,0,0,0,0,0,0,0,0,0,0,0,0,0,0,0.010962719,0,0,0,0.0050614057,0.039531864,0,0.0125359,0.03752223,0.018142609,0.0090074874,0,0,0.00027595431,0,0,0.0092087584,0,0,0,0,0.027146418,0.015312137,0,0,0,0,0,0,0,0,0,0,0,0,0,0,0.08325325,0,0,0,0,0,0,0,0,0,0,0,0,0,0,0,0.027794585,0,0,0,0,0,0,0,0.013681044,0,0,0,0,0.029797772,0,0,0,0.061501332,0,0.010348625,0,0,0,0.016387491,0,0,0,0.027404433,0,0.017345324,0.0027827588,0.0033853664,0,0,0,0,0.0032922656,0,0,0.012848717,0,0,0,0,0.0037081831,0,0,0,0,0,0,0,0,0.022408802,0,0,0,0,0,0,0,0,0,0,0,0,0,0,0,0,0,0,0,0,0,0,0,0,0,0,0,0,0,0,0,0,0,0,0,0,0,0,0,0,0,0,0,0,0,0,0,0,0,0,0,0,0,0,0.023813134,0,0,0,0,0,0.026991269,0,0,0,0,0,0,0,0,0,0,0,0,0,0,0,0,0,0,0,0,0,0,0,0,0,0,0,0,0,0,0,0,0,0,0,0,0,0,0
0,0,0,0,0,0,0,0,0.012110561,0,0,0,0.00031002908,0,0,0,0,0.0088244574,0,0,0,0.0017394645,0,0.0028399879,0,0,0,0,0.0072595598,0,0,0,0,0,0,0,0.0053096157,0,0,0,0.0014845852,0,0,0,0.0025896032,0.0016429998,0,0,0,0,0,0,0,0,0,0,0,0.017355349,0,0,0,0,0,0,0,0,0,0,0,0,0,0,0,0,0,0,0,0,0,0.0059463759,0,0,0,0,0,0,0,0.010968221,0,0,0,0,0,0,0,0,0.0066474094,0,0.0063786209,0.0038300205,0,0,0,0,0,0,0.055053316,0,0,0,0,0,0,0,0.011378936,0.064218022,0.00088585785,0,0,0,0.013489379,0.0041045919,0,0.0022908824,0,0,0.0030331488,0,0,0.0018105995,0,0,0,0,0,0,0,0,0,0.0055856011,0,0,0,0,0,0,0,0,0,0,0,0,0,0,0,0,0,0,0,0,0,0,0,0,0,0,0,0,0,0,0,0,0,0,0,0,0,0,0,0,0,0,0,0,0,0,0,0,0,0,0.05607897,0,0,0,0,0,0,0,0,0,0,0.0033582193,0,0.0067959735,0,0,0,0,0,0,0,0,0,0,0,0,0,0,0,0,0,0,0.05678628,0,0.0055101514,0.0019627577,0,0,0,0,0,0
0.027251389,0,0.0099157551,0.012563887,0.01090636,0,0,0,0,0,0,0.0055712746,0,0,0.014930792,0,0.042790882,0,0.0053914301,0.0097425524,0.011637503,0,0,0,0,0.0027153925,0,0.0098837931,0,0,0.016402166,0,0,0.0050453926,0.0030160425,0,0,0.0039438917,0,0,0,0,0,0.0084661907,0,0,0.00028736194,0,0,0,0,0.0052438169,0,0,0,0.0072382838,0.0064507136,0,0,0.0023719091,0,0.023675896,0.029045049,0,0,0,0,0,0,0,0,0,0,0,0.003717069,0.004198052,0,0,0,0,0,0,0,0,0,0,0,0,0.028608162,0.022073152,0,0.010683021,0,0,0.0038219956,0.029006442,0,0.0034371894,0,0,0,0,0,0,0,0.017936667,0,0.012807514,0.0023284503,0.0025001864,0,0,0.00081550406,0,0,0,0,0.015128936,0,0.0011328661,0,0,0,0,0,0,0,0,0,0,0,0,0.025526855,0,0.005308432,0,0,0,0,0,0,0,0,0,0,0,0,0,0,0,0,0,0,0,0,0,0,0,0,0.010205825,0,0,0,0,0,0.019675326,0.013582078,0,0,0,0,0,0.00076396053,0,0,0.00050510478,0,0,0,0,0,0,0,0,0.0082051959,0,0,0,0,0,0,0,0.016183272,0,0,0.057406433,0,0,0,0.028407505,0,0,0,0,0,0,0,0,0,0,0,0,0,0,0,0,0.02780343,0,0.016862007,0,0,0,0,0,0,0,0,0,0,0,0,0
0,0,0,0,0,0.000182306,0,0,0.0019487208,0.0017826116,0,0.00014944092,0.0026346105,0,0,0,0.0070889108,0.0035379487,0,0,0,0.00039423729,0,0,0,0,0,0.00076551706,0.0081265159,0,0,0,0,0,0.0020586962,0,0,0,0,0,0,0,0,0,0,0,0.0025388121,0,0,0,0,0,0,0,0,0,0,0,0.0069350386,0,0,0,0,0.0021024006,0,0,0,0,0,0,0,0,0,0,0.0017381099,0,0,0,0,0,0,0.0017511597,0,0,0,0,0,0,0.022014033,0.054777883,0,0,0,0,0,0.011485662,0.015772346,0,0,0,0.0058161374,0,0,0,0,0,0.016801804,0,0,0,0.0092967954,0,0,0,0.0020915761,0,0.0082545411,0.0033989914,0.0059275776,0,0,0,0,0,0.0033013262,0,0,0,0,0,0,0,0.0087188957,0,0,0,0,0,0,0,0,0,0,0,0,0,0,0,0,0,0,0,0,0,0,0,0,0,0,0,0,0,0,0,0,0,0,0,0,0,0,0,0,0,0,0,0,0,0,0,0,0,0,0,0,0,0,0,0,0,0,0,0.0025162618,0,0.031355403,0.002108508,0,0,0,0,0,0,0,0,0,0,0,0,0,0,0,0,0,0,0,0,0,0,0,0,0,0.0073388666,0.00072749972,0,0,0,0,0,0,0,0,0
0,0.0074050189,0.012551866,0.002913031,0,0,0.0075397803,0,0,0.0034170698,0.0058772839,0,0,0,0,0,0,0.0058590854,0.026407193,0.0096804043,0,0,0.0035939687,0,0.0003323211,0.007391016,0.014498378,0,0,0,0,0,0,0,0,0,0.004692974,0,0.0027296597,0,0.0001997214,0,0.0012741197,0,0,0,0,0,0,0.0020525584,0.0022630964,0,0,0,0.0038679584,0,0,0.010218136,0,0,0,0,0,0,0,0,0,0,0,0,0,0,0,0.00045784499,0,0,0.0015812129,0.0022101537,0.00040899814,0,0,0.00065058016,0,0,0,0.0038812123,0,0,0,0,0.015166879,0.017475702,0,0,0,0,0.0090583889,0,0,0,0,0.0018875224,0,0,0,0.014346583,0.011603814,0,0,0.011962527,0,0,0,0,0,0,0.0054193065,0.00011284013,0.0038889074,2.2784927e-05,0.0054909559,0,0,0,0,0,0,0,0,0,0,0,0,0,0,0,0,0,0,0,0,0,0,0.0039277188,0,0,0,0,0,0,0,0,0,0,0,0,0,0,0,0,0,0,0,0,0,0,0,0,0,0,0,0,0,0,0,0,0,0,0,0,0,0,0,0,0,0,0,0,0,0,0,0,0,0.030646086,0,0,0,0,0,0,0,0,0,0,0,0,0,0,0,0,0,0,0,0,0.00046008994,0,0,0,0,0,0,0,0,0,0,0.0011434662,0,0,0,0,0,0
0,0,0.004290856,0.019480662,0.010197789,0,0,0,0,0,0.0021569568,0.0066147959,0,0,0,0,0.0098885968,0,0.0031362593,0.020220337,0.0063094674,0,0,0,0,0.0036199626,0.0072450852,0.010042513,0,0,0.015201214,0.00078004051,0.006578113,0.017281462,0.007809069,0.0046697725,0,0.010800282,0,0.0012478264,0,0.0010091031,0,0.0051077665,0,0,0.021848902,0.0093755675,0.0058450382,0,0.0060223024,0.010543464,0,0,0.011228876,0.018549137,0.0030436621,0,0,0.0096920868,0.0092645194,0.026704401,0.028703261,0.0027965277,0.00088446389,0.00050298747,0.0015377885,0.0052657807,0,0.014336,0.00050505123,0,0,0,0.008292662,0.011629296,0,0.0055261203,0.046036895,0,0.00085753947,0,0,0,0,0,0.030023256,0,0.010855513,0,0.01747578,0.035866346,0,0,0,0.015614974,0,0,0,0,0,0.01213097,0.00098150992,0,0,0.023726443,0,0.014547907,0.0066717705,0.016400617,0,0,0.0062039909,0,0,0,0.0017737395,0.0078733098,0.0047463626,0,0,0,0,0,0,0,0,0.002619331,0,0,0.0046633622,0.0086385068,0,0,0.011896092,0,0,0,0.0092715006,0,0,0.0038999685,0,0,0,0,0,0,0,0,0.0049111969,0,0,0,0,0,0,0,0,0.0073967772,0,0,0,0,0,0.021548668,0.020311093,0.002907689,0,0,0.0030811161,0,0,0.00015073651,0.0011315154,0.0017099751,0.0043055457,0,0.0055454886,0,0,0.00096265989,0,0.026761521,0.021084653,0,0.010696057,0,0.0015872626,0,0,0.014806358,0.0025738939,0.011356188,0,0,0,0,0,0,0,0,0.006150411,0,0,0,0,0,0.0014272223,0,0,0,0,0,0,0,0.035861842,0,0,0,0,0.00041085621,0,0.0041345144,0,0,0,0,0,0,0,0.0016369952
0,0,0,0,0,0,0.0072561526,0.0041159876,0,0,0,0,0,0,0,0.009471192,0,0,0,0,0,0,0.0067765289,0.0043794615,0,0,0,0,2.3950317e-05,0,0.0036997341,0.012838533,0,0,0,0,0.0072026802,0,0,0,0.0014475856,0,0,0,0,0,0,0.0019127948,0,0,0,0,0,0,0,0,0,0,0,0,0,0,0,0.01627068,0.014501521,0,0,0.013206562,0.002646005,0,0.010646476,0,0.00099870737,0.013005173,0.0052729971,0,0,0.030208398,0,0.0030797622,0,0.0089561157,0.0138524,0,0,0,0,0,0,0,0,0,0.062232394,0.059619684,0.051062118,0.011831936,0.0098317433,0.038899116,0.033741277,0.038536452,0.027851691,0.032931153,0.024893451,0.0079865195,0,0,0,0,0.024378862,0.0070957467,0.016963519,0.026605338,0.041892227,0.059983015,0.0041898033,0,0.0069968803,0,0.021654723,0,0,0.001141242,0,0.038054232,0.048487004,0.037118632,0.014035786,0,0.011457047,0.032892492,0.027341193,0,0,0,0,0,0,0,0,0,0,0,0,0,0,0,0,0,0,0,0,0,0,0,0,0,0,0,0,0,0,0,0,0,0,0,0,0,0,0.011530776,0,0,0,0,0,0,0,0.010119647,0.0043149213,0,0,0,0,0,0,0,0,0,0,0,0,0,0,0,0,0,0.036965415,0.043806374,0.029300664,0.007027817,0,0,0,0.024384195,0.013912064,0.0091704438,0,0.03535581,0,0.0093264403,0.0034919325,0,0.016687257,0.015809435,0.031105122,0,0,0,0,0.019591514,0,0.011196904,0,0,0,0.0095323501,0.015249312,0.021509485,0,0,0,0.021609064
0,0,0,0,0.0012136702,0,0.0048810765,0.0027514843,0,0,0,0,0,0,0,0.0037470995,0,0.00073777733,0,0,0.0021081748,0,0.0046138368,0.005555897,0,0.0027163252,0,0,0,0.00059678464,0,0.0072475388,0,0.0014832079,0,0,0.0077045201,0,0.0082649281,0,0,0.0024981273,0,0.00064202363,0,0,0,0.0029183952,0,0,0,0,0,0,0,0.00041069827,0.0022535028,0,0,0,0,0,0.0022126939,0.020561403,0.061967023,0,0.0018407116,0.048411727,0.021601822,0.012407848,0.012988811,0,0.016377579,0.017781636,0.025134563,0,0,0.010527138,0,0.0037196972,0,0.004533418,0,0,7.9151097e-05,0,0,0,0,0,0,0,0.060913004,0.089459732,0.063493595,0.017417777,0.01339556,0.03296601,0.026734645,0.032993004,0.046952412,0.044302046,0.041279815,0.017106164,0,0,0,0,0.015411277,0.0068062572,0.012224511,0.035149921,0.014159965,0.053325348,0,0,0,8.8389075e-05,0.008023886,0,0,0,0,0.034646992,0.031638011,0.030531576,0,0.01234362,0.01396882,0,0.031266928,0.001955752,0,0,0,0,0,0.0075507415,0,0,0.001975433,0,0,0,0,0,0.0058421334,0,0.002574739,0,0,0,0,0,0,0,0,0,0.0015796714,0,0,0,0,0,0,0,0,0,0,0.030547386,0,0.024402464,0.010615089,0.00070166623,0,0,0.001194119,0.010670329,0.0054402482,0,0,0,0.0019133498,0,0,0,0,0,0,0,0,0,0,0,0,0,0.017982377,0.047645979,0.063930511,0.018280776,0,0.020888003,0,0.013358871,0.035902955,0,0,0.025501877,0.028146684,0.011938174,0,0,0.011862221,0.020356653,0.013927415,0.039931372,0,0,0,0.0075886911,0,0,0,0,0,0,0,0.016548619,0.01880244,0.0080626104,0.018204628,0.029249156
0,0,0,0,0.0064552738,0.00011433576,0,0,0,0,0,0,0,0,0,0.00704868,0,0,0,0,0.008080746,0,0,0,0,0,0,0,0,0.0013370292,0.0096261371,0.006925947,0,0.0037430427,0.0050395895,0,0,0,0,0,0,0.0010063845,0,0,0,0,0.001253373,0.0056217369,0.0039534862,0,0.00023191019,0.0087846303,0,0.001662852,0.0052177692,0.0094951447,0.014144512,0,0,0.0074959421,0.0026303127,0.0074479207,0.016351294,0.041601986,0.046492614,0.036546089,0.045355983,0.068500057,0.027597044,0.013695745,0.021855969,0.0060478156,0.025038218,0.029878845,0.049937319,0.0074933902,0.013350649,0.040807389,0.0063902838,0.010419542,0.0058324537,0.024954235,0.0081891567,0.0035748791,0.0087426696,0,0,0,0.0038225073,0,0,0,0.052549254,0.064180881,0.069522366,0.02043828,0,0.014792688,0.0082062371,0.044035487,0.032781743,0.033762775,0.015034062,0,0,0,0,0,0,0,0.0024056917,0.021941895,0.0020273512,0.0029190141,0,0,0,0,0,0,0,0,0,0.01741497,0.0096394178,0.013799669,0,0,0,0.0027645691,0.0084676566,0.0021150515,0,0,0,0,0,0,0,0,0,0,0,0,0,0,0.0148168,0.00069614162,0.0014608389,0,0,0,0,0,0,0,0,0,0.0067382171,0.008372671,0,0,0.005832219,0.0020953945,0.00074787048,0.0055048629,0.012311572,0,0.0093337446,0.051115163,0.010008176,0,0.030172896,0.010019805,0.012785728,0.0039301901,0.012811559,0.023505222,0.029290875,0,0,0.0055581774,0.011169588,0,0.0029603262,0.0075798547,0.0027756514,0,0.0056452057,0,0,0,0,0,0,0,0.021533083,0.040660758,0.045450337,0.023000536,0,0,0,0.02205432,0.024059977,0,0.020948604,0.0017331963,0,0,0,0,0.006754823,0.01151746,0,0.012617944,0,0,0,0,0,0,0,0,0,0,0,0.0058317422,0,0,0,0.01434687
0,0,0,0.026544064,0.022026287,0,0,0,0,0,0,0,0,0,0.034380242,0.0066295527,0.011662418,0,0,0.008982257,0.023898724,0,0,0,0,0.0056264861,0,0,0,0,0,0.0052986061,0,0.023819184,0.013172688,0,0,0.0095290914,0,0,0,0,0,0.0067782411,0,0,0.015579877,0.0053719999,0,0,0,0.002810983,0,0,0,0.016047254,0.0067423671,0,0,0.0076445034,0.004753402,0.038484149,0.067659035,0.022060309,0,0,0.0036218408,0.0012783919,0,0.0026020233,0,0,0,0,0.029299507,0.0021697399,0,0,0.0038935072,0,0,0,0,0,0,0,0.061506361,0,0.028820653,0.011323982,0,0.015299916,0.010911864,0.016362311,0.019293647,0.086053364,0,0.0068109147,0,0,0.0050761704,0.012940365,0,0,0,0.011652038,0,0,0.013330263,0.0014363948,0,0,0,0.010983143,0,0,0,0.018473366,0,0,0,0,0,0,0,0.0023868782,0,0.0014485163,0.0017948656,0,0.0034021032,0.01159439,0,0,0,0,0,0,0,0,0,0,0,0,0,0,0,0.006404689,0.001113915,0,0,0,0,0.0023922583,0,0,0,0,0.027349073,0.017344521,0,0,0.0064250762,0.00020944429,0.0052652052,0.035363875,0,0,0,0.01328506,0,0.0042474903,0,0,0,0,0.006376937,0,0,0,0,0,0.0023586662,0.0043638218,0.013341485,0,0,0,0,0,0,0,0.026769862,0,0,0.040142335,0,0.011627283,0.012520869,0.060072392,0,0,0,0,0,0,0,0,0,0,0,0,0,0,0,0.011508888,0,0,0,0,0,0,0,0,0,0,0,0,0,0,0.0020446652,0.0014181396
0,0,0,0,0,0,0,0,0,0.0037249501,0,0,0,0,0,0,0,0.0070611546,0.0038799264,0,0,0,0.01075826,0.00734914,0.0022671774,0.0017765366,0,0,0.0044450015,0,0,0,0,0,0,0,0.013023737,0,0.0055637653,0,0.0042363596,0,0.001434015,0,0,0.0011997116,0,0,0,0.006346772,0,0,0,0,0,0,0,0,0.0060169226,0,0,0,0,0.0053755427,0.0045494707,0,0,0.00053899043,0.0019034671,0,0.0032533843,0.0053818696,0,0,0,0,0.00090846268,0.01246889,0,0.0077233119,0,0.0050336337,0.0069294288,0,0,0,0,0.0067825587,0,0.015664766,0.0089800712,0,0.0095726484,0.013181284,0,0,0.024817152,0.029495573,0.014611448,0.020696441,0.01437211,0,8.5281514e-05,0.0018359218,0,0,0.019158334,0,0.00484632,0,0.0071178814,0.0049129827,0,0.00082352886,0.0043056132,0.015002566,0.00085953932,0.00070833263,0.0012991757,0.0090918038,0.013589121,0.015330397,0,0.012369073,0,0.013296574,0.00030873067,0,0,0,0,0,0,0,0,0,0,0.00062457332,0,0,0,0,0,0.0077135651,0,0.00097658078,0,0,0,0,0,0,0,0,0,0,0,0,0,0,0,0,0,0,0,0,0,0,0,0,0,0,0,0,0,0,0,0,0,0,0,0,0,0,0,0,0,0,0,0,0,0,0.011949027,0,0,0,0.0068953549,0,0.0055449982,0,0,0.042584572,0,0.021051278,0,0,0,0,0,0.0017237449,0,0,0,0.0016108621,0,0,0,0,0,0,0,0,0,0,0,0,0.0034555015,0,0,0,0,0
0,0,0,0,6.8798079e-05,0,0,0,0,0,0,0.0029293064,0,0,0.00037705427,0.0016794903,0.0021388661,0,0,0,0.00043767644,0,0.0041694576,0,0,0,0,0.0033804488,0.0044571925,0.0053689019,0.0075959852,0.0085108671,0,0.0019163309,0,0,0.0027708751,0,0.0015675072,0,0,0,0,0,0,0,0.0056296857,0.00093154534,0,0,0,0.0022659777,0,0,0,0,0,0,0,0,0,0,0.0057831015,0.012107973,0.0068556531,0,0,0.0064054132,0,0,0,0,0.00095404498,0.0066735968,0.0092756609,0,0,0,0,0,0,0.00092185772,0,0,0,0,0.010565134,0,0.0034701142,0,0,0,0.03816513,0.031888802,0.013868148,0.0073450236,0.029530209,0.063576601,0.021410966,0.02880319,0.028835842,0.020241786,0,0,0.0026326389,0.0042580115,0,0,0.016787063,0.0098359641,0.0074843401,0.0058459505,0.0095242094,0.030443311,0.0042249216,0,0.0037038461,0.017241482,0.026681215,0,0.0094097182,0,0.021226123,0.024698993,0.024733413,0.012339303,0.0023913609,0,0.01168291,0.016221654,0.013940478,0,0,0,0,0,0,0,0,0,0,0,0,0,0,0,0,0.0053671016,0,0,0,0,0,0,0,0,0,0,0,0,0,0,0,0,0,0.0056960164,0.0016049061,0,0,0,0,0,0,0,0,0,0,0,0.0013764577,0,0,0,0,0,0,0,0,0,0,0,0,0,0.017131802,0,0,0,0,0.020997968,0.021838939,0,0,0.034211267,0.013412058,0.0092478879,0.010279106,0,0,0.014514485,0,0,0.00070917991,0,0.0081326459,0,0.015782211,0.026027437,0,0,0,0,0,0.0095053092,0,0,0,0.0053069172,0.018201763,0.0080382256,0,0,0.006026485,0.0051361294
0,0,0,0,0,0,0.0056932354,0.0031525847,0,0.011851081,0,0,0.0058034752,0,0,0.0057070991,0,0,0,0,0,0,0.0023617358,0.0066222586,0.0089747375,0.0026048434,0,0,0.0059159086,0,0,0.0066037225,0,0,0,0,0.0086095259,0,0.0083020069,0,0,0.00072848925,0,0,0,0,0,0,0,0,0,0,0.0041556945,0,0,0,0,0.0028611224,0,0,0,0,0,0.0050270222,0.0023871413,0,0,0,0.004096597,0,0.0054877074,0,0,0.00053805148,0,0,0,0,0,0.005924074,0,0,0.030707026,0,0,0,0,0.0064595742,0,0,0,0,0.032678805,0.025415516,0.0072738081,0,0.014158773,0.020487275,0.069477662,0.042161837,0.01841679,0.011793544,0.021055304,0.0025843,0,0,0.004729406,0.0052189692,0.0030460756,0,0.0025498259,0.017248157,0.011114809,0.019285752,0.01318457,0.017577955,0,0,0.0045312038,0.015623989,0.031815119,0.019443667,0.0080307536,0.029759657,0.020844009,0.027974885,0.016196307,0.0044156341,0.012071797,0.019325491,0.018364547,0,0,0,0,0,0,0,0,0,0.0028468368,0,0,0,0,0,0,0,0,0,0,0,0,0,0,0,0,0,0,0,0.0018830734,0,0,0,0,0,0,0,0,0,0,0.0011364353,0,0,0,0,0,0.0021720661,0,0,0,0,0,0,0,0,0,0,0,0,0.0056499615,0,0,0,0,0,0.010755913,0,0.014753689,0,0,0.008653773,0.042054027,0.020510366,0.0095992815,0.019592484,0.021423962,0.020306956,0.01304277,0.0071285157,0,0.015790461,0.017339926,0,0.012046831,0.017891709,0,0.0073620854,0,0.014291734,0,0,0.0080482718,0.0056731226,0.002455971,0.017453512,0.0079122325,0.01420325,0.018843282,0.0014456164,0.010725912,0.016840352
0,0,0,0,0,0.0010919778,0.0074508875,0.006911085,0,0.010170433,0,0,0.010738233,0.0014514767,0,0.010729144,0,0.0045722397,0,0,0,0.0056995726,0.0088900467,0.01052801,0.00035003986,0,0,0,0.013944767,0.0046090852,0,0.012310254,0,0,0,0,0,0,0.0058320574,0,0.003051576,0.0028181665,0.0030307372,0,0.0063843713,0.0023181813,0,0.0046853651,0.0017747486,0.0043020383,0,0,0.014214297,0.0026881904,0.0035420705,0,0,0.012933858,0.0082771303,0,0,0,0,0.027699634,0.029034307,0.01539862,0,0.020267138,0.018749261,0,0.019228822,0,0.020966606,0.030435827,0.023222018,0,0.022646867,0.035288882,0.0020204985,0.027962973,0.0093994783,0.025845718,0.05904711,0.011536727,0.01195848,0.0058516348,0,0.0040543173,0,0,0,0,0.038960099,0.032893516,0.043419309,0,0.021245707,0.029119616,0.043012414,0.12704404,0.05961097,0.019352533,0.014711025,0.0030918005,0.010428912,0,0.0024785304,0,0,0,0.0063782884,0.018112671,0,0,0.0029867231,5.9518545e-05,0,0,0.016390238,0.0013983871,0,0.018459674,0.004369868,0.028181061,0.019540722,0.026397109,0.0079843197,0,0,0.010713184,0,0,0,0,0,0,0,0.0059611211,0,0,0,0,0,0,0.0012366889,0,0.010437423,0.0019747359,0,0.0014845227,0,0,0,0,0.0072966702,0,0.0068399147,0,0,0,0.0086094104,0.0028969648,0,0,0,0,0,0.010172239,0.0055559576,0.024195656,0,0.018526267,0.0079826834,0.00051700091,0.0066609741,0,0.0023432649,0.026124503,0.020528773,0.0090186354,0.0032713569,0.014748646,0.0015238028,0,0,0,0.0052068448,0.0083278744,0.016932402,0.008613036,0.0052520302,0,0,0,0,0,0.026044946,0.018632127,0.021653276,0,0.012226471,0.012426258,0.014483104,0.05693423,0.03351865,0.024635553,0.037078731,0.019838002,0.0055508222,0.0013286838,0.005060974,0.019999281,0.015522714,0,0,0.00045974553,0,0.0035009154,0,0,0,0,0,0,0.0042263353,0,0,0.01133729,0.0048084301,0,0,0.0062179985
0,0,0,0,0,0,0.0033451791,0,0,3.6077072e-05,0,0,0,0,0,0.0030819771,0,0,0,0,0,0.0002142258,0.0046192976,0.0019289667,0,0,0,0,0,0.001166484,0.00021709991,0.0081054838,0.0010944622,0,0.0051191603,0,0.0096797924,0,0.0081770485,0,0.0023559304,0.003491319,0.0025400226,0,0,0,0,0.0067510409,0.0030791196,0.0051835184,0,0.0067531774,0.0087439585,0.0019760248,0.002528982,0.0018590024,0,0.0049370476,0.00044059931,0,0,0,0,0.014566282,0.030682838,0.0010624484,8.3929364e-05,0.015169891,0.010595345,0.0048247008,0.0010023068,0,0.014820226,0.013757894,0.042180214,0.0022587564,0.0015719725,0.004144114,0,0.013691755,0,0.02221447,0.0059444872,0,0,0.0034322757,0,0,0,0.0060144225,0,0,0.029496003,0.04856636,0.033645608,0.0066073863,0.01529226,0.030706951,0.020871392,0.061081976,0.095455825,0.057532974,0.0067544454,0,0.0066362866,0,0,0.0037520807,0.025600538,0.023922201,0.028403709,0.02275005,0.020616904,0.025602285,0.0085155247,0,0.018718239,0.0037976981,0.041928563,0,0.0052760681,0.0023600967,0.011789751,0.04382959,0.047178235,0.031180134,0.016979072,0.0092422785,0.0099225389,0.016763268,0.021618696,0.0037336044,0,0,0,0,0,0.0069978959,0,0,0,0,0,0,0,0,0,0,0.0041918261,0,0,0,0,0.0028527132,0,0.0028807069,0.0052928966,0,0,0,0.0066239377,0.002791042,0,0,0.002602668,0,0,0,0,0.013355352,0,0.005812143,0.0081917085,0.0048430627,0,0,0.0028271398,0.0086292811,0.00782621,0.010622664,0,0,0.0035596597,0,0,0.0012803356,0,0,0,0.00023961536,0,0,0,0,0,0,0,0,0.033703871,0.0036940486,0.0011813852,0.016135175,0.0071681053,0.006510912,0.051124621,0,0.0072492259,0.023084493,0,0,0.0022155172,0,0.013145052,0,0.0071746991,0.013455519,0,0,0,0,0,0.0066799275,0,0,0,0,0.0047497228,0.014419298,0.0089879036,0,0,0.011318991
0,0,0,0.0069928467,0.0061030677,0,0.0016315293,0,0,0,0,0.0038773164,0,0.0018642943,0,0.0056948806,0,0,0,0,0,0,0.0032425884,0,0,0,0.0031588445,0.0085019851,0,0.0014213385,0.014657254,0.010627247,0.0055515459,0.015313827,0.016196795,0,0.0072321058,0,0,0.0088184755,0,0.0076705618,0.0009650545,0.0065934407,0,0.0040737032,0.0049968543,0.011402945,0.0047384528,0.00017607342,0.0064486726,0.015558498,0.013163073,0.0048520686,0.0054430868,0.015801759,0,0,0,0.011137126,0.0087797586,0.01557484,0.022182101,0.023120841,0.027379012,0.0081473393,0.009497134,0.024269585,0.0092007909,0.012715787,0.011387338,0.00088368915,0.042181712,0.023388159,0.053380437,0.010272587,0.00038808491,0.012508154,0.00604583,0.010774747,0,0.019051855,0.0073638307,0.0012924013,0.0021932833,0.0040589278,0.016855353,0,0,0,0.0020906588,0.012176046,0.034733392,0.045904838,0.034824852,0.014310898,0,0.021941612,0.013910691,0.020770147,0.057877563,0.094984755,0.011123644,0,0.00063795497,0.0032457404,0,0.005014413,0.027637403,0.031034116,0.021766804,0.016680915,0.02646837,0.023841748,0,0,0.014383947,0.0074876659,0.0329099,0,0.0048842742,0,0.017867312,0.034317583,0.053578831,0.021638505,0.020978307,0.0066677006,0.0069022081,0.0080119334,0.022278033,0.011424839,0.0033090611,0,0,0,0.0036436929,0,0,0,0,0,0,0,0,0,0.012583052,0,0.0072778016,0.002085886,0.0024817653,0,0,0.0024455865,0,0.0059312107,0.0022515166,0.0048200348,0.012633353,0.0039440752,0,0,0.0072450629,0,0.007554031,0.013284862,0.017717015,0.0057334164,0,0.015776917,0.0040057749,0,0.015596656,0.011545906,0,0.00065265241,0.01296253,0.013401523,0.015859997,0.0060180831,0,0,0.0264876,0,0,0.00065830484,0.0020730305,0,0.00063476234,0.003141094,0,0,0,0,0,0,0,0.016287141,0.026083741,0.019949924,0,0.0032140636,0.013317826,0,0.026588093,0,0.0070917169,0.015661458,0,0,0,0,0.012238225,0.0048255329,0.0094379093,0.010274593,0,0,0,0.0017524047,0,0.0098920865,0,0,0,0,0.008963041,0.0067213937,0.0064031333,0,0.0051215929,0
0,0.0011994153,0,0,0.0041700467,0,0.014848059,0.011746091,0,0,0,0.0040879268,0.0025456683,0.0019883052,0.0064410055,0.0069416361,0,0.0013147604,0,0,0.0052993307,0,0.013859136,0.010855524,0,0.0011128793,0.0021519228,0.0047656759,0.00020551038,0.00021466895,0.0071052937,0.0080031585,0.0046369201,0.0084278127,0,0.009321318,0.001496602,0.010560459,0.017453993,0,0,0.01870841,0,0.022025188,0.01879612,0.0076983906,0.001167468,0.00076905603,0.0019882801,0,0,0,0,0,0,0,0,0,0,0,0,0,0.00053865963,0.0098666484,0.029801786,0,0,0.012175584,0.035199646,0.0040858644,0.034047898,0.0029507203,0.0085318852,0.016210468,0,0,0,0.015003638,0.0061320807,0.0057548443,0,0,0.021191668,0.0059465016,0.020693447,0,0,0,0,0,0,0,0.027124291,0.042222831,0.015193438,0,0.00041360021,0.00043075057,0.021782482,0.014802851,0.0055326549,0.010098713,0.067202054,0.046495445,0.0046407981,0,0,0,0.00066801568,0,0.007883219,0.031401757,0.015111616,0.017739041,0,0,0,0,0,0.013530302,0,0.013163224,0,0.010211518,0.0062323762,0.015583061,0,0.043627106,0.036605559,0.03128659,0.052140135,0.0087444065,0.0025813908,0.0062353555,0.004410415,0.0058551747,0,0.013013239,0.0095448773,0.0024023885,0.017274819,0.011552876,0,0.00086684246,0.011621032,0.012360862,0.0074365912,0.00051199587,0,0,0,0,0,0,0.0068008965,0,0,0,0,0,0,0,0,0.0019620478,0,0,0.0014136554,7.9700454e-05,0,0,0,0.037910409,0.0031622916,0.0059528835,0.015870456,0.0019329081,0,0,0,0,0.0013270292,0,0,0.0019628417,0.0036598123,0.0048694666,0,0.0041910019,0.023117851,0,0,0.0045297015,0,0,0,0,0.019219695,0,0.03293689,0.0049260682,0.0020241092,0.0013156992,0.019077314,0.012545504,0.0051035294,0.020828092,0.020891327,0.008292309,0.076575421,0.043154862,0.0080750575,0.016880196,0.0065242178,0.022603203,0.018211994,0,0,0,0,0.00030664372,0,0,0,0.013958029,0.0047248993,0,0,0.019437166,0,0.03129331,0.038092349,0.046151489
0,0,0,0,0,0,0.0069120191,0.0091207074,0,0.0013963196,0,0,0,0,0.0045563793,0.0016137057,0,0,0,0,9.2039641e-05,0,0.0075973743,0.014723944,0.0029314361,0.0020353238,0,0.00012437362,0,0.00084636948,0.0049956054,0.0027309388,0,0,0,0,0,0.00083688751,0,0,0,0.0010872872,0,2.2589538e-05,0,0,0,0,0,0,0,0,0,0.006968102,0,0,0,0,0.00055987726,0,0.043427479,0.0041034478,0,0,0,0,0,0,0,0,0.030512493,0.013042417,0,0,0,0,0,0.0056674299,0,6.827186e-05,0,0,0.012998586,0.0044864453,0.040410843,0.0001923235,0,0,0,0,0,0,0.0091311783,0.017794063,0,0,0.0018501438,0,0.0030397139,0.0030706243,0,0,0.046748467,0.18144059,0.011505057,0,0,0,0,0,0,0,0.003016925,0.0049665873,0,0,0,0.0038568608,0,0.016065018,0,0.014756878,0,0,3.1942232e-05,0.0066966661,0,0.012836004,0.026680583,0.037390906,0.024010768,0,0,0,0,0,0,8.7184904e-05,0,0,0.0039861044,0.00044829276,0,0,0.00021619683,0,0,0,0,0,0,0,0,0,0.00099205715,0,0,0,0,0,0,0,0.0029448161,0.011622278,0.028251883,0.0020052013,0,0,0,0,0,0.011714922,0,0,0.025639351,0.006787146,0,0,0,0,0,0,0,0,0,0.002180967,0.00056792004,0,0.019549945,0.004442309,0,0.00011721407,0.0011969616,0,0,0,0.010655089,0.011848891,0.010899109,0,0.00094511453,0,0.0012382516,0.0057225116,0,0.014455912,0.0072753481,0.00051660865,0.041671,0.14119585,0.011124013,0.012480486,0.00070024678,0,0.0046739178,0.010905606,0,0,0,0,0,0,0,0.0091366684,0.0003624557,0,0,0.0059245783,0,0.0047192569,0.021301333,0.019660098
0,0.0012118981,0,0,0,0.00013298662,0,0.0020150223,0.00021213507,0.0041832561,0,0,0.00027162873,0,0.0014443925,0.0038611512,0,0.0017024931,0,0,0,0,0,0.00061806937,0.0023806714,0.0033935192,0,0,0.0031546385,0.00054033223,0.0025010486,0.0012272005,0,0,0,0,0,0,0,0,0,0,0,0,0,0,0,0.00011957026,0.0044417037,0,0,0,0,0.012374845,0,0,0,0.0016631533,0,0.0013159793,0,0,0,0,0.00023214058,0,0,0.0016568683,0,0,0.0008281747,0,0,0.00047852113,0.0041461154,0.0016139426,0,0,0,0.00083757052,0.0007259741,0.0042834794,0.0064980038,0.040816192,0.0067243665,0.016809855,0,0,0,0,0,0,0,0,0,0,0,0.0034452796,0,0.011339078,0.0067745931,0.0008088437,0.0055297315,0.012234279,0.081447229,0,0,0,0,0,0,0,0,0.0056212815,0.0037259851,0.0012434532,0.00095544476,0,3.9282327e-06,0.016639272,0.00172699,0.024433788,0.0053073363,0.015898027,0.0023853099,0.0059988182,0.015018267,0.0027545351,0.011586253,0.027171114,0.0044464259,0.00084226317,0,0,0,0,0,0.002437237,0.00085291808,0,0,0,0,0,0,0,0,0,0,0.0020617142,0.0029536334,0,0,0.0001368745,0.0018729534,0,0,0.0077899313,0,0,0,0,0,0,0,0,0,0,0,0.00086004892,0,0.0014413621,0,0,0,0,0,0,0.00060363568,0,0,0,0,0,0,0,0,0.01024856,0,0.021201402,0,0,0,0,0,0,0,0.0016526229,0.0017171312,0,0,0.0081501538,0,0.0085345265,0.0027838324,0,0.0035946711,0.0015352198,0.0033227843,0.0012538515,0.053644825,0.0047592623,0.016608397,0.0044710161,0.00063699216,0.0027099107,0,0,0,0,0.0010594344,0.00093501946,0,0.00016658417,0.0029976061,0,0.0024023266,8.3699641e-05,0,0.00072656898,0.003986123,0.0012026498
0,0,0.0053598965,0.025903653,0.0058418135,0,0,0,0,0,0,0,0,0,0.0085749943,0,0.022665422,0,0.00030469534,0.016798653,0.0061796824,0,0,0,0,0.0058302185,0.0031999662,0.0046754,0,0,0.015831832,0,0.0055308868,0.0085720085,0,0,0,0.0073712692,0.001324193,0,0,0,0,0,0,0,0.0050285151,0.0074977661,0,0,0,0.0077800951,0,0,0,0.0081695784,0.0016104521,0,0,0,0,0.016847357,0.027945012,0,0,0,0.0030856552,0,0,0,0,0,0,0,0,0,0,0,0.0066683046,0,0,0,0,0,0,0,0.027510345,0,0.018042732,0,0.014382787,0.02388617,0,0,0,0.012053718,0,0.0043434538,0,0,0,0.0029069879,0,0,0,0.05646614,0,0.039980549,0.02057465,0.013462253,0.0062276414,0,0.01255255,0.016866852,0.0029609634,0,0.015867699,0.017330555,0.0088231927,0.0045974543,0,0,0.0090724286,0,0.0033817622,0,0,0,0.010235857,0,0,0,0.012089192,0,0.0029831554,0,0,0,0,0,0,0,0,0,0,0,0,0.004452046,0.009211706,0,0,0,0,0,0,0,0,0,0,0,0,0,0,0,0.0012211632,0.021217922,0.022378892,0,0,0,0,0,0,0,0,0,0,0,0,0,0,0,0,0.0018438855,0.0080866227,0,0,0,0,0,0,0,0,0.014014547,0,0.021066759,0,0,0,0.018138472,0,0.00067725067,0.0083198072,0,0,0,0,0,0,0,0,0,0,0,0.0080775889,0.00063173613,0.056574702,0,0.025640953,0.0099990238,0.0012229943,0.0081995036,0,0,0,0,0.0019067405,0,0,0,0.0044656312,0
0,0,0,0,0,0,0,0.0012615889,0,0,0,0,0,0,0,0,0,0.015917392,0.012389333,0,0,0.0037613672,0,0.0065693473,0,0,0,0,0.0037266302,0,0,0,0,0,0,0,0.0064575514,0,0,0,0.016672133,0,0.0020366036,0,0.010113394,0.004639301,0,0,0,0.0036503258,0,0,0.017600451,0,0,0,0,0.041032191,0.005433694,0,0,0,0,0,0,0,0,0,0,0,0,0,0,0,0,0,0,0,0,0.005803132,0,0,0,0,0,0,0,0.055099081,0,0.016750533,0.011596745,0,0,0,0,0,0.019215623,0,0.004589512,0.0023857276,0,0,0,0,0,0,0.052765388,0,0,0,0,0,0,0,0,0,0.0026299299,0,0,0,0.012879528,0.01175665,0,0,0.022582535,0,0.011876063,0,0,0.0026369938,0,0,0,0,0,0,0,0,0,0,0,0,0.016386785,0.025014972,0,0.0018462414,0,0,0,0,0,0.0029314626,0,0,0,0,0,0,0,0,0,0.0097188568,0,0,0,0,0,0,0,0,0,0,0,0,0,0,0,0,0,0,0,0,0,0,0,0,0,0,0,0,0,0,0,0,0.05903108,0,0,0,0,0,0.011616224,0,0,0.01561588,0.00037148836,0,0,0.01502922,0,0,0,0,0,0,0,0,0,0.099553257,0,0,0,0,0,0,0.0033524428,0,0,0,0,0,0,0
0.015857596,0,0,0,0.0042028865,0,0,0,0,0,0,0,0,0,0.0022179708,0,0.0077401139,0,0.0002328129,0.0061190515,0.0041663768,0,0,0,0,0,0,0,0,0,0.0030615176,0,0,0.0012822354,0.0036884528,0,0.0080218185,0,0,0,0,0,0,0.0067215813,0,0,0.013389979,0.02080588,0.0046328399,0,0.00117926,0.012590209,0,0,0.0021183193,0,0.0033184048,0,0,0.0066676349,0,0.010297431,0.016442001,0,0,0.00096883532,0,0,0,0,0,0,0,0,0.00043877558,0.0013219181,0,0,0.010964601,0,0,0,0,0,0,0,0.017538968,0,0.012945848,0,0,0.014839774,0,0,0,0,0,0,0.0061498629,0,0.0037862523,0.0049183196,0,0,0,0.040179409,0,0.061834089,0.050862718,0.035638351,0.018326573,0,0.025252048,0.016876936,0.0076196929,0,0.0097052138,0.019461527,0.013566591,0,0,0,0.011975816,0.0016762646,0,0.0095881587,0.0044253441,0.0038129811,0.017877977,0.0010056967,0.0089322235,0.0015085114,0.010207262,0,0,0,0,0,0,0,0,0,0,0,0,0,0,0.00010066479,0.0075828223,0.00036595497,0.0039565195,0,0,0,0,0,0,0,0,0,0,0,0,0,0.0014932107,0.011633208,0,0,0,0,0,0,0,0,0,0,0,0,0,0,0.0029732219,0,0,0.005066962,0,0,0,0,0,0,0,0,0,0,0,0,0,0,0,0,0,0,0,0,0,0,0,0,0,0,0,0,0,0,0.010242179,0,0,0,0.040917922,0.019494828,0.015617612,0.00095578906,0,0,0,0,0.0014942372,0,0,0,0.011496191,0
0,0,0,0,0,0,0.00068032695,0,0,0,0.00097817997,0,0,0,0,0,0.0053419834,0.00062878139,0.0037789289,0,0.0010536974,0,0.0014744286,0,0,0,0,0,0,0,0,0.0034396413,0.0028647289,0,0,0,0.0026023609,0.0033521992,0,0.0046593267,0.0060209129,0,0,0.002291146,0,0,0.0022845245,0.01942292,0.0032886672,0,0,0.010165912,0,0,0,0.0041444986,0,0,0,0,0,0.0017244332,0.0037341719,0,0,0,0,0,0,0,0,0,0,0,0,0.012704805,0,0,0,0,0,0.010988465,0,0,0,0,0.0030743107,0,0.0023399275,0,0,0.0065462687,0.024684587,0.015433779,0,0.01411204,0.0051554502,0.017197412,0.0045325677,0,0.024590842,0.026573937,0.0011976758,0,0,0.020445451,0,0.050277602,0.078597419,0.059148736,0.03746628,0.002020776,0.052350409,0.0468264,0.014822501,0,0.032664858,0.014396882,0.037257232,0.011768604,0.019807506,0,0.031208837,0.015273817,0.025680821,0.018978279,0.021486197,0.005032077,0.028976917,0.017104704,0.029073006,1.8857218e-06,0,0,0,0,0,0.0025452585,0,0,0,0,0,0,0,0,0,0,0.0080201738,0,0,0,0.0019143142,0.002454506,0,0.0021270078,0,0,0.0013922579,0,0,0,0,0,0,0.0028901473,0,0,0,0,0,0,0,0,0,0,0,0,0,0.011937603,0.0054396195,0,0.00042347814,0.0019947586,0,0,0,0,0,0,0,0,0,0,0,0,0,0.007002654,0,0.0031300299,0.0058750338,0,0,0,0.0018522221,0,0,0.01420279,0,0.00057889393,0,0,0.0053992542,0,0.033252198,0.015491812,0,0,0.019236136,0.031784318,0.018877497,0.01105568,0,0,0,0,0.023055792,0.0080414172,0,0,0.020263014,0.0064824596
0,0,0,0,0.0011136683,0,0,0,0,0,0,0,0,0,0,0,0.0073183598,0.0019016776,0.0076265633,0.0086734332,0.0017607569,0,0,0,0,0,0.00559755,0,0,0.00029631317,0.0042594178,0,0.0084940726,0.012143756,0.011174616,0,0,0.0087640174,0,0.025417548,0.00071090396,0.0095787747,0.0046760333,0.013308187,0.0030557765,0.0020468174,0.021230642,0.044238165,0.01918311,0.014710138,0.019344158,0.022237461,0.012362104,0,0.01785044,0.0085296389,0.005274903,0.0068473429,0.0042941617,0.0024753525,0.016161462,0.0073441565,0.0090444107,0.014823611,0.0056260778,0.0081775654,0.0065415562,0.0087032672,0,0.0094065899,0.0010063493,0.010056438,0.0080928104,0.001589217,0.015267918,0.044962239,0.0034614808,0.0081819473,0.013409598,0.0074306815,0.010325286,0.019068796,0.0040957285,0.0053513716,0.0054086628,0.0039362172,0.0038026883,0,0.0026524824,0,0.01204379,0.016632121,0.0083985683,0.0085602608,0.0002386955,0.0021708042,0,0.010443671,0,0,0.024065204,0.030730814,0,0,0,0.013402654,0,0.035132512,0.059931286,0.079534054,0.060583532,0,0.042314481,0.013233922,0.00315678,0,0.020976193,0,0.035888322,0,0.004704013,0,0.009478841,0.0081880596,0.0056557595,0.0022195517,0.011906245,0.0050945873,0.008215351,0,0.015308829,0,0,0,0,0,0,0,0,0,0,0,0,0,0.010153508,0.0050059468,0,0.014307953,0,0,0,0,0,0.016563576,0,0,0,0,0,0.0030618203,0,0.0091314502,0,0.011409746,0,0.007785744,0,0,0.0055041453,0.00093997782,0.0053195735,0,0,0.0035819691,0,0,0.0041429759,0,0.0077724457,0,0.032251306,0.00079789729,0.012635721,0,0.009306564,0,0.0082071088,0,0,0,0,0,0,0,0,0,0,0,0,0,0,0,0,0,0.0051784171,0,0,0.0042417045,0,0,0,0,0,0,0,0,0,0,0.032627121,0.0081664352,0.042152848,0.017055066,0,0,0,0.0026948354,0.00092154398,0,0,0,0.0062543242,0.010932837
0,0,0,0,0,0,0,0,0,0,0,0,0,0,0,0,0.00056983088,0.0099628046,0,0,0.0011941065,0.0021324777,0.0044923956,0.0049100341,0,0.00014422295,0,0,0.00022779623,0.0026455834,0,0.0035118654,0.010947664,0.0037142858,0.011104616,0.0088662161,0,0.0066355974,0.0052846586,0.041797217,0.0081727505,0.012216123,0.0086517055,0.01013711,0.0066973888,0.0066337809,0.014692565,0.020132435,0.01347329,0.010546568,0.011628797,0.011055722,0.014634485,0,0.0056235334,0,0.0033502565,0.014056869,0.0074285129,0,0.0075899502,0,0,0.024879608,0.01471166,0.0096708657,0.0086847674,0.01143258,0.01317327,0.0012209266,0.017202739,0.0078737643,0.0099857645,0.0029675183,0.0078148833,0.021533433,0.0083215525,0.015790645,0.0037512116,0.0060892603,0.0048490977,0.014749278,0.0096456977,0.0052271849,0.010540029,0.0040175365,0,0,0,0.009390939,0,0,0.018709535,0.01389,0.0032758671,0,0.0081388224,0.0083250906,0.0044226102,0.0076029836,0.028011793,0.021274071,0.0098770438,0,0,0.006211088,0,0.017847221,0.038279317,0.059891958,0.070848122,0.041627295,0.053045314,0.051427431,0.012161428,0,0.024965879,0,0.025122657,0,0.01597538,0,0.01743507,0.012061613,0.024919594,0.019858928,0.018421143,0.016047547,0.027676057,0.012764661,0.035185691,0,0,0,0,0,0,0.0093632722,0,0,0,0,0,0,0,0,0,0,0,0,0,0,0,0,0,0.0060554696,0.010226449,0,0,0.00014251567,0.011739919,0.0085779252,0,0,0,0,0,0,0,0,0,0,0.0035718114,0,0.0095475866,0.0031528841,0,0.0046582893,0,0,0,0.0024001843,0,0,0,0,0,0,0,0.0051301364,0,0,0,0,0,0,0.0047160601,0,0.0021513663,0,0,0,0,0,0.011834799,0,0,0.015851151,0,0,0,0,0.011312457,0.023942558,0.030476253,0.0032107967,0,0,0,0,0,0.015941057,0,0,0,0.0075189187,0.0077068703,0.01182512,0,0,0,0.026711401
0,0.004746763,0,0,0,0,0.00480913,0.0055856388,0.0011599986,0,0,0,0,0,0,0.0022940852,0.0085780192,0.0078667914,0,0,0,0.0014375661,0.0060252789,0.0087271556,0.0045624902,0.00096186547,0,0,0.0017709928,0,0,0.0056222938,0.013224919,0.0034410865,0.0034219411,0.0069990703,0,0.0061040623,0.014509439,0.018342644,0.0037192907,0.011373912,0.016118057,0.0055260947,0.004814751,0.017935516,0,0.0019521152,0.0021575138,0,0,0,0,0,0.001210616,0,0,0,0.00055134605,0,0,0,0,0.038312633,0.057450183,0.0025105423,0,0.017693702,0.033941675,0.00044477405,0.041812994,0.0051698582,0.01286452,0.029180538,0.0089082588,0,0,0.0098503754,0.0023306024,0,0,0,0.0085092811,0,0.018727776,0,0,0,0,0,0,0,0.027549833,0.035761464,0.02196591,0,0.0050054514,0.0061803842,0.018413385,0.018193832,0.021016954,0.015241702,0.03184849,0,0,0,0,0,0.0018022101,0,0.040501177,0.090727963,0.018121699,0.047771476,0,0.0032842732,0,0,0,0.0039899568,0.003977898,0,0.0013683473,0.013992056,0.016070073,0.036788765,0,0.045522679,0.021336684,0.020650435,0.043028265,0.019239653,0,0,0,0,0,0.012988652,0,0,0.0059883608,0.0092959637,0.0068334416,0.00013660119,0.0022949693,0.0050994717,0.016800135,0,0,0,0,0,0,0,0,0,0,0,0,0,0,0,0,0,0,0,0,0,0,0.0059160693,0,0.033376388,0.008437519,0.0045531923,0.022955513,0.0033610973,0,0.023419287,0,0,0,0,0,0,0,0,0,0,0.01461379,0,0,0,0,0,0,0,0.01179577,0.010813426,0.025268996,0.00096154271,0,4.8961432e-05,0.0100472,0,0.018519498,0.0011104835,0,0.014455411,0.021271776,0,0,0,0.00043000266,0.067777269,0.021079352,0.019472601,0,0,0,0.0030126097,0,0,0,0,0,0.01205846,0,0.02995469,0.01800964,0.042566251,0.026152661,0.045615122
0,0,0,0,0,0,0.0036057711,0,0,0,0.0016952956,0,0,0,0,0.00044859984,0,0.0017221017,0,0,0.00083693862,0.0029980619,0.0077268081,0.0036494951,0,0,0,0,0,0,0.003297576,0.0089432374,0.0028857917,0,0.0035528559,0,0.0043120668,0.002314203,0.0060349749,0.0022226356,0,0,0.0011790942,0.0034408495,0.0013333636,0,0.0011591,0.0014837232,0.0031596392,0.0058093173,0.0013195786,0.0020837549,0,0,0.0061242068,0,0,0,0,0.00057560031,0.004253895,0.00025330219,0.0010091129,0.00075208966,0,0,0,0,0,0.0030915791,0.0048115929,0,5.1758794e-05,0,0,0.017974269,0,0.014593345,0.0044583618,0.0040724175,0,0.013429035,0.013949069,0,0.0044736704,0,0,0,0.00088344386,0,0,0.0057765478,0.043152273,0.014492941,0.0018862493,0.00010962689,0,0.010528634,0.012883658,0,0.019968271,0.025683399,0.015322405,0.0035215034,0,0.012771441,0,0.024854483,0.052984215,0.041498907,0.052489169,0.01859149,0.046031892,0.053568862,0.023429941,0,0.03000373,0,0.038280956,0,0.026533136,0,0.024922099,0.025721867,0.027721435,0.026871625,0.028648028,0.0091576613,0.031113844,0.018597173,0.040283825,0.0011291523,0,0,0,0,0,0,0,0,0,0,0,0,0,0,0,0,0,0.0011186778,0,0,0,0,0,0,0,0,0,0,0,0,0,0.0034749676,0.00021852022,0,0,0,0,0,0,0,0,0,0,0,0,0,0,0.015444967,0,0,0,0,0,0,0,0,0.0027091545,0,0,0,0,0,0,0,0.019866692,0,0,0,0,0,0,0,0,0.0065684072,0,0,0,0.0053121941,0,0,0.019830285,0,0,0,0,0,0,0.034241296,0.017855404,0,0,0,0,0.019905355,0.017343262,0,0,0,0,0.021595368
0,0,0,0,0,0,0,0,0,0,0,0,0,0,0,0.0026139643,0.008941316,0.0094667878,0,0,0.0019493034,0,0.0016115071,0,0.0040439456,0,0,0,0,0,0.0038177124,0.0079274811,0,0,0,0,0,0,0,0.0023734113,0,0,0,0,0,0,0,0,0,0,0,0.0042435401,0,0,0,0.0015633276,0,0,0,0,0.00018610554,0,0,0,0.0057626665,0,0,0,0,0,0,0,0,0,0,0,0,0,0,0,0,0,0,0,0,0,0,0,0,0,0,0,0.059588749,0.052625209,0.002177798,0.011679467,0.0006544498,0.030658018,0.020571759,0,0.0239255,0.022345664,0.016880639,0.004986505,0.004742851,0.016563516,0,0.016560834,0.046666108,0.012407622,0.04997154,0.04696092,0.052296143,0.11228351,0.016849952,0,0.022615241,0.021807883,0.020771436,0,0.033022236,0,0.045042418,0.026236858,0.0575094,0.049858227,0.018687716,0.022450235,0.065345146,0,0.048930675,0.0046935836,0,0,0,0,0,0.00288552,0,0,0,0,0,0,0,0,0,0,0,0,0,0,0,0,0,0,0,0,0,0,0,0,0,0,0.0022169454,0,0,0,0,0,0,0,0,0,0,0,0,0,0,0,0,0,0,0,0,0,0,0,0,0,0,0,0,0,0,0,0,0.013980189,0.015919695,0.0034469131,0,0,0,0,0.0011057884,0,0,0.029648688,0.008440014,0.0073705777,0.00078566297,0,0.0073266835,0.022957521,0.053752773,0.06022073,0.0073989979,0,0.0041496255,0.03099275,0.0012618077,0.0067334175,0.00043489071,0,0,0,0.034667116,0.028125187,0.025870198,0.014420117,0.054940306,0.019228166
0,0,0,0,0,0,0,0,0,0,0,0,0.0061821551,0.0039192592,0,0,0.0021489395,0.0015106696,0,0,0.0024619848,0.006210723,0.0029900996,0.0010400004,0.0070956796,0,0,0,0.018700199,0.0094108758,0,0.0059199864,0,0,0,0,0,0,0,0,0,0.0038532694,0,0.0019381683,0,0,0.0044143526,0,0.0053360108,0.010123958,0.0051170727,0.0010291466,0.0021146794,0,0,0.002862785,0,0,0,0,0,0,0,0,0,0,0,0,0,0,0,0,0,0,0,0.0067826188,0.0012015395,0,0.0007467515,0.01441575,0.00126902,0.0020085049,0.0018499047,0,0,0,0.0035625312,0.011603396,0,0.0022450951,0,0,0.0053857691,0,0,0,0.0049669682,0.0049538845,0.014725831,0.0035740144,0.0085085165,0,0,0,0.003916346,0.0035981697,0,0.0079126693,0.015952226,0.0033862256,0.012635991,0,0.02432343,0.018229077,0.021796783,0.010034311,0.0072315047,0.0027239637,0.013735523,0.013593997,0.014778912,0.010215819,0.017718563,0.0079731047,0.0087684523,0.0053119389,0.016034367,0,0,0,0,0.0093980068,0,0,0,0,0,0,0,0,0,0,0,0,0,0,0,0,0,0,0,0,0,0,0,0,0,0.0018086642,0,0,0,0,0,0,0,0,0,0,0,0,0,0,0,0,0,0,0,0,0,0,0,0,0,0,0,0,0,0,0,0,0,0,0,0,0,0,0,0,0,0,0,0.0041398639,0.0007241657,0,0.0031113829,0.0035103429,0,0.00094809831,0,0.00038337478,0.0024948039,0,0.015603779,0,0.014327375,0,0,0,0,0,0.0053206617,0,0,0,0.010474718,0.012704261,0.011806204,0.0015830556,0,0,0,0.0038788666
0,0,0,0,0,0,0,0,0.010612366,0.0046495884,0,0,0.00072247995,0,0,0,0,0.013247731,0.0047100089,0,0,0.0041018361,0,0.0054415828,0,0,0,0,0.0060710525,0,0,0,0,0,0,0,0.0025145472,0,0,0,0,0,0.0047414158,0,0,0,0,0,0,0,0,0,0,0,0,0,0,0,0,0,0,0,0,0,0,0,0,0,0,0,0,0,0,0,0,0,0,0,0,0.0040832465,0,0,0,0,0,0,0,0.064304464,0,0,0,0,0,0,0,0,0.015003838,0,0.017863533,0.00025790834,0,0,0,0,0.00089025515,0,0,0,0,0,0,0.0031140044,0,0,0.009678619,0.030821383,0.0035220315,0,0,0.0024135204,0.031943686,0.013289196,0,0.0042516729,0.0078181112,0.0054883426,0.011390807,0,0.0026612286,0.012222284,0,0,0,0,0,0,0,0,0,0,0,0,0,0,0,0,0,0,0,0,0,0,0,0,0,0,0,0,0,0,0,0,0,0,0,0,0,0,0,0,0,0,0,0,0,0,0,0,0,0,0,0,0,0,0,0,0,0,0,0,0.053581826,0,0,0.0012522747,0,0,0,0,0,0,0,0.004837675,0,0.0079797832,0.00057530188,0,0,0.0089568216,0,0,0,0.0044272006,0,0,0,0,0,0,0,0,0,0,0.070382155,0.0019532447,0.0044856863,0.013152723,0,0.0014464457,0,0,0,0
0,0,0,0,0,0,0,0,0,0,0,0,0,0,0,0,0,0.0055449223,0.0038468414,0.0014790886,0,0.0037367251,0.0026875783,0.0035171316,0,0,0,0,0.0017365457,0,0.0015615647,0.0046413401,0,0,0,0,0.011000085,0,0,0,0.0083883917,0,0,0,0,0,0,0,0.0043823458,0.002160355,0,0.00048413515,0.008050086,0,0.003435621,0,0,0.0073809526,0,0,0,0,0,0,0,0,0,0,0,0,0,0,0,0,0,0.0066543133,0,0,0,0.014679112,0,0.024032023,0,0,0,0,0,0.0012498604,0,0.0083344262,0.0056152917,0.0021565047,0.0077357716,0,0,0,0.0014443871,0.0044965581,0,0,0.018832866,0.014215504,0,0,0.00099550828,0.016621623,0.0028916881,0.010145293,0.033899181,0.021516588,0.025533829,0,0.030788725,0.023874249,0.0071031945,0.003984387,0.036061503,0.012892304,0.054600406,0.002525792,0.028606614,0.0063393591,0.016954167,0.015212825,0.029402504,0.0078188442,0.033913329,0,0.011577792,0.009865718,0.0056671416,0,0,0,0,0,0,0,0,0,0,0,0,0.0084875692,0,0,0,0,0,0,0,0,0,0,0,0,0,0,0,0,0.0098714139,0,0,0.00090945011,0,0,0,0,0,0,0,0,0,0,0,0,0,0,0,0,0,0,0,0,0,0,0,0,0,0,0,0,0,0,0.0039568497,0,0,0,0,0,0,0,0,0,0.0061108829,0,0,0.013456419,0,0,0,0,0.0060608801,0,0,0,0.0016139854,0,0,0,0,0.042880882,0.0023000115,0,0,0.0084754918,0.0085218493,0,0,0,0.0048222025,0
0,0,0,0,0.0016214252,0,0,0,0,0,0,0.00042073027,0,0,0.014842257,0,0.014321457,0,0.0016818369,0,0.0017886047,0,0,0,0,0,8.1702288e-05,0.012314255,0,0,0.018170346,0,0,0,0.0041157673,0,0.0016289521,0.0048794104,0.0040617725,0,0,0,0,0,0,0,0.0049544401,0,0,0,0,0,0,0,0,0,0,0,0,0.0040429356,0,0.014967471,0.0084613618,0,0,0,0,0,0,0.0049161594,0,0,0,0,0.0011232351,0,0,0,0,0,0,0,0,0,0,0,0.012690517,0,0.014980197,0.0033226262,4.2747954e-05,0.0074205957,0,0,0,0.018517368,0.00034499558,0.016785614,0,0,0.0027799478,0.0067412704,0,0.0038658504,0,0.0168299,0,0.018993463,0.013630079,0,0,0,0,0.021044927,0.0017094456,0,0.011885699,0.078555666,0.0035879132,0.01896539,0.0041303691,0,0.0017830885,0,0.0051708543,0.01059399,0,0.004267686,0.015591209,0.0037916,0.016297735,0,0,0,0.0078512207,0,0,0,0,0,0,0,0,0,0,0,0,0,0,0,0,0,0,0,0,0,0,0,0,0,0,0,0,0,0,0.012855144,0,0,0,0,0,0,0,0.0026252596,0,0,0,0,0,0,0,0,0,0,0,0,0,0,0,0,0,0,0.053096164,0.0080700107,0,0,0,0,0,0,0,0.0089736143,0.0017476801,0,0,0,0,0,0.0017211437,0.0026361463,0,0,0,0,0.0029599643,0,0.014463561,0,0,0,0,0,0,0.012658788,0,0.0023805252,0.0034968902,3.3661872e-05,0,0.00024671128,0.011905221,0.0001248567
0,0,0,0,0,0,0,0,0,0,0,0,0,0,0.0023487401,0.0030840111,0.0012992506,0.003959191,0.0061894814,0,0,0,0.0066202977,0,0,0,0,0,0.0029235149,0.00086722255,0.0048095058,0.013517654,0,0,0,0,0.0056012794,0,0,0,0.0045403251,0,0.002985683,0,0,0.00052107626,0,0.0096881315,0.0063845068,0.0034191527,0.00095318444,0.0054572839,0.0038129366,0.0030811178,0.0010709742,0,0,0.0055618109,0,0,0.00027788352,0,0,0,0,0,0,0,0,0,0,0,0,0,0.012748388,0.011977802,0,0.0036551417,0.0018864535,0.022093207,0,0.051773161,0.0083045419,0,0,0,0,0,0,0.0062172748,0.0041406443,0.0049362723,0.02315815,0.008579772,0,0,0.0023660129,0.028522721,0.0065154647,0.017355228,0.042439587,0.03307046,0,0,2.779899e-06,0.0098174689,0,0.014108595,0.039230529,0.036689702,0.026114557,0,0.039695669,0.022766365,0.014166591,0,0.055275224,0.0049334569,0.10791001,0.0043416098,0.023913991,0.0050005531,0.035827074,0.027073929,0.031269431,0.010880544,0.046601541,0,0.012542908,0.0087427227,0.0076986067,0,0,0,0,0,0,0,0,0.00075868063,0,0,0,0,0,0,0,0,0,0.0025880716,0.00090154941,0,0,0.0014439785,0.0018959809,0.0015781239,0,0.0022905672,0,0,0.0056780977,0,0,0.00085196953,0,0,0,0,0,0,0,0,0,0,0,0,0,0,0.0036111691,0.0075631002,0.0067302212,0,0.00087580038,0,0,0,0,0,0,0,0,0,0,0,0,0,0,0,0,0,0.0030737116,0,0,0,0.0015124538,0,0,0.0091537032,0,0,0,0.00023182303,0.011766411,0,0.011921995,0,0,0,0.0026672161,0.019398596,0.021444766,0.037219472,0,0,0,0.009654114,0.010933445,0,0,0,0.0032644079,0
0,0,0,0,0,0,0.0055868202,0,0.0050846655,0.008594634,0,0,0.0058876122,0,0.011244531,0.0058738748,0,0.0063439878,0.002476756,0,0,0,0.0025478257,0.0056593223,0.0063210269,0.0066367239,0,0,0.004200282,0,0.010059365,0.0051410925,0,0,0,0,0,0.0037569958,0,0,0,0.0030061647,0,0.00025770854,0,0,0.00041743024,0.0080577778,0,0,0,0,0,0.0052172723,0,0,0,0,0,0,0,0,0,0,0,0,0,0,0,0,0.0018297329,0,0,0,0,0,0,0,0,0.0040841168,0,0,0.018130857,0.01582389,0.01078679,0,0,0,0.00087515375,0,0,0,0,0,0,0,0.0094646206,0,0.016837429,0.001711773,0,0,0.014282852,0.016775008,0.016275834,0.004283953,0,0,0.011659421,0,0,0.0040691854,0,0,0.012340648,0.0024609398,0.0018018695,0.019550741,0.0035396118,0.058614604,0.040673684,0.050539237,0.025884863,0.01660442,0.012457269,0.023994235,0.0047987569,0.019509086,0.035543777,0.037117284,0.019140115,0,0,0,0,0.0023712546,0,0.00097247335,0,0,0,0,0,0,0,0,0,0,0,0,0,0,0,0,0.008050344,0,0,0,0,0,0,0,0,0,0,0,0,0,0,0,0,0,0,0,0,0,0,0,0,0,0,0,0,0,0,0,0,0.00199993,0.0032893051,0,0,0,0.0065303161,0,0,0,0,0,0,0,0,0,0.0043304153,0,0,0.01948854,0.0040364317,0,0,0.012638119,0.0081865061,0.023025328,0.011000181,0,0,0,0,0,0,0.002099588,0,0.0070834965,0,0.049651086,0.013808535,0.024424285,0.025252625,0.013939351,0.010932406,0.011586489,0.025519261,0.0097298939
0,0.012577373,0,0,0,0,0.0021683583,0.0033736981,0,0.0060544414,0,0,0.00010808036,0,0,0,0,0.013416129,0,0,0,0,0.0063215629,0.0050100563,0.0088490425,0,0,0,0.0026858137,0,0,0.0015927994,0,0,0,0,0.0049467376,0,0,0,0,0,0.0035461187,0,0.0030124434,0.0050908336,0,0,0,0,0,0,0.0010658577,0.0016173359,0.0017390834,0,0,0.012644231,0,0,0,0,0,0,0,0,0,0,0,0,0,0,0,0,0,0,0,0,0,0,0,0,0.013648349,0,0,0,0,0.013782613,0,0,0.0055186851,0,0,0,0,0,0.013859807,0.0098799597,0.033008903,0,0.00507836,0.004571883,0,0,0.0012914783,0,0.013242364,0,0.019986633,0.0043655504,0.015376548,0.0042842831,0.025971612,0.033578943,0.013619485,0.032350436,0.027615409,0.0050109508,0.022271018,0.040598847,0.11558084,0.03462014,0.057191201,0.032925166,0.030859167,0.024882494,0.030391762,0.0061042225,0.042369775,0.03255441,0.023219839,0.0051886747,0,0,0,0,0.0016595308,0,0,0.0079818713,0,0,0.0020605088,0.0050462778,0,0,0,0,0,0,0,0,0,0,0.0025169845,0,0,0,0,0,0.012373555,7.5178273e-06,0,0,0,0,0,0,0,0,0,0,0,0,0,0,0,0,0,0,0.0018065434,0,0,0,0,0,0,0,0,0,0.016765149,0,0,0.0031212233,0.002670269,0,0,0,0,0,0,0,0.0044193109,0,0,0.0020607333,0.0023566266,0.020052977,0,0,0,0.013941172,0.010996286,0,0.026049923,0,0,0,0,0,0.0078803245,0.01993056,0.026424382,0.015180754,0.011586232,0.070186876,0.045204662,0.017397974,0.01707557,0.0020639987,0.027166206,0
0,0.0029985136,0,0,0,0,0.016941281,0.010353676,0.012067156,0.0076451697,0.00013603293,0,0.01085058,0.0026411326,0,0.004879402,0,0.0043350076,0,0,0,0.005026944,0.018647175,0.016418386,0.0050969655,4.8913167e-05,0,0,0.0116531,0.0033808202,0,0.0055613918,0,0,0,0,0.0062894085,0,0.0023480793,0,0.0040674242,0.0073761493,0.0039603789,0,0.0079080481,0.0040412792,0,0,0.010893169,0,0,0,0.019117145,0.021228204,0,0,0,0.015699441,0.0025135165,0,0,0,0,0,0,0,0,0,0.0022044459,0,0.0089779655,0.0048694322,0.0037170234,0.0090371063,0,0,0,0,0.00045985234,0.033850927,0.017706927,0,0.035856474,0.061850071,0.033658572,0.012941593,0,0.0042077862,0,0,0,0,0.0027396681,0,0,0,0.016239416,0,0.020787809,0.019621018,0.001909492,0,0.014928335,0.016263474,0.024184447,0,0.011889298,0,0,0,0,0,0,0,0.009182184,0.013069978,0.0055121952,0,0.0041707316,0.051051863,0.034704365,0.088356078,0.0023818207,0.042557936,0.0075105401,0.01061155,0.016186487,0.0020432384,0.014271011,0.032383054,0.0092745991,0,0,0,0,0.003345551,0,0.0059544127,0,0,0,0,0,0.01224914,0.0059317332,0.0068769259,0,0,0,0,0,0,0,0,0.019466382,0,0,0.0035730836,0,0,0,0,0,0,0,0,0,0,0,0,0,0,0,0,0.004605379,0,0,0,0,0.0044226907,0.014502568,0.0086144265,0,0,0,0.026801441,0.011523107,0.016886115,0.021279642,0.016189203,0,0,0,0,0,0,0.010426038,0,0,0,0,0,0,0.01913004,0,0.033180125,0.014620326,0.0074812919,0.011476592,0.011180026,0.0078490963,0.051375486,0.01838972,0,0,0,0,0.011809875,0,0,0,0.0048407912,0.0069487905,0.015724698,0.033485286,0.014056896,0.0054748263,0.0038752332,0.0017246334,0,0,0.0053360383
0,0,0,0,0.0014478719,0,0,0,0,3.3489883e-05,0,0,0.006175444,0,0.0052831685,0.0091342796,0,0.0027468151,0,0.0022854549,0.0017667946,0,0.0035584539,0,0,0.0039095124,0,0,0.011452722,0.0010460607,0.0085605411,0.014315222,0,0.0051678503,0.0018305086,0,0,0,0,0,0,0,0,0,0,0,0,0.0064306417,0.0015804041,0,0,0.0068561221,0,0.0019649535,0,0.0021029322,0,0,0,0,0,0,0.0017994407,0,0,0,0,0,0,0,0,0,0,0,0,0,0,0,0,0,0,0,0.018673943,0,0,0,0.0039152624,0,0,0,0,0,0,0,0,0,0,0.021969238,0.0091374125,0.0043389308,0.011645754,0.017580386,0,0,0.0048655337,0.0094204638,0,0.012302486,0.031898011,0.009767578,0.017227504,0.0013431378,0.024483802,0.045894418,0.016864173,0,0.016280551,0.002949036,0.034434147,0.025783744,0.057575364,0.0024544513,0.13732542,0.063700333,0.038966674,0.043807711,0.044356845,0.0042397203,0.045198273,0.028510496,0.020236718,0.0071333894,0,0.00047718565,0.00033116134,0,0,0.0022652182,0,0,0,0,0,0,0,0,0,0.0045254636,0,0,0,0,0,0.0021405802,0,0,0,0,0.0032640272,0,0,0,0,0,0.0016080022,0,0,0,0,0,0,0,0,0,0,0,0,0,0,0,0,0,0,0,0,0,0,0,0,0,0,0,0,0,0,0,0,0,0,0,0.0033637006,0,0.0018991794,0,0,0.0045631593,0.0025631906,0.012922036,0,0,0,0,0.016308486,0,0.027409896,0.014025614,0,0,0,0.01992414,0.0082898941,0.012539184,0,0.016683407,0,0.042180773,0.068307951,0.017999608,0.008705141,0,0.029137963,0
0,0.0037150104,0,0,0,0,0.010601847,0.003992348,0,0,0,0,0,0,0,0.006715829,0,0.0057434086,0,0,0,0,0.016234882,0.0081255119,0,0,0,0,0.00015724795,0,0,0.014738118,0,0,0,0,0.0064803166,0,0.0046515875,0,0.0032798841,0,0,0,0,0,0,0,0,0,0,0,0.0035742309,0.003443995,0.0032937475,0,0,0.0060447864,0,0,0,0,0,0,0.0083710272,0,0,0,0,0,0,0,0.0076015061,0.010249184,0.0068394775,0,0,0.002762469,0,0.018744588,0,0.010078313,0.014896965,0.018733092,0,0,0,0.0028484848,0,0,0,0,0.040356878,0.036104787,0.018369952,0,0.013631386,0.027073447,0.032469861,0.029999429,0.044335384,0.034466602,0.010214957,0,0.015523272,0,0,0.0013918394,0.016066555,0.007738559,0.011629561,0.014860146,0.026154209,0.027784124,0.0074134222,0.0044112629,0.015181269,0,0.026624328,0.01630589,0.033199571,0.042269409,0.064176455,0.13720122,0.040858544,0.034652114,0.064251065,0.0051566055,0.014148419,0.026852677,0.021017347,0,0,0,0,0,0,0.0035753767,0,0.00078529248,0,0,0,6.588627e-05,0,0,0,0,0,0,0,0,0,0,0.00044986737,0,0,0,0,0,0.0074477904,0,0,0,0,0,0,0,0,0,0,0,0,0,0,0,0,0.010542335,0,0,0,0,0,0,0,0.0076184692,0,0,0,0,0,0,0,0,0,0,0.011801222,0.016246498,0.018365916,0,0.013236353,0.012487677,0.0081661008,0.012444863,0.028016469,0.0078414176,0.02294594,0.03629994,0,0,0.013734336,0.017425422,0.057489835,0,0.010853752,0.01751275,0,0.0045530824,0,0.0066877701,0.0031830515,0.011281097,0,0.0038149846,0.0084428024,0.013173757,0.024494957,0.018948028,0.018448267,0.00020527057,0.0079375878,0.0088098086
0,0,0,0,0,0,0.0047044875,0.0040067793,0,0,0,0,0.00011061241,0,0,0.0042153806,0,0.012066652,0,0,0,0,0.0069191745,0.0085267816,0,0,0,0,0,0,0,0.0084381867,0,0,0,0,0.0090418654,0,0,0,0.011235664,0,0,0,0,0,0,0,0,0,0,0,0.0060691657,0,0,0,0,0.015153266,0,0,0,0,0,0,0.00014529015,0,0,0,0,0,0,0,0.0012237576,0.014507225,0,0,0,0,0,0,0,0.0066798069,0.018043811,0,0,0,0,0,0,0.0030269183,0,0,0.048343249,0.0307403,0.0086726528,0,0,0.024911877,0.021897469,0.018912492,0.045257848,0.05173539,0.005370276,0,0.00152886,0.0032491728,0.022899736,0,0.025486255,0.0045293667,0.023525324,0.015432286,0.026786406,0.057825364,0.0075798621,0.007969494,0.028335452,0.0058322577,0.029239085,0.01177194,0.030466074,0.0068558878,0.03847263,0.038819931,0.10634764,0.064517729,0.03132749,0.00044705457,0,0.033103012,0,0,0,0,0,0,0,0,0,0.0042605316,0,0,0,0.0080954516,0,0,0,0,0,0,0,0,0,0,0,0,0.00031160229,0,0,0,0.0090920394,0,0,0,0,0,0,0,0,0,0,0,0,0,0,0,0,0,0,0.003142402,0,0,0,0,0,0,0,0,0,0,0,0,0,0,0.0092549846,0,0.0051827664,0.0018862315,0.0065625133,0,0.0051082843,0,0.00095812854,0.0023902277,0.010012912,0,0.018990401,0.049102854,0,0.002584354,0,0.0025589415,0.020427441,0.0053142789,0.028546372,0.036764845,0,0.022242242,0,0,0.0054011806,0.014003297,0,0.0032988179,0,0.019399004,0.026418183,0.020932803,0.022040393,0,0.024512727,0
0,0,0,0,0,0,0.0034636117,0.0009354424,0,0,0.00072404911,0,0,0,0.0047913403,0.0037758693,0,0.010630475,0,0,0,0.00094934797,0.0068447599,0.0059921499,0,0.0075094597,0,0,0,0,0.0069320747,0.0086568911,0,0,0,0,0.0020636155,0.00048834848,0.0021415544,0,0.003291843,0,0,0,0,0,0,0.0037940622,0,0,0,0.0015800413,0,0,0.0013845924,0,0,0.0055878842,0,0.0024882092,0,0,0,0,0.0096984887,0,0,0,0.0021751961,0,0,0,0.0075696744,0.041126832,0.0045448998,0,0,0,0,0,0,0,0.031858809,0,0.0013469141,0,0,0,0,0,0,0,0.036834888,0.030447844,0.013374852,0.0030844375,0.013029404,0.012203726,0.028987829,0.025934547,0.029561719,0.020205436,0.015558556,0.0067545427,0.0050560236,0,0,0.0090183839,0.018175583,0.00091183139,0.018468006,0.036606524,0.025604913,0.049840912,0.00381191,0.0056155222,0.0063088252,0.010933412,0.0090058586,0.023312112,0.024012644,0.0096201133,0.042882852,0.032805745,0.064296313,0.10255711,0.029279143,0.032332551,0.039951179,0.040904742,0,0.0085125975,0,0,0,0,0,0,0,0.00075222127,0,0,0,0,0,0,0,0,0,0,0,0,0,0,0,0,0,0,0,0,0.0028703832,0,0,0,0,0,0,0,0,0,0,0,0,0,0,0,0,0.013564089,0,0,0,0,0,0,0,0,0,0,0,0,0,0,0.0068474025,0,0,0,0.0011376479,0,0.018880866,0,0,0,0.017129604,0.0022582954,0.011550186,0.0017817065,0.016996181,0.029576246,0,0.0089089833,0.0057761008,0.0093293209,0.017889824,0,0.027927667,0.032019131,0,0,0,0.011813296,0,0,0,0.014736978,0,0.024941452,0.020724762,0.051101148,0.045274537,0,0.038053699,0.028812319
0,0.0030506137,0,0,0,0.00034321909,0,0,0,0,0,0,0.0075678043,0,0,0.0019913542,0,0.0047116848,0,0,0,0.0030667279,0.0046094107,0.0063174879,0,0,0,0,0.012595651,0.0038140924,0,0.008826335,0,0,0,0,0,0,0,0,0.00114831,0,0.0034410027,0,0.003878484,0.0016551672,0,0,0,0,0,0,0.01862525,0.0081332903,0,0,0,0.015176991,0.0025535394,0,0,0,0,0,0,0,0,0,0,0,0,0,0.00064985332,0.01177495,0,0.0024501875,0,0,0,0.0058549186,0,0.027134597,0.021611102,0.021111015,0,0.024949679,0,0.0032551724,0,0,0,0,0.014545666,0,0,0,0.00063674472,0.003122488,0.017258935,0.0085772211,0.017185543,0.020973708,0,0,0.01471886,0,0.012139546,0.0043190513,0.022165973,0.012260422,0.018531544,0,0.028752437,0.01917297,0.015433928,0.011332335,0.033797398,0,0.046106342,0.0045917439,0.030730356,0.016286984,0.044730142,0.064068027,0.032152791,0.030093525,0.17118162,0,0.0089721102,0.014336218,0.0088349869,0,0,0,0,0,0,0,0,0,0,0,0.00025333645,0,0,0,0,0.00083911902,0,0,0,0.0018937379,0,0.001813187,0.0030258964,0.00056039297,0.0075793462,0,0,0,0.013747299,0.0019976166,0,0,0,0,0,0,0,0,0,0,0,0,0,0,0,0.0043846783,0,0,0.00098295754,0,0,0,0,0,0,0,0,0.018842787,0,0,0,0,0.0055486308,0,0.00010851752,0,0,0,0.017688463,0,0,0,4.1026356e-05,0.0027687014,0.014041716,0.020836147,0,0,0.0043707145,0.012344426,0.054180913,0,0.0071251681,0,0,0.013079288,0,0.0054789055,0.018590758,0.016266655,0.014212117,0,0,0.005799274,0.017569721,0.0033621956,0.0099238371,0,0.00032219867,0
0.010680378,0.0064978315,0.0011967293,0.0018248027,0.0058907969,0.00021731872,0.0056241276,0.0037295031,0,0,0.00088354497,0,0,0,0.0042662555,0,0.0099946605,0.010832163,0,0.0028907084,0.0083845872,0,0.0048633344,0.005208652,0.0021035485,0.0019789338,0.0026091821,0,0,0,0.0045191194,2.9046973e-06,0.023760237,0.015476143,0.0041446793,0.01861082,0.0017022329,0.03874319,0.019410221,0.0053463522,0.00040737452,0.032696802,0.0012520422,0.039282773,0.022577545,0.010647349,0.0071083815,0.01361913,0.0094555132,0,0,0.0067144176,0,0.0034559078,0.0027077752,0.0085644461,0,0,0,0,0.004962503,0.0043370333,0.0061588394,0,0.0111798,0,0,0,0.011146793,0,0.021007929,0,0.0010704049,0.010784348,0,0,0,0,0.0025540171,0,0,0,0,0,0.015711432,0,0,0,0,0,0,0.0020533425,0,0.014416391,0,0.0023771902,0.00036756886,0,0.0063065188,0,0.0089861006,0.0065635219,0.046596676,0.01470005,0.0027669813,0,0,0.0032369625,0.0055189012,0.0037017136,0.016284445,0.047671258,0.010117616,0.024443964,0,0,0,0.0050445558,0,0.020405924,0.0065954872,0.0025401895,0.0047092736,0.0059925136,0.0018770217,0.033815272,0,0.071912691,0.056275506,0.029016649,0.042967286,0.032875355,0.0024232997,0.025447324,0.012282478,0.013386749,0.0016970111,0.01648923,0.028647909,0.0026239865,0.016296668,0.024575423,0,0.0044954573,0.022085125,0.013675434,0.0041787266,0.0055926251,0.0056520915,0.0040333616,0.0049032168,0,0,0,0.0041460693,0,0,0.0022217836,0,0,0,0,0,0.0031929179,0.005041942,0.0057472279,0.0054112789,0.0072521619,0,0,0,0.015350935,0,0,0.0093539935,0,0,0,0,0,0.0025577717,0,0,0.0015164559,5.3158175e-05,0,0,0,0.011386698,0,0,0.0032763258,0.005344416,0,0,0.0022851741,0,0,0.01370768,0.004125006,0,0,0.010001305,0,0.0032647389,0,0,0,0.032131422,0.012854506,0.002039975,1.5617388e-05,0,0.04305689,0.022215892,0.015982069,0.0055738539,0,0.0032448396,0.00055737339,0,0,0,0,0,0.011130883,0.0027650173,0.032085758,0.015374321,0.068672158,0.046884198,0.040187351
0.0092851724,0.0068382761,0,0,0.0023323465,0,0.0022561951,0.0014543569,0,0,0,0,0,0,0.0027216373,0.0018945778,0.0067402087,0.0095923664,0,0,0.0052094557,0,0.0054925745,0.0043128603,0.0035155383,0.0024369431,0,0,0,0,0.0039569368,0.0054985583,0,0.0016248885,0,0,0.0035901926,0.0069927038,0.0035039466,0,0,0.0012722932,0,0.0010041737,0,0,0,0.0050419266,0.0011858902,0,0,0.0015258354,0,0.0064142211,0,0.0026308736,0,0,0,0,0,0,0,0,0,0,0,0,0,0,0,0,0,0,0,0,0,0,0,0,0,0,0,0.0034380802,0.00525682,0,0,0,0,0,0,0,0.011517955,0.013933244,0,0.0021797791,0,0.011563702,0.01286986,0,0.0083043417,0.0057432652,0.036145899,0.02666905,0.010655283,0.0095040482,0,0.016860221,0.028346017,0.0065768263,0.02584813,0.020331345,0.029877454,0.064741567,0,0.0027146293,0.010100616,0.015973425,0.010741172,0.034695219,0.041353852,0.013532035,0.04408703,0.013420393,0,0.039343677,0.0085807275,0.053178657,0.06361486,0.068426318,0.06924472,0.01116692,0,0.001739746,0,0,0.0027233947,0.0065700011,0.0022312158,0.0042581479,0,0,0,0,0,0,0,0.0010381815,0,0,0,0,0,0,0,0,0,0,0,0,0,0,0,0,0,0,0,0,0,0,0,0,0,0,0,0,0,0,0,0,0,0,0,0,0,0,0,0,0,0,0,0.0038688011,0.0058446685,0,0,0,0,0,0.0052367663,0,0,0.0010800778,0.0087726507,0,0,0,0,0,0.020975864,0.021609081,0,0,0,0.023424052,0.046815537,0.038197692,0.012797439,0,0.0034525979,0.019342009,0.0017031773,0.001542859,0,0.019650895,0,0.028057942,0.033278741,0.030127227,0.014950735,0.029128376,0.073736951,0.029512689
0,0.0079447627,0,0,0,0,0.0065601631,0.0075745634,0,0,0,0,0,0,0,0.0050260788,0,0.01217919,0,0,0,0.00013857178,0.0078922501,0.0096951956,0.0035003938,0.002996529,0,0,0.0031966362,0,0,0.0061274217,0,0,0,0,0,0,0,0,0,0,0,0,0,0,0,0.00064238894,0,0,0,0,0,0.0074760057,0,0,0,0.003413738,0,0,0,0,0,0,0,0,0,0,0,0,0,0,0,0,0,0,0,0,0,0,0,0,0.0033242744,0.0094817551,0.016743602,0,0,0.0020845486,0,0,0,0,0.032841768,0,0.0020588979,0,0,0.016474806,0.020082578,0.010138275,0.015288876,0.0067236023,0.029884348,0.036646076,0.025728336,0,0.0030858221,0,0.016452014,0,0.010578306,0.019181829,0.01736597,0,0,0.012027993,0.0087728472,0.0038235341,0.0072790198,0.035542015,0.031418405,0.030670887,0.027654808,0.025446972,0.032868233,0.040157061,0.014188108,0.02584064,0.06799747,0.045152012,0.043060742,0.0039954903,0,0,0,0,0,0,0,0,0,0,0,0,0,0,0,0.0013297866,0,0,0,0,0,0,0.00087523396,0,0,0,0,0,0,0,0,0,0,0,0,0,0,0,0,0,0,0,0,0,0,0,0,0,0,0,0,0,0,0,0,0,0,0,0,0,0,0,0,0,0.0045610312,0,0.017934658,0,0,0.010355973,0.006373466,0.0059206192,0.0046994505,0,0.013415555,0,0.020871229,0.026842451,0.0096396841,0.0081014978,0.0097630396,0.01778245,0.028815592,0.040933318,0,0,0,0,0,0.0037576326,0.0090665873,0.016827207,0.0012204909,0.018074326,0.020910053,0.026984844,0.020534499,0.014664826,0.047658999,0.018374583
0.0035236746,0.0001140254,0,0,0.0063946159,0,0.0074174972,0.006395475,0,0,0,0,0,0,0.0039645452,0.002792564,0.00015264665,0.0010927452,0,0,0.0068238936,0,0.0076908572,0.0059083826,0,0.0016042709,0.00035153091,0,0,0,0.007738837,0.0072493167,0.0064078742,0.0065213731,0.0045966711,0.0075784503,0.0015658569,0.0091026034,0.012958591,0.0033680988,0.0037668501,0.012724308,0,0.01450205,0,0,0.0073159849,0.0073727295,0.00385102,0,0,0.0032540907,0,0.011428593,0.0018237194,0.0090589207,0.0042792568,0,0,0,0.0079654614,0.0073943948,0.0048875376,0.0065208175,0.014323297,0,0.00018859847,0.0036518872,0.011923528,0.0056260512,0.04825148,0.0068271579,0.0049430681,0.01451367,0,0.00028386494,0,0,0,0,0,0,0.0051974417,0.0065000271,0.032339342,0,0,0,0,0,0,0.0035432694,0.027666435,0.030903842,0.0078798849,0.0037479128,0,0.01389724,0.019048287,0,0.019218829,0.020470308,0.051398642,0.023862552,0.0032266695,0,0,0.0073976731,0.027819708,0.012808474,0.032584883,0.041355155,0.038528696,0.048011482,0,0,0.0040672133,0.016310522,0.0059034969,0.018136729,0.021964876,0.0083028777,0.0190947,0.019736508,0,0,0.0081410669,0.039130464,0.068425521,0.043181378,0.057032336,0.014750309,0.00020713601,0.0046622842,0.0074701151,0.0044294265,0,0.012425918,0.010073844,0,0.010437148,0.010132681,0,0,0.0094563533,0,0.0015708513,0.0046029463,0.0044253585,0.0017406826,0.002188476,0,0,0,0.0018283846,0,0,0,0,0.0038010653,0,0,0,0.010735791,0.005419598,0.0064620497,0.0046726097,0.0088496413,0,0,0,0.01831056,0,0.0045056948,0.018840265,0.0074956929,0,0,0,0,0,0,0,0,0,0,0,0,0.011407165,0,0,0.0077144555,0.0049243267,0,0,1.1689781e-05,0.0076742889,0.011530729,0.021746863,0.0075646453,0.00071098056,0,0.019434184,0,0.008776864,0.0043330835,0.0091224285,0,0.033301249,0.023757685,0,0.0022949041,0.011398396,0,0.042651363,0.032262884,0.0056079472,0,0.010228682,0.014441542,0.0030334548,0,0,0.014866012,0,0.02294345,0.017870203,0.033479523,0.020284336,0.03408476,0.05257567,0.057321608
0,0.0028186,0,0.0062009413,0.014646376,0,0,0,0,0,0.0005655234,0.0037686187,0,0,0,0,0,0.0023221713,0,0.0090407711,0.011934993,0,0,0,0.0010486329,0.00025278752,0,0.00078966178,0,0.00025032583,0.0040630857,0.00034359656,0.029843315,0.016339209,0.016936192,0.008047251,0.00049933849,0.026086286,0.00060499081,0.0035598036,0,0.013150459,0,0.015791772,0,0,0.007174422,0.0053855171,0.0021049134,0,0.0035851374,0,0,0,0,0.015582656,0.0029752634,0,0,0.010131634,0.0023033312,0.013474201,0.037359171,0.01211623,0.0052872305,0,0.005368053,0.0012223425,0.0027668031,0.00476048,0.013346342,0,0.0049369289,0.0079976441,0.0047560907,0.0014898129,0,0,0.0051465104,0,0,0,0,0,0.0083711417,0,0.02267779,0,0,0,0,0.0085457787,0,0.003331468,0.0028095604,0.012312746,0,0,0,0,0.0037692562,0.011467376,0.010443783,0,0.00088684901,0,0,0.0013890766,0.00048747225,0,0,0.021021456,0.0016865066,0.0062475963,0.0094805798,0,0,0,0,0,0.0057410514,0,0.007616567,0,0,0.0098322406,0,0.033502825,0.013187928,0.0060527204,0.016972139,0.05438187,0.002980405,0.034952372,0.0042443951,0.0026830465,0.00010341637,0,0.015989069,0.005338328,0.0036822197,0.0081123663,0,0,0.006573814,0,0.0046413657,0.0042175995,0,0,0,0,0,0,0,0,0,0.0011767008,0,0.0036199645,0,0,0,0.005862887,0.0073119439,0.01152445,0.020315109,0,0,0,0,0.0077975988,0,0.0037017886,0.0085836407,0.0030455273,0,0,0,0,0,0,0,0,0.0071627186,0,0.00046954179,0,0.0080151204,0,0,0,0,0,0,0.0056689656,0,0,0.0039056286,0,0,0,0.0049292725,0,0.0062406771,0,0,0,0.0084278416,0,0,0,0,0.025265256,0,0,0.010051637,0,0.012006249,0.0062362892,0,0,0,0,0,0.0072955741,0.008786601,0.012841405,0.0095447367,0.03066585,0.01418004,0.011378244
0.0035569151,0,0,0.024206959,0.021419901,0.0025703418,0,0,0,0,0,0.013649756,0,7.0531358e-05,0,0,0,0,0,0.0099246716,0.016901655,0,0,0,0,0,0.0012710021,0.013783452,0,0,0,0,0.006482617,0.022446979,0.013919445,0,0,0.0094466172,0,0.0017394272,0,0.003314489,0,0.012415648,0,0,0,0,0,0,0,0,0,0,0,0,0.016682571,0,0,0.019113718,0.0049475729,0.026370943,0.043806512,0.0024437457,0.0033433072,0.0039586178,0,0.0072552459,0.0055991327,0.0045719789,0,0.0044773291,0.00497447,0,0,0,0,0,0.0077125533,0,0,0,0,0,0.0014795139,0,0,0,0.025539095,0.0088421097,0,0,0,0,0,0,0,0,0,0,0,0.0030540857,0.0035309133,0,0,0.012016461,0,0.00997061,0,0,0,0,0,0,0,0,0,0,0,0,0,0,0,0,0,0,0,0.0025944225,0,0,0.0010540215,0.003042357,0.054511316,0.031589914,0.018263046,0,0.0039494983,0,0.0028001661,0,0,0.0075336127,0,0,0,0,0.0029921797,0.0040838895,0.0046261363,0.0048775733,0.005259451,0,0,0.0072208294,0,0,0,0,0.02064338,0.011309164,0,0,0,0.0046540019,0.0080317259,0.025208985,0.053786844,0.0049396702,0.0026296226,0.012154044,0.0086716246,0.0097286841,0.01034585,0.0097166207,0.0034341882,0.0047014225,0.013600451,0,0.0053337468,0.0027327617,0,0,0.015978312,0.0086682281,0.019510956,0,0.010149608,0.0026641448,0,0,0,0.031232556,0.019810226,0,0,0.026979249,0,0.0047154156,0.003577844,0.02473118,0,0,0.0081949905,0,0,0,0,0,0,0,0,0,0,0.0024949028,0.002012914,0,0.032505345,0,0.029854735,0,0,0.0029933779,0,0,0,0,0,0,0,0.0014813778,0.00026417838,0.0082717137
0.0058764857,0.013258669,0,0.0085906675,0.014242853,0,0,0.00017823695,0,0,0,0.0023478372,0,0,0,0,0.0031385794,0,0,0.0031298876,0.007713174,0,0,0,0.0020900685,0,0.0016281968,0.0039414754,0,0,0,0,0.035418443,0.025356025,0.016766431,0.019559417,0.0013922574,0.019541476,0.010467267,0.017244907,0,0.02340878,0.017197058,0.021652032,0.0090410523,0.0158084,0.0050454736,0,0,0,0,0,0,0.0038402905,0,0,0.00012398526,0,0,0,0.007541013,0.0097879739,0.025988912,0.0073995786,0.010076275,0,0,0.0022097374,0.013190849,0.010683774,0.0066688857,0.00012714413,0,0,0,0,0,0,0,0,0,0,0,0,0.013635226,0,0,0,0,0,0,0,0,0,0,0,0,0,0,0,0,0,0.0090091499,0,0,0,0,0,0,0,0,0,0,0,0,0,0,0,0,0,0,0,0.00069126731,0,0,0,0,0.026798934,0.0037607967,0,0.0071265227,0.035533037,0.031668581,0.049558505,0.038720645,0.024137499,0.014944365,0.012632474,0.039958421,0.013476318,0.019049082,0.027330643,0.02009093,0.0030414162,0.016370587,0.019022029,0.02202427,0.0089248959,0.0092963558,0.0089082671,0.012046879,0,0.0035445679,0.0064570224,0.0036947336,0,0.0013935401,0.0042378092,0.0092152096,0,0,0,0.0058324337,0.0045604995,0.0089885565,0.011635395,0.035618521,0.015621972,0,0.0040086643,0.0056609595,0.017776668,0.007522413,0.01043728,0.0076557668,0,0.013008552,0.0069208303,0.0038087335,0.005165441,0.0090410132,0.0028145595,0.010976491,0.01486066,0.014322053,0,0.0032473016,0.0042335661,0.014276584,0,0,0.012593506,0,0.016253572,0,0.0056789471,0,0,0.0063490272,0.0079691987,0,0,0,0,0.0051877205,0.0015847959,0,0,0.01070757,0,0,0,0,0.029544845,0.0076503693,0,0.015763372,0,0.017051598,7.7008037e-05,0,0.0049079084,0,0.0027054136,0,0,0.0034379072,0.01112585,0.0077986806,0.038025804,0.011133336,0.017561663
0.013970718,0,0.0016810568,0.0091890413,0.015970698,0,0,0,0,0,9.6413773e-05,0.0051122257,0.00037849354,0.0020422903,0.0070419209,0.00099463598,0,0,0,0.0077210693,0.011362508,0,0,0,0,0,0.0044832388,0.0092088161,0,0,0,0,0.05441479,0.070867762,0.050874621,0.05876562,0.0042342418,0.026417714,0.045476157,0,0.030147156,0.047736444,0,0.041962594,0.037686069,0.046967279,0,0,0,0,0,0,0,0,0,0,0,0,0,0,0,0,0.028598774,0.010156484,0.022458423,0,0,0.017747294,0.021471925,0.038073793,0.013899833,0,0,0,0,0,0,0,0.016458984,0,0,0,0.0053110453,0.0076189139,0.016058523,0,0,0,0.0052292347,0,0,0.011431784,0,0,0,0,0,0,0,0,0,0,0.0079625165,0,0,0.0023794607,0,0,0,0,0,0,0,0,0,0,0,0.0085580004,0,0.00033711921,0,0,9.0497175e-05,0,0,0,0,0.013635402,0,0,0.0096277529,0.0046974421,0.017832387,0.038454466,0.082102887,0.064388625,0.051667489,0.06851697,0.037910048,0.032898765,0.050191153,0.049493119,0.04705897,0.04274442,0.042521246,0.035857547,0.044277642,0.011328974,0.012841485,0.013753359,0.014746366,0,0,0,0,0,0,0,0,0.011837559,0,0.0011686252,0.010301094,0,0.01039872,0.021803398,0.049387701,0.024088606,0,0,0.012806833,0.017874563,0.029188767,0.035387162,0.015591453,0.014821527,0,0,0.0070896568,0.0071118488,0.0031369694,0.0064401329,0,0.010668708,0.024033235,0,0.011308197,0.012345387,0,0,0,0.013159567,0.0013613582,0,0,0.0092211086,0,0,0.00092597806,0.017102586,0,0,0.0026025726,0,0,0.0062681683,0,0,0.010017008,0,0,0,0,0.00010107803,0,0,0.017431904,0,0.017496586,0,0.0060648974,0,0,0,0,0,0,0,0,0.016088836,0.0016389464,0.010505251
0.00223158,0,0,0,0.0075276503,0.0020280029,0,0.0053761457,0,0,0,0,0.0017544323,0,0,0,0,0,0,0,0.0057221707,0,0,0.0003535414,0,0,0,0,0,0,0,0,0.05183034,0.040246166,0.025603751,0.070027791,0,0.024052808,0.039093871,0.030346086,0.018238375,0.064795993,0.040544432,0.056872826,0.060509108,0.04920245,0.0078853685,0.019013632,0,0.0065129278,0,0,0,0,0,0,0,0,0,0,0,0,0,0.0029921711,0.012616916,0,0,0,0.02421754,0.028772643,0,0.0097050881,0,0,0,0,0,0,0,0,0,0,0,0,0,0,0,0,0,0,0,0,0,0,0,0,0,0,0,0,0,0,0.0099152923,0,0,0,0,0,0,0,0,0,0,0,0,0,0,0,0,0.0036494737,0,0.0046310574,0,0,0,0,0,0.014920707,0,0,0.0067817941,0.0029099588,0,0.023479659,0.0639043,0.030195892,0.026645347,0.038869314,0.04785201,0.0073182592,0.079557225,0.066736422,0.034767862,0.05035305,0.067307025,0.052826356,0.029854441,0.014425576,0,0.017241362,0.018797968,0,0.011309292,0.010623593,0.018266823,0.0078002154,0.025997693,0,0.011240484,0,0.0042620939,0,0,0,0,0,0.009913356,0.02097911,0,0,0.0096250186,0.013614336,0.015247181,0.02689812,0,0.013201937,0.015972611,0.00033888055,0,0.010245225,0.010602063,0.0098749418,0.011461371,0.0067958003,0.0089518297,0.0050575072,0.01075075,0,0.024768729,0.014407258,0,0,0,0,0,0,0,0,0,0,0.0018775364,0,0,0,0,0.0092273923,0,0,0.012012599,0.0012793213,0,0,0,0.002390621,0,0,0,0,0,0,0.0071187196,0.00058497966,0,0,0,0,0,0,0,0.016296066,0.00084581075,0.0092552397
0,0.0074595227,0,0,0,0.00029293713,0,0.0044516157,0,0,0,0,0,0,0,0,0,0.0053964015,0,0,0,0,0,0,0.0027712891,0,0,0,0,0,0,0,0.025564034,0.029210944,0.04918357,0.02364476,0.032430556,0,0.025202353,0.048583519,0.030359766,0.019164065,0.051874369,0.016709043,0.029871568,0.049037345,0,0,0,0,0,0,0,0,0,0,0,0.0090688188,0,0,0.0039484082,0,0,0,0.01912364,0,0.0070553785,0,0.021707822,0.031387813,0,0.0038228363,0.0091432743,0,0,0,0,0,0,0,0,0,0,0,0,0,0,0,0,0,0,0,0,0,0,0,0,0,0,0,0,0.0023450493,0,0,0,0,0,0,0,0,0,0,0,0,0,0,0,0,0,0,0.0015366266,0,0,0,0,0,0,0.0023496442,0.0037916575,0,0,0,0.0030296112,0.013886387,0.050206959,0.026211102,0.075743556,0.033140313,0.013525,0.05397182,0.020737048,0.015953872,0.066378839,0.051177461,0.021321695,0.033600844,0.042467874,0.0081464499,0.0043212119,0.0094400197,0.006657599,0.005078794,0.012669819,0.0078487229,0,0.0085959835,0.015888017,0,0.0042824354,0.003392376,0.0087922541,0.012807496,0,0.010077506,0.0031442312,0,0.048232574,0.055379163,0,0.0004315855,0.0079548676,0.011028146,0.015415405,0.029565403,0.0058635753,0.0031906925,0.018826867,0,0.0032445337,0.0066771,0.014863883,0.0012595423,0.010083203,0.0029500821,0.0019787019,0,0,0.0021147707,0,0.00079162384,0,0,0,0.0043310951,0,0,0,0,0,0,0,0.0018352205,0,0,0.0055527212,0,0,0,0,0,0,0,0,0.0087897535,0,0,0,0,0,0,0.011125435,0.0028866413,0,0,0,0,0,0,0,0.0057714153,0.00026804215,0.0025086722
0.002371832,0.0012491256,0,0,0.0051064929,0.0038441718,0.010943861,0.010862605,0,0,0,0,0.0081650121,0.013660537,0.00047573168,0.0041900091,0.003006537,0.0013074481,0,0,0.003552469,0.0035723012,0.01057033,0.0092399102,0.00029327598,0,0.0010027,0,0,0,0,0.0057910397,0.02495132,0.052171528,0.029687217,0.033864442,0.039815977,0.011048033,0.073562138,0.018872676,0.055575382,0.043340079,0.0413584,0.019626213,0.033832565,0.038428448,6.6981811e-05,0.00088456494,0,0,0,0,0,0,0,0,0,0,0,0,0,0.00050352234,0,0.0058378438,0.018702658,0,0,0.0049791597,0.013396883,0,0.013223171,0,0,0,0,0,0,0,0.0033182041,0,0,0,0.0087564718,0.0035869903,0.0067126066,0,0,0,0,0,0,0,0,0.0077341222,0,0,0.00055369159,0,0,0.0054160422,0.0049963957,0,0.013641061,0.00033521428,0.0014243396,0,0,0,0.00097942597,0,0.007085993,0.013075279,0,0.0031062518,0,0,0,0,0,0.00042370884,0,0.0048158923,0.0013563891,0.0028291664,0,0,0,0.014882326,0.0066706813,0,0.012430579,0,0,0.010177706,0.063880004,0.034448884,0.030659789,0.10625802,0.020802159,0.068343416,0.063825421,0.034758009,0.037310392,0.058116287,0.020791803,0.019072203,0.031530764,0.0037488409,0,0.0037301239,0.00024964786,0,0,0.0026657656,0,0,0,0,0,0,0,0,0,0,0,0,0.0070161172,0.0094361892,0,0,0,0.014058396,0.0099755591,0.014996667,0.0088571245,0.0015699252,0.0033962079,0,0,0,0,0,0,0,0.0065444633,0.00377209,0,0,0.0079975296,0.0025552721,0,0,0,0,0,0,0,0,0.0074945502,0,0.001707969,0.0010043576,0.0073723109,0.0068379068,0.0097846035,0.0073510623,0,0,0.012583422,0.0019097244,0.00045354298,0,0,0.012646103,0,0.00019504242,0,0,0,0.0059851515,0,0,0,0,0,0,0,0.00097158074,0,0.014466655,0.0087674428,0.016337091
0.0096269567,0.014164182,0,0.00010009382,0.010952532,0,0.0013210325,0.0037962045,0,0,0.0012525594,0.0007450385,0,0,0.0038921225,0,0.0051498925,0.00068028754,0,0.0014527894,0.0065853074,0,0,0,0,0.0031334669,0.0056438977,0.0044544027,0,0,0.0061642583,0,0.036509104,0.028318405,0.016685205,0.044684622,0,0.032513801,0.024510777,0.016294643,0.0030627945,0.049548954,0.019387648,0.042135455,0.03141617,0.021374552,0.011938112,0,0,0,0,0,0,0.012598075,0,0,0.0097456221,0,0,0,0.010732664,0.013528569,0.0093760993,0.0037230277,0.0089832004,0,0,0,0.014887544,0.017622534,0.015534284,0.010637544,0,0,0,0,0,0,0.014478395,0,0,0,0,0.010096068,0.021759979,0.0012429509,0,0,0,0,0,0.0087817321,0,0,0,0,0,0,0,0,0,0,0.013157877,0,0.0010472896,0,0,0,0,0,0,0,0,0,0,0,0,0,0,0,0,0,0,0,0,0,0,0.029639537,0.0044187214,2.8842003e-05,0.012788028,0.015875064,0.0023592117,0.039001107,0.037135437,0.04696675,0.013647323,0.024236126,0.028526878,0.0019795008,0.047268532,0.059042014,0.014828136,0.021191563,0.044978548,0.032782022,0.017864516,0.013039571,0.00932281,0.012691368,0.018277325,0.0057428656,0.0095514283,0.0096966419,0.015237829,0.0031802752,0.014478263,0.008277189,0.01467057,0,0,0,0,0.011862386,0.010207186,0,0.013844629,0.016252819,0,0.001458603,0.0044692,0.013884852,0.01199236,0.015520501,0.017192394,0.0087879542,0.012364781,0.0056922948,0,0.0062120641,0.0094191376,0.0095366593,0.0097890329,0.01049,0.011779417,0.0031071431,0.0080938973,0.015254115,0.021840017,0.0046550473,0,0.002830989,0.00011180626,0.0021544166,0,0.0045653908,0,0,0.0024929526,0.0027827299,0,0,0,0,1.2786773e-05,0.0043855812,0,0,0.018718757,0.0018013321,0.00075873942,0.0066006011,0,0.01264296,0.0023123217,0,0.0055517582,0,0.0082122441,0,0.0016103577,0.00031154935,0,0.0097491853,0,0,0,0.0034424029,0,0.041841827,0.012030899,0.020232201
0,0.0065773702,0,0,0,0,0.0052673672,0.0071720341,0,0,0.0040393695,0,0,0,0,0,0,0.0027739569,0,0,0,0,0,0.0082743168,0,0,0.0031974153,0,0,0,0,0,0.0055325045,0.016450247,0.02771711,0.0032527857,0.073708393,0,0.03594172,0.019435661,0.060668565,0.0036636305,0.03992299,0,0.013321961,0.032864429,0,0,0,0,0,0,0,0,0,0,0,0,0,0,0,0,0,0,0.013897585,0,0,0,0.0076624565,0,0,0,0,0,0,0,0,0,0,0,0,0,0,0,0,0,0,0.0057520792,0,0,0,0,0,0,0,0,0,0,0,0,0,0,0.0024828347,0,0,0,0,0,0,0,0,0,0,0,0,0,0,0,0,0,0.0072631044,0,0,0,0.0038214501,0.00056680542,0,0.001239314,0.0039315149,0,0,0.0042142868,0,0.011509736,0.028814202,0.0043016076,0.051117681,0.067059144,0,0.094638161,0.012779897,0.00038461667,0.049275242,0.048716612,0,0.0073396368,0.021111894,0,0,0,0,0.0026082322,0.002811155,0,0,0.0028720305,0,0,0,0,0.0033043164,0,0,0,0,0,0.0027918818,0.0063030333,0,0,0,0.0076250033,0,0.0075337039,0,0,0,0,0,0,0.0052468842,0,0,0.0062684566,0,0,0,0,0,0,0.005969231,0,0,0.011305766,0,0,0,0,0.003905524,0,0,0.012388207,0,0,0.0097698141,0,0,0.00090123311,0.0021573505,0,0,0,0,0.0017543029,0.0013213505,0.0031207611,0,0.0030367156,0,0,0,0.0096819662,0.0055456208,0,0,0,0.00062554929,0.005764069,0,0.0040615597,0,0.004286903
0,0.00049569848,0,0,0.0063333837,0.0046338234,0.011009788,0.015364352,0,0.0049706995,0,0,0.0068989424,0.0056438567,0.0014505668,0.0037461403,0,0.0009154806,0,0,0.0057341405,0,0.0081165517,0.011274407,0,0.0027136253,0.00058683049,0,0.0019897381,0.00023178649,0,0,0.037801966,0.035488043,0.016182199,0.059769671,0.011340928,0.019627469,0.061153673,0.016509857,0.024945404,0.07975553,0.035475042,0.054228671,0.059469081,0.046871997,0.0047994996,0.012462227,0,0.0014969471,0,0,0,0,0,0,0.0056666001,0,0,0,0.0041614659,0,0,0.0030861483,0.012818426,0,0,0,0.020740289,0.02016148,0.016785201,0.0080249561,0,0,0,0,0.00046584196,0.0030728693,0.0047030756,0,0,0,0,0,0.023070104,0,0.00042532329,0,0,0,0,0,0,0.003327617,0,0,0,0,0.0039830673,0,0,0,0.020232905,0.0056092395,0,0,0,0,0,0,0,0.0069907769,0,0,0,0,0,0,0,0,0,0,0,0,0,0,0,0.016068527,0.00085689628,0,0.011890152,0.0028497945,0,0.017003577,0.047222577,0.076409929,0.019038819,0.066205814,0.045436017,0.014339937,0.061812066,0.080100201,0.033527713,0.06050548,0.076416649,0.052177679,0.026469659,0.014246004,0,0,0.011824206,0,0.0055489661,0,0.017614853,0,0,0,0,0,0,0.0091135381,0,0.0097562615,0,0,0.0022417209,0.011727809,0,0,0,0.017558541,0.0089196991,0.018480526,0.018324073,0.0064904043,0,0,0,0,0,0.0086023873,0,0.0035474654,0.0054814331,0.0074204756,0.0051459735,0.015033009,0,0,0,0.00047403621,0,0,0,0,0,0,0.0030985004,0,0.0024974653,0,0.002633261,0.0070538097,0.0056837099,0.013358781,0,0,0.02076159,0.007848843,0,0.012196901,0.0032026223,0.006094479,0,0,0,0,0,0,0,0.0045724777,0,0,0,0,0,0,0,0.018771742,0.0060477438,0.01630328
0.0044645034,0,0,0,0.013403513,0.0053308071,0.0039126561,0.0070954054,0,0,0,0.0022177508,0.0038368539,0.0034775219,0.004185698,0.00055261486,0.0043424768,0,0,0,0.012726059,0.0035994619,0.00020212268,0.002594413,0,0.0021260844,0,0.0030297146,0,0.00021733037,0,0,0.045798354,0.039766878,0.019186933,0.061617751,0,0.030667584,0.04092345,0.019984026,0.010372399,0.080652818,0.024940265,0.067685917,0.04848538,0.035085905,0.015209353,0.024836943,0.025713807,0.0084042223,0,0,0,0,0,0,0,0,0,0,0,0,0.010538803,0,0.013828143,0,0,0,0.023244221,0.024513479,0.020391172,0.01797648,0,0,0,0,0,0,0.014654197,0,0,0,0,0,0,0,0,0,0,0,0,0.003231487,0,0.0014648832,0,0,0,0,0,0,0,0,0.01592066,0.0030462178,0,0,0,0,0,0,0,0.011437269,0,0,0,0,0,0,0,0,0,0,0,0,0,0,0,0.02591823,0,0,0.012873039,0.0082625384,0.0070059239,0.026713485,0.04920147,0.06664326,0.016182708,0.039411642,0.060051512,0.003194165,0.083567113,0.052560128,0.022801429,0.033506472,0.079370521,0.048503108,0.025444204,0.019705215,0,0.020425739,0.02306076,0.0091456771,0.01109113,0.014748598,0.022434488,0.0009406457,0.026659792,0.0096669141,0.020880882,0,0,0,0,0,0,0,0.013937024,0.019699913,0.0053049061,0.004509741,0.0068042679,0.018178578,0.01684528,0.023573946,0.026315,0,0.017598631,0.0072030886,0,0.010410795,0,0.01266778,0,0.0073577883,0.015737617,0.0098773651,0.017572416,0.023383215,0.030904174,0,0,0.0085299453,0,0,0,0.0019604128,0.0011264102,0,0.0020851351,0.0049845618,0,0,0.0028938211,0,0,0.010690051,0,0,0.018411133,0.0032854448,0,0.0097449329,0.00084287627,0.010227475,0,0,0.0014398114,0,0.0075845472,0,0.0045556836,0,0,0,0,0,0,0,0,0.03003574,0.0042272839,0.020031525
0,0.0083864853,0,0,0,0.00012431257,0.0017257953,0.0043859021,0.0036841307,0,0,0,0,0,0,0,0,0.01208277,0,0,0,0,0,0.0066424021,0,0,0,0,0,0,0,0,0.033224292,0.023299312,0.03469513,0.028016815,0.017736357,0,0.030690651,0.034246173,0.04621999,0.026547488,0.072040968,0.014116156,0.051351868,0.066722736,0,0,0,0,0,0,0,0,0,0,0,0,0.01012356,0,0,0,0,0,0.025761331,0,0,0,0.026228283,0.024579361,0,0.0012979263,0,0,0,0,0,0,0,0,0,0,0,0,0.0029777908,0,0,0,0,0,0,0,0,0,0,0,0,0,0,0,0,0,0,0,0,0,0.016729791,0,0,0,0,0.0077950084,0,0,0,0,0,0,0,0,0.0017888887,0,0,0,0,0,0,0,0,0,0,0,0,0.018338658,0.044611599,0.033338241,0.065655455,0.039295718,0.013812584,0.051734734,0.034285277,0.021225182,0.086981557,0.083012551,0.028931713,0.057759244,0.075112104,0,0,0,0,0.0022635674,0.0060805762,0.00057076407,0.011541651,0.001423144,0.013772108,0,0,0,0.016283795,0.017278541,0,0,0,0,0.0010733127,0.03884425,0,0,0.00052772847,0.014505789,0.01516092,0.035532914,0.0064605782,0,0.011721593,0.0040776916,0,0.0082179885,0.011856743,0,0,0,0,0,0,0,0.0082987836,0,0.011609168,0,0,0.0037050117,0.011745047,0,0,0,0,0,0.0020126626,0,0,0.011839287,0.0063017393,0.0022089125,0,0.0032258029,0,0,0,0,0,0.018848017,0,0,0,0.020091105,0,0,0.0017840505,0,0.013850559,0,0,0,0,0,0,0.0014448401,0,0.0015466798
0,0.011982171,0,0,0,0,0.0065865568,0.009855262,0.0062597329,0.0013063231,0.0016413732,0,0,0.001273477,0,0,0,0.013997195,0.0039305771,0,0,0.0031417105,0.0048397211,0.0078274189,0,0,0,0,0,0,0,0,0.025302187,0.012660983,0.017788779,0.040413376,0.02014279,0,0.04231168,0.029380122,0.045544878,0.039713427,0.057011276,0.026258653,0.0815375,0.075548388,0,0,0,0,0,0,0,0,0,0,0,0,0.012400005,0,0,0,0,0,0.015472053,0,0,0,0.018954644,0,0.0013974614,0.0016885279,0,0,0,0,0,0,0,0,0,0,0.0095453504,0.00159723,0,0,0,0,0,0,0.0038333111,0,0,0,0,0,0.0078984099,0,0.00019094796,0,0,0,0.0027725906,0,0,0,0.025325051,0,0,0,0,0.00051828829,0,0,0,0,0.0074978592,0,0,0,0.0047028279,0.012031104,0,0.00016864695,0.0082912995,0,0,0.004257164,0,0,0,0,0,0.0011014402,0.039209627,0.04725375,0.049086072,0.059592657,0.019345036,0.050419986,0.060007405,0.030603569,0.081600152,0.15316238,0.059431016,0.095856622,0.059221774,0,0,0,0,0.0079036616,0,0,0.016225021,0.0070695207,0.020365892,0,0,0,0.029475233,0,0,0,0,0,0,0.018515391,0,0,0,0.0028222769,0,0.023196505,0.0044642496,0,0.0009844189,0,0,0,0.0069871158,0,0,0,0,0,0,0,0.01190255,0.0052195517,0.012058765,0,0,0.00048605254,0.012517621,0,0,0,0,0,0.0038557567,0,0,0.0078776106,0.0043576537,0.0034328569,0,0.0020422759,0.0020800601,0,0,0.01158176,0,0,0,0,0,0.028097173,0,0,0.0023469413,0,0.01975774,0,0,0,0,0,0,0.0020591947,0,0
0.0044723572,0,0,0,0.0072312197,0.003496065,0.00035630405,0.0031705219,0,0.0043197949,6.0156849e-06,0,0,0.0027255486,0,0,0.00010575823,0,0,0,0.0068678544,0.0039504976,0,0.0011259639,0,0.0031019419,0,0,0.00018835129,0,0,0,0.041504707,0.030352864,0.021020675,0.057968419,0,0.020853445,0.028468575,0.025289025,0.0051455619,0.069929197,0.030304799,0.079084054,0.068687245,0.047222372,0.012070987,0.025026316,0,0,0,0,0,0.0189589,0,0,0.018090356,0,0,0,0,0,0,0.0022536595,0.014286724,0.0037694827,0,0,0.024451818,0,0.017710356,0.016447362,0,0,0,0.013594923,0,0,0.0031491041,0,0,0,0.0081890188,0.013543653,0.030843716,0,0,0,0,0,0,0,0,0.00068889273,0,0,0,0,0,0.002104593,0,0,0.015401503,0.0024139402,0,0,0,0,0,0.0081385737,0,0.0038295002,0,0,0,0,0,0,0,0,0,0.0070439121,0,0,0,0,0,0.023120737,0,0,0.011540901,0.0066447542,0,0.015696052,0.041883916,0.06679713,0.021254484,0.024855763,0.045551602,0,0.079059824,0.079002686,0.029925343,0.061984397,0.082671925,0.094226912,0.02767114,0.016612785,0.010950983,0.016572027,0.021279987,0.0051418999,0.011620482,0.011899308,0.022072578,0.0010644676,0.028310195,0.010073204,0.015766431,0,0.00097988476,0,0.0076160869,0.018512782,0,0,0.0073280372,0.023584168,0.0053048409,0.00039522853,0.0058993958,0.015653808,0.013137477,0.024997542,0.02373229,0,0.018033836,0.0011760392,0.001597727,0.011914311,0.014139982,0.0095898751,0.013378809,0,0.0060184784,0.0071745999,0.0107926,0.019910967,0.03021718,0.010746164,0,0.0019724416,0,0,0,0.0010041702,0.00070057565,0,0.0015152479,0,0,0,0,0,0,0.0085887937,0,0,0.026671622,0.007508304,0,0.010023115,0,0.0029004896,0,0,0,0,0.0044959891,0,0.00069677026,0,0,0.0063474388,0,0,0,0.00242315,0,0.025765698,0.0036254097,0.017823923
0,0.0044700401,0,0,0,0.004816208,0.00061021314,0.0038834773,0,0,0.0040020598,0,0,0,0,0,0,0.0045271465,0,0,0,0.0070208148,8.3248095e-05,0.0041494337,0,0,0,0,0,0,0,0,0.033746667,0.020265158,0.017899074,0.04479691,0,0.0090249889,0.024297483,0.031811289,0.019841434,0.048203085,0.042523116,0.048739307,0.079994261,0.065474644,0,0.0041845795,0.010695767,0,0,0,0,0,0,0,0.0048229387,0,0,0,0,0,0,0.0026292871,0.017805377,0,0,0,0.029869029,0,0.010242141,0.011113551,0,0,0,0.008888077,0,0,0.0008786266,0.0064315768,0,0,0.0090316981,0.011092193,0.020642253,0,0,0,0,0,0,0,0,0,0,0,0.0017830055,0,0,0.00010526682,0,0,0.015473872,0,0,0,0.0022585783,0,0,0.0029126408,0,0.0064565637,0,0,0,0,0,0,0,0,0,0.0076536625,0,0,0,0,0,0.014440037,0,0,0,0,0,0.018049367,0.034398921,0.051844578,0.033170287,0.022111749,0.03279705,0.0097207204,0.05372398,0.047678493,0.058266796,0.097740591,0.093676955,0.10567491,0.056961458,0.0031824268,0.0035369969,0.0053290222,0.0088628624,0.017046843,0,0.0078444527,0.021157537,0,0.026149442,0,0,0.0035330341,0.01395579,0.025762513,0,0.0094563151,0.0043250076,0,0,0.023717215,0.0047218846,0,0.0054696631,0.023805916,0.010784211,0.029319178,0.015243729,0.011731041,0.02008055,0.0075443848,0.002756024,0.011916644,0.020909861,0.010380254,0,0.0022488236,0,0.0024511456,0,0.012655283,0.024732735,0.0050932639,0.0050816578,0,0,0.0029653495,0,0,0,0,0.0012068273,0,0,0,0,0.01092044,0.001195698,0.0073723448,0,0,0.026999053,0.0012312767,0,0.0098033231,0,0.0093273744,0,0,0,0.0027692823,0,0,0.0025261582,0.00029555993,0.0028858611,0,0,0,0,0,0,0.014037898,0,0.006106887
0,0.0031825081,0,0,0.0020565768,0.00028701167,0,0.0033159386,0,0,0,0,0,0.0013387284,0,0,0,0.0018780287,0,0,0.0010378049,0.00044590174,0,0.00027773454,0,0,0,0,0,0,0,0,0.033125617,0.031396348,0.043101642,0.026435535,0.0098884199,0.0014451767,0.024667343,0.032269768,0.029928196,0.026245018,0.05519072,0.021304697,0.036598936,0.058827825,0,0,0,0,0,0.0027120456,0.011126107,0,0.0047709276,0,0.0064036078,0.0040265797,0.0093755079,0.00074879068,0.0017527982,0,0,0.024359884,0.0584024,0.016765878,0.013912837,0.033401433,0.050638646,0.041126758,0.02000631,0.011248278,0.029334303,0.013599488,0,0,0,0,0,0,0,0,0.0045773867,0.00214559,0.0093298424,0,0,0,0,0,0,0,0,0.0066578975,0.014785426,0,0,0,0,0.010319203,0,0.011049144,0.0090694157,0,0,0,0,0,0,0,0,0.017418692,0,0,0,0,0,0,0,0,0,0,0,0,0,0,0,0.0040631564,0,0,0.0021099893,0.0042409156,0.0024744717,0.020514572,0.042957477,0.029058224,0.042954925,0.033806659,0.017182589,0.023982896,0.027479148,0.02437111,0.076140478,0.061160892,0.027105313,0.056899309,0.13395588,0.0013732053,0.0017781239,0.0015647442,0.0029651064,0,0.0021860912,0.0029632775,0.0099760536,0.0059803762,0.012878345,0.0030136164,0,0.004880805,0.0028182811,0.011577045,0,0.0079963636,5.0822688e-05,0,0.02276754,0.034315191,0.016514882,0.027547244,0.020062681,0.058081441,0.048747998,0.078945801,0.026500329,0.011530211,0.032651171,0.026006946,0.015771355,0.0091160908,0.0044346326,0.0064245746,0.015252446,0,0,0,0,0.0049243993,0.013724375,0.0033858058,0,0,0,0,0,0,0,3.5637215e-05,0.050213993,0,0,0,0.00026523729,0.007590021,0.019321153,6.7108012e-05,0.0044045746,0,0.017399637,0,0,0,0,0.050225027,0,0,0,0,0,0,0.001222913,0,0,0,0,0,0,0,0,0.011373665,0,0.013457189
0.0066226036,0.0002695877,0,0.0039296676,0.010489225,0.0089301933,0.00024711562,0.0087091662,0,0.0098316511,0,0.0022420064,0.012331791,0.014591971,0.013584314,0.0068554021,0,0,0,0,0.01162344,0.0024371704,0,0.0026922126,0,0,0,0.0013870896,0.0086615719,0.0036960933,0.007248587,0.0029731879,0.01044264,0.0080337487,0.0016602048,0,0,0.010643566,0.0089176539,0.0076255552,0,0.019190477,0,0.021606509,5.399582e-05,0,0.038398106,0.052579492,0.03593434,0.0097800456,0,0,0,0,0,0.020303445,0.0088355429,0,0.01058225,0,0.012529905,0.016277606,0,3.0308827e-06,0,0.0027766407,0.0038626983,0.0036234483,0.0021055718,0.0015529429,0.0070665022,0.0055946568,0,0,0,0.028182495,0.011079213,0.0070650997,0.017050318,0.0040431726,0,0,0.0049312776,0,0.020839911,0,0,0,0,0,0,0,0.001003655,0.0010237137,0.0023140493,0.0074479007,0,0.0063213864,0,0.0040672747,0,0,0.0043983823,0.0010446735,0,0.0040551526,0,0,0,0.01360932,0,0,0,0,0,0,0,0.00049629854,0,0,0,0,0.0046083489,0,0,0,0.0015952023,0.0068299556,0.0029909583,0.0042082369,0.0072948737,0.0045436868,0.0040803994,0.0088142399,0.012175823,0.015395942,0.0092155552,0.0070989542,0.014076212,0,0.017231787,0.020982772,0,0,0.017772386,0.0042652208,0.0025777179,0.066177517,0.06537018,0.041416846,0.056117922,0.012205183,0.022884134,0.024552112,0.015686357,0.0059454674,0.02297556,0.014014548,0.023077827,0.012047773,0,0.0053442148,0.0091656651,0.014292884,0.015052694,0.022778925,0.011981802,0.015708519,0.011458481,0.0073492629,0.0059236791,0.0092292279,0.0074726949,0.0096630706,0.011166522,0.013108879,0.009770141,0,0.012326886,0.012918444,0.018139903,0.022690428,0.021359008,0.015923824,0.060899891,0.013356338,0.025247654,0.022652103,0.020310968,0.01205662,0,0.0092977285,0,0,0,0.0062501519,0.0069241435,0.0030066776,0.0034163892,0.007310099,0.013367604,0,0.0069692358,0.0067157922,0.00050824753,0.012346679,0.0017336439,0,0.0097281244,0.0031001982,0.00065940368,0,0.0033230088,0.0045414376,0.0020001768,0.0025891578,0.0074547851,0,0.031299733,0.0022500684,0.019832475,0.0094671687,0,0,0,0,0.0012240418,0,0,0.0085727582,0.0046175555,0.0068149371
0.0065531335,0.0026995095,0.0018802028,0.010840876,0.0082945358,0.0070150294,0,0,0,0,0,0.00071451376,0,0.0044258339,0.0058021275,0,0,0,0,0,0.0044768509,0,0,0,0,0,0,0,0,0,0.0044297399,0,0.010683978,0,0,0,0,0,0.0035226163,0.012487626,0,0,0,0.019381346,2.6111171e-05,0,0.033489667,0.042572211,0.026519215,0.021427687,0,0,0.014752443,0,0.010708089,0.021226678,0.0096060149,0,0.01043571,0.0045101903,0.019622317,0.018187908,0,0.0012860751,0,0.011160018,0.0071989223,0.0059891483,0.0010405646,0.0059278212,0.0059791557,0.011974758,0,0,0,0,0.0098525099,0,0.017475959,0,0,0,0,0,0.013382254,0,0,0,0,0,0,0,0,0.005134088,0.0030899977,0.0019844971,0,0,0,0,0.0051774504,0.0081875864,0,0,0,0.0091613717,0,0.0077935369,0.0091019049,0,0,0.0012364711,0,0,0,0,0,0,0,0,0,0,0,0,0,0,0,0.0074509368,0.0010788913,0,0.0069509768,0,0.0049482528,0.0099471649,0.014486022,0,0.0064162961,0.001634442,0.011236128,0,0,0,0,0,0.013377766,0.0056833066,0.003591809,0.066412106,0.050870664,0.030781332,0.050427031,0.019271892,0.030554593,0.031090731,0,0.013768109,0,0,0.030016813,0.018113112,0.0025391737,0.0030561178,0.0065544685,0.011906362,0.024310594,0.022576522,0.013037215,0.019723887,0.016398473,0.0092665451,0.012474975,0.0071418146,0.0057632127,0.0067622727,0.0078689316,0.013788223,0.0091441711,0.0037202742,0.012382151,0.019573772,0.039366249,0.023445591,0,0.014757333,0.035812937,0.0072345203,0.022739943,0,0.013335319,0.010805627,0,0.012384496,0,0.0054674619,0,0.0024728724,0.0096155992,0.0083629945,0.0073199347,0.0074412227,0.0015932217,0,0.0090792766,0.004688547,0.0064242049,0.00047242484,0.0049368711,0,0.00085955311,0,0,0,0.00081029453,0.0045108078,0.0079434942,0.0016903154,0.018417262,0,0.040772449,0.0067907237,0.033076815,0.011700299,0,0,0,0.0045274566,0,0.0014689789,0,0.0079586664,0.002815516,0.0071430616
0.0042122388,0.00021227988,0,0.0032730405,0.008008102,0.0095510986,0.0032191768,0.0082589304,0,0,0,0.0013716291,0.0085673314,0.01571219,0,0.0025281047,0,0,0,0,0.0053719026,0.0059800688,0.0010028284,0.0045246049,0,0,0,0,0.0054009766,0.0024877388,0,0,0,0,0.00684143,0,0,0,0.0060163578,0,0,0,0,0.020972582,0.0062311315,0,0.022897702,0.034712888,0.046021082,0.030447986,0,0.037589837,0.0239015,0.029963991,0.014604019,0.018119162,0.020501757,0.011376603,0.016344048,0.01341355,0.02636371,0.01611919,0,0,0.0010437961,0.015777759,0.012116516,0.0034882487,0.0048507573,0,0.0092993118,0.020402979,0.0090032937,0,0.007450752,0.024603609,0.018656055,0.0018591542,0.020167969,0,0,0,0.0078233685,0.028397009,0.022405436,0.016444046,0,0,0,0,0,0,0,0,0.0014259551,0,0,0,0,0.0038912587,0,0.002981042,0.0012815811,0,0.0026768337,0,0,0,0,0,0,0,0.0028030917,0,0,0,0,0,0.0030835157,0,0,0,3.6258942e-05,0,0,0,0,0.0058057713,0,0,0.0048937979,0,0.0050617396,0.0092450026,0.015103409,0.018877815,0.010822561,0.0076925913,0.014571828,0,0,0.022611873,0,0.0015727468,0.018447511,0.0069647417,0.0030807557,0.042202033,0.030003542,0.043603867,0.053418122,0.033986025,0.04101358,0.042375792,0.020972265,0.020835673,0.032390602,0.029835615,0.025942247,0.018976966,0.015372412,0.023028078,0.018795928,0.030250529,0.026512656,0.023787739,0.0067698262,0.016348425,0.024153648,0.0040696575,0.019824551,0.0062525095,0.0053110733,0.010313726,0.01187001,0.022268774,0.011236667,0,0.01148608,0.01141328,0.014364528,0.027159745,0.016656157,0.010088082,0.041919004,0.012808142,0.041828051,0.028477356,0.022640619,0.019683722,0,0.0060100304,0,0,0,0,0.00059086707,0,0,0,0.0046521127,0,0.0018635707,0.002369938,7.6563447e-06,0.009023699,0.0024120766,0,0.0025968179,0,0,0.011187362,0,0.00099717849,0,0,0.0018593451,0,0.011228676,0.00024465894,0.011776699,0.0068297735,0,0,0,0,0,0,0,0.0062775142,0.0012338364,0.0043876129
0.004240877,0.0012127388,0,0,0.0081772758,0.0077915927,2.0229469e-05,0.0055586649,0,0,0,0.0022163792,0.0074641453,0.010946021,0.0052714241,0.001452309,0,0,0,0,0.0070293187,0.0044938996,0,0,0,0,0,0,0.0018136576,0.0019389658,0.0041643768,0,0,0,0,0,0,0,0,0,0,0,0.0017630651,0,0.010314915,0.0033659264,0.028883878,0.041323092,0.044493936,0.028751245,0.034997143,0,0.022602836,0,0.020238787,0.02582467,0.02515617,0.013701247,0.0228219,0.023128817,0.031349719,0.021305935,0,0.0012907747,0.0010992006,0.016433494,0.016190525,0.0047169169,0.0071616457,0.0092446869,0.010172397,0.022911264,0.012511564,0.0063818209,0,0,0.020476097,0.0051702899,0.023245521,0,0,0,0.0094304718,0,0.028505016,0,0,0,0,0,0,0.0052868095,0,0,0,0.0001117907,0,0,0,0.00074984517,0.00030634043,0.0032412398,0.0017767958,0,0.0036536667,0,0,0.0036761891,0,0,0,0,0,0,0,0,0,0,0.0011926364,0,0,0,0,0,0,0,0,0.0067887842,0,0,0.0052677942,0,0.0055725044,0.012587937,0.016580395,0.02094337,0.008605646,0.004550078,0.020551989,0,0.016020877,0.025719112,0,0.0023500086,0.023611302,0.010945566,0.0048139323,0.057230331,0.049980517,0.053899627,0.04824936,0.032121461,0.035951599,0.033473998,0.025484219,0.027233034,0.033755656,0.03453305,0.029577617,0.026462546,0.016285943,0.026849931,0.0269418,0.029368591,0.032157756,0.023486165,0.012519298,0.020401206,0.022755731,0.0068401098,0.025253842,0.0034103878,0.011234263,0.015442358,0.016828667,0.02933074,0.015147182,0.0033193429,0.013302448,0.012629477,0.026067993,0.050701875,0.018585794,0.014976695,0.033550665,0.016622972,0.036124524,0.034212962,0.029712707,0.024070207,0,0.0085738283,0,0,0,0,0.001033261,0,0,0,0.0051871729,0,0,0.00045227972,0.00042537862,0.012288398,0,0,0.0055419197,0,7.4297495e-05,0.011886209,0.00074287056,0,0,0,0.0057180538,0,0.018777376,0,0.017414009,0.0075643053,0,0,0,0,0,0,0,0.009241282,0.0016027493,0.0047055939
0,0.0031814456,0,0,0,0.0052870833,0.0047283601,0.0024479651,0,0,0.006017454,0,0.00089669973,0.0041405396,0,0,0,0,0,0,0,0.0074382685,0.0060588615,0.0063013034,0,0,0.0020507597,0,0,0.002516675,0,0,0,0,0,0,0,0,0,0,0,0,0,0,0,0,0,0,0,0.054524831,0.027843127,0.024240494,0.034454502,0.022380676,0,0.0012137303,0.011357108,0.025180304,0.017714098,0.012739669,0.013437177,0,0,0,0,0.011304174,0.0027373468,0,0,0,0.0027538529,0.013776705,0.007422966,8.8832989e-05,0,0,0.023734991,0,0,0,0,0.020492043,0.013737641,0,0,0.028022761,0,0,0,0,0,0,0,0,0,0,0,0,0,0.00029825699,0,0,0,0,0,0,0.0031162067,0,0,0,0,0,0,0,0,0,0,0,0,0,0,0,0,0,0,0,0.0022732909,0,0,0,0,0,0,0,0,0,0.0064152875,0,0.0075422428,0.0046290988,0,0.011291008,0.0038669177,0.010399828,0.0072001009,0.018803474,0.00091641967,0.012810851,0.018902117,0.034260765,0.031915631,0.035472907,0.045275919,0.041283164,0,0.016654227,0.0386182,0,0.0003700896,0.007269863,0.023503667,0.022993153,0.011636188,0.015693277,0.0074704131,0,0,0.014336104,0.016450604,0,0.0071568908,0,0,0,0.0061739474,0.017294887,0.0082097137,0.0058316891,0.016795013,0.013969685,0.023275245,0.035052825,0.005653135,0.0081153391,0.0083875684,0.01893736,0.041721944,0.031232983,0,0.028974807,0,0,0,0.0082878638,0,0,0.0077068647,0,0,0,0,0,0,0.0092099886,0.001514635,0.012670791,0.0038731813,0.00027129627,0,0,0,0.020228375,0.00089447136,0,0,0,0,0.0040862663,0.00037449764,0,0.013294046,0.01238587,0.0028504683,0,0,0,0,0,0,0,0,0
0,0,0,0,0,0,0.00033686971,0.0035184133,0,0,0.0040384354,0,0,0.0038693235,0,0,0,0,0,0,0,0.0054740598,0,0.0028975899,0,0,0.0017988974,0,0,0.0015710915,0,0,0,0,0,0,0,0,0,0,0,0,0,0,0,0,0,0,0,0,0,0.036486011,0.025207212,0,0.026411006,0.015764115,0,0,0.019789454,0,0.013543676,0.0013168611,0,0,0,0.028365573,0,0,0.0040271669,0,0.005365266,0.022553364,0,0,0,0,0.026878908,0.0043988386,0,0,0,0,0,0,0,0,0,0,0,0,0,0,0,0,0,0,0,0,0,0,0,0,0,0,0,0,0,0,0.0028775379,0,0,0,0,0,0,0,0,0,0,0,0,0,0,0,0,0,0,0,0,0,0,0,0,0.0046154321,0,0.013685386,0.0144224,0.0023865856,0.011996735,0.0053554364,0.0093060611,0.013889374,0.0080262758,0,0.014184269,0,0.0040464648,0.02436466,0.030559227,0.041880921,0.036374629,0.045559071,0.022570701,0.046198949,0,0.032812111,0.034247831,0,0.018286113,0.017117107,0.024997957,0.024638895,0.01601004,0.01622333,0.015737303,0.0052074422,0,0.024091847,0.040215041,0.0085533829,0.025699293,0.0019123033,0.0080128275,0.0059430036,0.0082530137,0.01838473,0.015512111,0,0.015649591,0.014861425,0.029610638,0.038483851,0.010118142,0.014049525,0.017093085,0.013754333,0.032224294,0.025392409,0.019750077,0.026963402,0,0,0,0.0031215872,0,0,0.00011318363,0,0,0,0.0040300586,0,0,0.0082616936,0.0071054585,0.0039604655,0.0019686832,0.0023392381,0,0,0,0,0,0.00097474374,0.0044697849,0,0,0,0.0028515507,0.0021497188,0.018411096,0.0098410072,0,0,0,0.0037769196,0,0,0,0,0,0.0018630771
0.0058790622,0,0,0.001987766,0,0.0085646147,0,0,0,0,8.1793361e-05,0,0,0.0039503528,0.0011000501,0,0,0,0,0,0,0.0054627215,0,0,0,0,0,0,0,0.0014790304,0,0,0,0.013129565,0,0,0,0,0,0,0,0,0,0,0,0,0,0,0,0.033869144,0.020848691,0.081926823,0.035700727,0.024755744,0.019004149,0.021526182,0.015096498,0.014250753,0.020832684,0.010501989,0.029411897,0.0175134,0,0.0028017242,0,0.016519202,0.013001218,0,0,0,0,0.014697996,0.0088540995,0.000714653,0.010376583,0.02294571,0.0041153552,0,0,0,0,0.0064067193,0,0.018814463,0.011933952,0.013569199,0,0,0,0,0,0,0,0,0.0014395418,0.003247574,0,0,0,0,0.0037560468,0.003244936,0,0,0.00068651512,0,0,0,0.0034024087,0.017162422,0,0,0,0,0,0,0,0,0.0020204005,0,0,0,0.0018909012,0,0,0.00043271482,0.0021337918,0,0,0,0,0,0.0077620866,0.0071960567,0,0.013081416,0.0098820655,0.006606108,0.01213831,0,0,0.017952982,0.0025984808,0,0.014598014,0.010006972,0.0049249576,0.026383299,0.031274728,0.044468291,0.034607418,0.042633448,0.04694692,0.075573117,0.012559536,0.028746173,0.05507936,0.024856864,0.033096708,0.018920531,0.016320994,0.024156645,0.018549129,0.023800507,0.032311417,0.023752386,0.0069158748,0.016664539,0.035875909,0.011394801,0.023648694,0.00076901278,0.0080666179,0.0094380435,0.0060292357,0.015522501,0.012720278,0,0.018077707,0.010844367,0.015740618,0.012132274,0.022027126,0.0073376233,0.01410942,0.0023435254,0.019290727,0.019693948,0.010411515,0.013341221,0,0.0063384203,0,0.00039008452,0,0,0,0,0.00474115,0,0,0,0.00012981787,0,0.0037915029,0,0,0,0,0,0,0.0012408037,0.0031393275,0.0058215344,0.0034725417,0,0,0,0.012527049,0.0021916202,0.015520373,0.0081745461,0,0,0,0,0,0,0,0.0076470724,0.0019908336,0.0060798731
0,0.0052986322,0,0,0,0,0.0089587085,0.012117436,0,0,0.0015962513,0,0.0035745017,0.0010549233,0,2.1851472e-05,0,0.008838688,0,0,0,0.0043800217,0.0063135428,0.010302839,0,0,0,0,0,0.00048593391,0,0,0,0,0,0,0,0.0035742901,0,0,0,0,0,0.015069698,0.019732784,0,0,0,0,0,0,0,0,0.030117724,0.010516297,0,0,0,0.023747116,0.0067118509,0.013891146,0,0,0,0,0,0,0,0,0,0.013480199,0.021186959,0,0,0,0,0,0,0,0,0,0.012093334,0.022266844,0.029076025,0.029897872,0.024565419,0,0,0,0,0,0,0,0,0,0,0,0,0,0.0082932869,0,0,0.009668326,0.0031368337,0.0019425334,0,0,0,0,0,0,0,0,0,0,0,0,0,0.0011224103,0.0088595878,0.0026396262,0.020331193,0,0.001227773,0,0,0.0030004052,0.0043118857,0,0.0028736992,0.0035371282,0,0,0.0029958438,0,0.018316399,0,0,0.015256477,0,0.019644504,0.022352202,0.012688207,0.018104203,0.02229343,0.021655273,0.010533016,0.014385991,0,0.01873244,0.022828337,0,0,0.010021227,0.044834223,0.0087127509,0.025504315,0.033512384,0,0,0.01926356,0.024486206,0.0059737926,0.015932562,0.010157284,0,0,0.021149928,0.010315818,0,0.00040975082,0.0052891052,0.0062841526,0.0068396553,0.021948127,0.015736861,0.012512806,0.012207786,0.0074216798,0.017321603,0.01973764,0,0.011795002,0.0027418358,0.0049188156,0.012553659,0.014589039,0.058800548,0.057954956,0.022185016,0,0,0,0,0,0,0.0058168382,0,0,0,0,0,0,0.0084792366,0.00050534692,0.02150956,0,0,0.012259727,0.020553248,0.0155993,0.038607888,0.0099808611,0.0032457071,0,0,0,0.00032014877,0,0,0.010869329,0.0084130578,0.0017571561,0.0077196755,0.01411805,0.002821879,0,0.0041035344,0,0.0088843154,0.020946983,0.018183051
0,0,0,0,0,0.0031641449,0,1.4651134e-06,0,0,0.0002555282,0,0,0,0,0,0,0,0,0,0,0,0,0,0,0,0.00014576133,0,0,0,0,0,0,0,0.00082382967,0,0,0,0,0,0,0,0,0,0,0,0,0.0080457237,0,0.023021409,0.030060101,0.019968331,0.019071065,0,0.053309821,0.019800287,0.012327727,0.033448346,0.025662059,0.01651432,0.02402143,0,0,0,0.0078633791,0.026537251,0.030690107,0,0,0.017644878,0.0078259204,0.015819546,0.0052167261,0.0056024077,0.0016732365,0.0076560788,0.016544657,0,0,0.0038401964,0,0,0.0015506231,0.011433381,0.0031328623,0.016329003,0,0,0,0,0,0,0,0,0,0,0,0,0,0,0.0034756619,0.0066662258,0,0,0,0,0,0,0.0030630047,0,0.0068856338,0,0,0,0,0,0,0,0.0019325806,0,0,0,0,0,0,0,0.0013059659,0,0,0,0,0,0,0,0,0.0096831946,0.010546071,0,0.0051961085,0.0055421558,0,0.0033714611,0.0033019923,0.0098467972,0.0032037776,0,0.0076415287,0.0071739652,0.013487333,0.021929853,0.027934749,0.016908834,0.033005819,0.028862286,0.010843741,0.061680943,0.033113807,0.029669687,0.03455006,0.024616577,0.047352079,0.046376634,0.021453779,0.018746227,0.02171652,0,0,0.016896859,0.037632104,0.015043475,0.068217054,0.0044730208,0.015486228,0.019263191,0.0058998773,0.021715548,0.0029960494,0.012423766,0.010552729,0.005861639,0.0071935495,0.01750868,0.0071599684,0.0061682137,0,0,0.0074252365,0.0086952904,0.007492234,0.017604129,0,0,0,0.0085205864,0,0,0,0,0.00018204874,0,0,0,0,0,0.0044407053,0.0011706777,0,0,0,0,0,0,0,0,0,0,0,0,0,0,0.01264534,0,0,0,0,0.0066339574,0,0,0,0.0046222052,0,0.00012246858
0,0.0042168433,0,0,0,0.0083560385,0,0.0043276572,0,0,0,0,0,0.004861996,0,0,0,0.0023194985,0,0,0,0.0082392348,0,0.0018927356,0,0,0,0,0,0.0022344219,0,0,0,0.0069648526,0.010856806,0,0,0,0,0.024186701,0,0,0.011509465,0,0,0,0.012913455,0,0,0.038570721,0.024307158,0.036120333,0.052479606,0.027770225,0.020057451,0.016871903,0.010838358,0.029145848,0.036337659,0.014570837,0.02362534,0.00064021122,0,0.00066302775,0.0080754403,0.013432933,0.0073990957,0.0035193656,0.0088146599,0.0095393751,0.0087520611,0.016942328,0.020346466,0.0080825696,0,0.019717826,0.018479452,0.0030902384,0.0055940584,0,0,0.0056018936,0.0069225477,0,0.02005394,0.033141922,0,0,0,0,0,0,0,0,0,0,0,0,0,0.0084275622,0.0057556829,0.0025330049,0,0,0,0,0,0,0,0,0.010723515,0,0,0,0,0,0,0,0,0,0,0,0,0,0.0012818564,0,0.0075697242,0,0,0,0,0,0,0.0022049728,0,0.028554827,0.017916596,0,0.017090023,0,0,0.029820487,0.016378839,0.024260934,0.031314541,0.028989311,0.015097271,0.023588464,0,0.032789193,0.033627592,0.038500652,0.033622287,0.053815804,0.027527701,0.032264996,0.061792601,0.02714774,0.035580531,0.014328388,0.046410087,0.034715388,0.024487067,0.022083182,0.024167268,0.0068803644,0,0.023862047,0.023183551,0.0085188011,0.024342617,0.00064531306,0.014949618,0.021734821,0.012267271,0.020086909,0.033322219,0.0089938473,0.010014899,0.016410192,0.023451628,0.025248814,0.027032048,0.0013902681,0.0081582498,0.014104506,0.023711527,0.027728572,0.026736815,0.03434037,0,0,0,0,0.00053014711,0,0.00016112809,0,0,0,0.0030041514,0,0,0.0043566227,0.013333815,0.010908233,0.0024990179,0.0017446459,0,0,0,0.017759223,0.006915296,0,0,0,0,0,0,0,0,0,0,0.00078713882,0,0,0,0,0,0.0027119557,0,0
0,0.0020909912,0,0,0,0.0066949753,0.00014840426,0.0027661815,0,0,0.0017132321,0,0,0.0016346897,0,0,0,0.0025675436,0,0,0,0.00342238,0.00010007554,0.0027579251,0,0,0,0,0,8.3523599e-05,0,0,0,0,0,0,0,0.0030455226,0,0,0,0,0,0,0,0,0,0,0,0.026271198,0.031438231,0.023794493,0.020713482,0.043881051,0,0.023155572,0.022498686,0.023988785,0.021256048,0.030443558,0.041114233,0.014043769,0,0,0,0,0,0,0.0065114819,0,0.0070580905,0.029883286,0.015265028,0.0093266945,0.0068492042,0,0,0,0.013732751,0.0083473362,0,0.0081971763,0.0079088518,0.03461998,0.022073643,0.036691796,0,0,0,0,0,0,0,0,0,0,0,0,0,0,0,0.0053002168,0,0.0016640354,0.0082419906,0,0,0,0,0,0,0,0,0,0.0020137397,0,0,0,0.0023307679,0,0,0.0058821836,0,0,0,0,0,0.0033402923,0,0,0.0015472043,0.0016783506,0,0.0047663138,0,0,0,0,0.010039992,0,0,0.011890602,0,0.0010018002,0.011919895,0,0.0043292954,0.015481614,0,0.031198019,0.035450846,0,0,0.025101509,0.035910286,0.030312667,0.028063472,0.052145351,0.030726636,0.029663134,0.026804294,0.029218569,0.032397561,0.03142973,0.046600726,0.017953467,0,0.015007481,0.023647528,0.0030043635,0.022840856,0.0031546219,0.0064563518,0.010106875,0.013491997,0.030259201,0.020807099,0.0067993677,0.012676669,0.0042955372,0.012337132,0,0.010211809,0.0058269626,0.0095937671,0.0056595756,0.020990461,0.043319434,0.029123181,0.035031199,0,0,0,0,0,0,0,0,0,0,0,0,0,0,0.0001738037,0.0064952015,0,0,0,0,0.0063565187,0.0082116108,0,0,0,0,0,0,0,0,0,0,0,0,0.0035094735,0,0,0,0,0.0050335317,0,0.0028734107
0,0,0,0.02487595,0,0.0066165952,0,0,0,0,0,0.0091702826,0,0.0052523483,0.022086719,0,0,0,0,0,0,0,0,0,0,0,0,0,0,0,0,0,0,0.02631266,0,0,0,0,0,0,0,0,0,0,0,0,0,0,0,0.0017789975,0.01991378,0.032080069,0,0,0.013149546,0.055608045,0.028861459,0,0.0036699432,0.029292148,0.035475478,0.058692656,0,0,0,0.014220024,0.019465875,0.011001891,0,0,0,0.022527112,0.0078256223,0.004109934,0.022658229,0.018702827,0,0,0.017233729,0,0,0,0,0,0.01643754,0.0061318423,0,0,0,0,0,0,0,0.0031932504,0.0078417864,0.027808234,0,0,0,0,0,0.012738256,0,0,0,0,0,0,0.0016311423,0,0,0,0,0,0,0,0,0,0,0,0,0,0.0030163447,0,0,0,0,0,0,0,0,0,0.020850506,0.0098450342,0,0.012587795,0.0055564116,0,0.016373612,0,0,0.022885036,0,0,0.017415507,0,0.001310076,0.023829591,0.029241825,0.026669566,0.029989641,0.00025545631,0.018057249,0.032494143,0.0014655121,0.034295317,0.035608836,0.030138483,0.059865754,0.051916052,0.016158359,0.011502055,0.040729418,0.028096309,0.044244986,0.069400802,0.035913132,0.003373744,0.016793568,0.016269352,0.036446556,0.0072118863,0.018129079,0.020043112,0.015891505,0.031155985,0.025830824,0,0.011013126,0,0,0.009807203,0.022054581,0.015011692,0.030737724,0,0.021459492,0.018229693,0.0096616428,0.0091389911,0,0.029658502,0,0,0,0.02744926,0,0.0034671142,0.0054999636,0.035841469,0,0,0.010658201,0,0,0,0,0,0.00039555924,0,0,0,0,0,0.0021402962,0,0.032605179,0,0,0,0.00165154,0.0024301664,0,0,0,0,0.0026537115,0,0,0.010215948,0.0022520297,0.0064733052
0.0067652003,0,0.00029484433,0.015763901,0.013380905,0.0018111225,0,0,0,0,0,0.00284324,0,0.0059393342,0.012114161,0,0,0,0,0.011336355,0.011633451,0,0,0,0,0.0066698431,0.00030738304,0,0,0,0.01544793,0,0.0057709967,0.012790963,0.011304696,0.01195748,0,0.010974697,0,0,0,0.011906639,0,0,0,0,0.013194616,0.014784304,0.018011753,0.0075086318,0,0.015961647,0,0.017123392,0.01673873,0.036391199,0.050932396,0,0.0063731307,0.03755999,0.023067437,0.039019611,0.025619227,0.013333735,0.0041975016,0.027679702,0.032385275,0.019672465,0.014104691,0.02110317,0.018403813,0.03955033,0.015333468,0,0.020479856,0.018283706,0.013993373,0.0093690883,0.018104916,0,0,0,0,0.016605403,0.026265156,0.012883152,0,0,0.010291822,0,0,0.0076185912,0,0,0.0089460034,0.017657835,0,0,0,0,0,0.0038068264,0,0,0,0,0,0,0,0.0025021587,8.0891252e-05,0,0,0,0,0,0,0.00025328615,0,0,0,0,0,0,0,0,0,0,0,0,0.0055760946,0.0038852759,0.011338406,0,0.012758861,0,0.0043253363,0,0,0,0,0,0,0,0,0.0046241311,0.0055135144,0.012104545,0.017144542,0.018483056,0.025602356,0.0064489916,0.016148096,0.017679539,0,0.023218382,0.013696718,0.027874272,0.051239096,0.06554535,0,0.027883867,0.040862419,0.02966499,0.024425292,0.04366469,0.025261128,0.011227896,0.029403891,0.022712737,0.052301276,0.010779507,0.03912285,0.029505467,0.029511239,0.077850208,0.028747674,0.0024115662,0.011088735,0,0,0.026537636,0.018333731,0.011018538,0.021665443,0,0.02252749,0.025346015,0.020599619,0.013435123,0,0,0.010754768,0,0,0.023113063,0,0,0,0.018821593,0,0,0.0056978175,0,0,0,0,0,4.2546304e-05,0,0,0,0,0,0,0,0.016246838,0,0.016969789,0,0,0,0,0,0,0,0,0,0,0,0,0.0030078748
0,0.016440688,0,0,0,0.0036476608,0,0.0084202364,0,0.0035515644,0.0098685864,0,0,0.0051938118,0,0,0,0.017005676,0,0,0,0.0071456917,0,0.0078244675,0,0,0,0,0,0,0,0,0,0,0,0.0009143714,0,0,0,0,0,0,0.014811935,0,0.024831429,0,0,0,0,0.02813605,0.016352911,0.0081893597,0.043628816,0.019008528,0.03383081,0,0,0.071666755,0.040567543,0,0.023532417,0,0,0,0.0025275433,0.0092081828,0.0045474051,0,0.00055983744,0,0,0.0076966016,0.0020263498,0.0018741775,0,0,0.015750056,0,0,0.015099769,0,0.0024153003,0.0058334717,0.012059877,0,0.019008921,0,0,0,0,0,0,0,0,0,0,0,0,0.0029703188,0.0097134253,0.0071623912,0,0,0,0,0,0,0,0,0,0.01194398,0,0,0,0,0,0.0095375851,0,0.0054815025,0,0.01254761,0,0,0.0082585122,0.0099697113,0.0036694754,0.013825226,0,0,0,0,0,0,0,0,0.005173584,0.0097410586,0,0,0.0054428559,0,0,0.017291801,0.03132607,0.0021995145,0.014925763,0.0037126783,0,0.0017299304,0.016057558,0.016692538,0.023464466,0.025057128,0.015948839,0.020974968,0.047664199,0.046644755,0.026513344,0.016671374,0,0.11860055,0.054088913,0.027045112,0.0091445083,0.037312206,0,0,0.013116616,0.016199352,0,0.014207574,0,0,0.0049600159,0,0.00083968864,0.0014116167,0.0094922259,0,0.0042322585,0.01427432,0.003978495,0,0,0,0.0042727208,0,0.005256379,0.0073645962,0.018565085,0,0,0,0,0.020779271,0,0,0,0,0,0.0066724801,0.0055026701,0,0.013819668,0.0080367131,0,0.002409579,0.013936224,0,0,0,0.011836846,0.00086158945,0,0,0,0,0.043839209,0,0,0.014081878,0,0.035817593,0,0,0,0,0.0016373448,0.0011493317,0,0,0
0,0,0,0,0,0.0032705409,0,0.0055391109,0,0,0.0021473784,0,0,0,0,0,0,0,0,0,0,0.0059946063,0,0.0013986764,0,0,0.00064943737,0,0,0,0,0,0.0015009063,0,0.0037473298,0.01644443,0,0,0.0027492077,0.015207594,0.0059984005,0.011578535,0.016070796,0,0,0.017856743,0,0.010309491,0.020254292,0.024888618,0.021442328,0.013489914,0.031194542,0.023637261,0.037379302,0,0.015937608,0.041471235,0.048588343,0.0017579101,0.029888555,0,0,0,0.008770342,0.015850961,0.022451529,0.0039083525,0.011285775,0.0091981534,0.0038853581,0.027898688,0.01325688,0.0036032144,0,0.010606905,0.013644457,0,0,0,0,0,0.0092592267,0,0.012693526,0.019936081,0,0,0,0,0,0,0,0,0,0,0,0,0,0.0038177264,0.0026254086,0,0,0,0,0,0.010020924,0,0,0.0079873437,0.0084718224,0,0,0,0,0,0,0,0,0,0.00029317685,0,0,0,0,0,0.0020777844,0,0,0,0,0,0,0,0.0018193178,0,0.013704355,0,0,0,0.012067503,0,0.018679954,0,0,0.026964927,0.012293382,0.0052972324,0.001553722,0.022722617,0.025916759,0.022135349,0.02338838,0.022671964,0.025816176,0.044595249,0.033896368,0.027299497,0.010531823,0.027810564,0.052658647,0.075029984,0.014829117,0.041627325,0.020092813,0.010270232,0,0.021580961,0.015731189,0.0033650496,0.03081046,0.0045876214,0.0099205952,0.015882246,0.011136408,0.033747621,0.013077433,0.0033998084,0.0013833925,0.0050211782,0.016417336,0.021899521,0,0.0023896657,0,0.0043106126,0.0004221253,0.017513076,0.018808303,0.014346453,0.010605642,0,0,0,0,0,0,0,0.00073260034,0,0.00048859522,0.0087524299,0,0.0081753097,0.0040351283,0.0015499212,0.00071116118,0,0,0,0,0,0,2.7165792e-05,0,0,0,0.014736908,0,0,0.0059991106,0,0.014482263,0,0,0,0,0,0,0.0021479784,0,0.0034174647
0.0062575391,0,0,0.01338228,0,0.0022642331,0,0,0,0,0.01167622,0.0028779733,0,0.012899265,0.0065560723,0,0,0,0,0,0.007095986,0,0,0,0,0,0,0.0088521466,0,0.0019558053,0.011837149,0,0,0.0098633263,0.01023912,0,0,0.012691662,0,0.0092152571,0,0,0,0,0,0,0,0,0,0.0076983506,0.030547196,0.020267218,0.0015227675,0.024162695,0.021055117,0.032632943,0.032264739,0,0.0073086345,0.062439423,0.041861136,0.033443987,0.025876027,0.0050516147,0.0018556906,0.022404157,0,0.018481301,0.010996897,0.017665364,0.017330196,0.035897065,0.026659364,0.016820837,0.022556316,0,0.0090861525,0.0094267679,0.012295215,0,0.014011766,0.0010270143,0.0020127476,0.022238418,0.026728109,0.031688645,0,0,0,0,0,0,0,0,0.0073081637,0.0068366602,0,0,0,0,0,0.0074906885,0,0.0044475705,0,0,0,0,0,0,0,0,0,0,0,0,0,0,0,0,0,0,0,0,0,0,0,0.0003446,0,0,0,0,0,0.0062211631,0.011524189,0,0,0,0,0,0,0,0,0,0.0091745267,0,0,0.010170564,0.0063519455,0.019702021,0.027552301,0.0117171,0.016123539,0.018508164,0.0078980047,0.021579463,0.024963465,0.031986691,0.041078679,0.042584371,0.026973244,0.016483415,0.13564393,0.028952951,0.054621257,0.037787817,0.024406137,0.0085989628,0.019540368,0.01609984,0.035390191,0.01361713,0.025354058,0.022238262,0.028160751,0.040766358,0.063768528,0.021415381,0.023770165,0,0.001276843,0.024647938,0.026570404,0.01245814,0.019763332,0.0018242106,0.029930657,0.02643567,0.023014072,0.042089593,0,0.017198214,0,0,0,0,0,0,0,0.017568119,0,0,0,0,0,0.0093167853,0,0,0,0,0,0.00079285109,0,0,0,0,0.015148299,0,0,0,0,0,0,0,0,0,0,0,0,0,0,0.0016760411
0.0021780082,0,0,0.0041240947,0.010363264,0.0087341722,0,0.0020795311,0,0,0,0,0,0.0012193357,0,0,0,0,0,0,0.0083451727,0.0043449388,0,0,0,0,0,0,0,0,0,0,0,0,0.014466447,0,0,0.0061936141,0.0014470259,0.0085348869,0,0.018914532,0.00090504234,0,0.0033341404,0.0048492523,0.013085768,0.021932311,0.028007781,0.01218925,0.021016818,0.022224698,0.0090500992,0.027925875,0.022992399,0.020861331,0.03182175,0.0084862821,0.031052187,0.018153515,0.076880418,0.03142697,0.009974394,0.0076232762,0.0076092468,0.012459536,0.015742835,0.0094468947,0.01037738,0.020894829,0.022707617,0.045137055,0.014632368,0.001418176,0.0075495117,0.018310459,0.0041259383,0,0.012328221,0,0,0.0032158936,0,0.020521581,0.031277861,0.012474058,0,0,0,0,0,0,0,0,0.002419428,0.00040227274,0,0,0,0,0,0,0.0040817098,0.013292206,0,0,0,0,0,0.0098351743,0,0,0.0035062085,0,0,0,0.00013670072,0,0.00024337364,0,0,0,0,0,0,0,0,0.003348466,0.00047910685,0,0.012026344,0.0056466027,0.0043179449,0.0040981593,0,0,0.01025532,0,0.012090581,0,0.011541686,0,0,0,0.018772619,0.0096615609,0.0080297431,0.013699989,0.0099105742,0.029081568,0.027636293,0.014308883,0.01446805,0.021863341,0.016321177,0.01657296,0.020456703,0.029214546,0.026711756,0.028654929,0.0072580418,0.040598281,0.026815137,0.083577409,0.070982076,0.048653118,0.01245894,0.0093300808,0.0095706228,0.0028978356,0.020113003,0.015124915,0.0078620762,0.016875999,0.036323823,0.058002882,0.017227624,0.00063551858,0.00070304202,0,0.0051618898,0.012553607,0.010493791,0.0034710723,0.015069286,0,0.013368445,0.020139372,0.03290062,0.010954768,0,0.016466424,0,0,0,0,0,0,0,0.0011668985,0,0,0,0,0,0.00067598728,0,0,0.0038627242,0.010983386,0,0,0,0,0,0,0.0024086998,0,0.01013073,0,0.00052600162,0,0,4.8138547e-05,0.0015878344,0,0,0,0,0.0079176789,0.0029067432,0.011575733
0.0056909099,0,0,0.0089041088,0.010844646,0.0096518509,0,0,0,0,0.0038966562,0,0,0.010777274,0.0025267415,0,0,0,0,0.0039463863,0.011353348,0.000109983,0,0,0,0,0,0.0019397835,0,0,0.0032230509,0,0,0.016230097,0.0086697759,0,0,0.0072753294,0,0,0,0,0,0,0,0,0,0,0,0.011562393,0.02197206,0.030110445,0.010793746,0.037192967,0.022493524,0.03302246,0.02006839,0.017948654,0.023553975,0.030029293,0.11046962,0.046366759,0.018186333,0.0015856996,0.0030560601,0.0097927488,0.014918478,0.007424864,0.008806196,0.019531392,0.0097475853,0.027917579,0.012630393,0.0061564571,0.013018118,0.018076515,0,0,0.011916478,0,0,0,0,0.015405795,0.02949271,0.018948618,0,0,0,0,0,0,0,0,0.0018626001,0.0056495233,0,0,0,0,0.002810623,0.007627619,0,0.029855847,0,0.00098599028,0,0.0012848461,0,0,0,0,0.00078590988,0.0025971499,0,0,0,0,0,0,0,0,0.0011986431,0,0,0,0,0.006086485,0.00056760263,0,0.007356564,0.007778062,0.0082715983,0.0094872313,0.011720066,0,0.0046097878,0.0017208557,0.01191747,0,0,0,0,0,0,0.0057538124,0.0014861408,0.016320184,0.024046632,0.027635667,0.03281527,0.0077299527,0.015671771,0.032314651,0.01248068,0.021353897,0.024729479,0.046652652,0.044695754,0.025263945,0.037201125,0.021382043,0.054476447,0.07373596,0.15117723,0.064546645,0.017024336,0.0056310166,0.014951838,0.008375546,0.02249058,0.0051210071,0.0069378773,0.018244516,0.011182294,0.025441762,0.013756764,0.0027347431,0.0064155287,0,0.0056769117,0.0065360097,0.012221894,0.006842067,0.017328691,0,0.013175475,0.019668953,0.017990338,0.017601419,0,0.020966647,0,0,0,0.003292426,0,0,0.00087512593,0.006812586,0,0,0.00048759783,0,0,0,0,0,0,0.022984449,0,0,0,0.00010247059,0.00052713498,0,0,0,0.020073118,0,0.005576916,0,0,0.005497952,0,0,0.00039056217,0,0,0.0083510512,0.0014496187,0.0072595649
0.017037693,0,0,0.037867986,0.026413199,0.0015042693,0,0,0,0,0.0012957914,0.013021487,0,0.017829081,0.027767494,0.00047616841,0,0,0,0,0.023744684,0,0,0,0,0.0052254931,0.0057763797,0,0,0,0.029606378,0,0.011352959,0.027467538,0.012532627,0.010690218,0,0.023300704,0.0041628741,0,0,0,0,0,0,0,0.023655601,0.023420386,0.021261979,0,0,0.027186777,0,0.012447015,0,0.048347466,0.027489293,0,0,0.027498534,0.04025751,0.08265467,0.057144396,0,0,0,0.0060182814,0.0051288195,0.0020477602,0.013339905,0.0065129986,0.021745138,0.0036088289,0,0.019394305,0.017060842,0,0,0.021347661,0,0,0,0,0.0067590252,0.020718696,0.00047199964,0,0,0.019662162,0,0,0.02119977,0,2.7125629e-05,0.0057482063,0.035622068,0,0.0056592473,0,0,0,0.01274191,0,0.003276373,0,0.020751301,0,0.010967245,0.0025251892,0.0066420077,0,0,0,0,0,0,0,0.013176493,0,0,0,0,0,0,0,0,0,0.00608321,0.00048618359,0,0.0075646206,0.011522662,0.024958534,0.011436818,0.021998765,0,6.9297612e-06,0,0,0,0,0,0,0,0,0,0,0.022145737,0.020991655,0.02283196,0.022064051,0,0.0035619226,0.021834956,0,0,0.0054343161,0.016190879,0.068045564,0.042800028,0,0.0092900125,0.036140956,0.048599038,0.062767968,0.086419448,0.042487361,0,0.0013087824,0.0075797192,0.010708656,0.0087404093,0.010764551,0.003685069,0.013693805,0.026951846,0.019410497,0,0.0069363937,0,0,0.0030400236,0.028326318,0.01826762,0.038829379,0,0.025563661,0.017626073,0.008975368,0.0042941887,0,0.037386239,0,0,0,0.036488902,0,0.0027918457,0,0.043727137,0,0,0.0094425865,0,0,0,0,0,0.0026325565,0,0,0,0,0,0,0,0.044038747,0,0.03667881,0,0,0,0,0,0,0,0.001255641,0,0,0.006317182,0,0.0015768778
0.0066530043,0,0,0.031030124,0.024468029,0,0,0,0,0,0.0031518326,0.011077309,0,0.0028958251,0.018021505,0.00092820311,0,0,0,0.022524172,0.021452326,0,0,0,0,0,0.0051952209,0,0,0,0,0,0.020570947,0.03955891,0,0,0,0,0.0092567932,0.01861704,0,0.012189432,0.001345976,0.020661807,0,0.0016359678,0,0,0,0,0,0,0,0,0.0016882264,0.031706471,0.023964237,0,0,0.017928805,0.01244121,0.045131575,0.071766026,0,0.01899514,0.01309822,0.021980053,0.02586164,0.018311052,0.02829197,0.011927778,0.013637397,0.020226017,0.0090694297,0.026801255,0,0,0.00069674273,0.021898244,0,0,0,0,0,0.013510892,0,0,0,0.013454273,0,0,0.020029303,0,0,0.012113234,0,0,0.0014154493,0,0,0,0.016954513,0.0029137093,0,0,0.02183819,0,0,0,0,0,0,0,0,0,0,0,0,0,0,0,0,0,0,0,0,0,0.005643927,0,0,0.0056045828,0.020002816,0.0533747,0.034811623,0.048939668,0.0098409178,0.048719678,0.0083238482,0.013686039,0.0044680084,0.0031691168,0.013875879,0.001702535,0,0.0074600279,0,0.022751927,0.011317726,0.01187004,0.005766551,0.011281655,0,0,0.005477035,0,0,0,0,0.035128076,0.024891198,0,0,0.023384852,0.012591055,0.016103907,0.042574473,0.10828564,0.037205361,0.011365528,0.024503626,0.022845257,0.01939629,0.032792658,0.02992845,0.015331398,0.022845577,0.029662833,0.000328939,0.016934253,0,0,0.011236476,0.025050621,0.02031827,0.033617813,0,0.013656365,0,0.01080319,0,0,0.034980446,0.012499674,0.0016168102,0,0.0287618,0,0,0.0088978307,0.068864301,0,0,0.0026479461,0,0,0,0,0,0.0025788976,0,0,0,0,0.014926257,0,0,0.047641914,0,0.031374734,0,0,0,0,0,0,0,0,0,0,0.0089660157,0,0.0085318936
0.00036746066,0.0080410196,0,0,0,0.0024427578,0,0.003254849,0,0.0010738425,0.0011046219,0,0,0,0,0,0,0.0056474227,0,0,0,0.0032275165,0,0.00026285215,0,0,0,0,0,0,0,0,0,0.013241375,0,0,0,0,0.0096720289,0,0.0076467334,0,0.026792994,0.020973276,0.024775041,0.02499911,0,0,0,0.013103801,0,0,0.018598178,0,0,0.0073037795,0.0076582222,0.013609283,0.016670614,0.0041879248,0.0096028987,0,0,0,0.017473584,0.019934282,0.017001484,0.015128754,0.018024346,0.015509566,0.021236219,0.016647773,0.022700274,0.011935807,0.0070960969,0,0.020200718,0.01243888,0.009521706,0,0,0.0050243405,0,0.014584398,0.022963934,0.014193478,0,0,0,0,0,0.0027197041,0,0,0,0,0,0,0,0.011359905,0,0.0055435137,0.0035030383,0,2.2435719e-05,0,0,0,0,0,0,0,0,0,0,0,0,0,0,0,0,0,0,0,0,0,0,0.0082097696,0,0,0.011207014,0,0.0047273431,0.015279618,0.024876749,0.022344191,0.057111979,0.012938321,0.017458994,0.009005161,0.014952834,0.021120392,0.04102236,0.021728812,0.025275689,0.025490027,0.035637304,0.015684906,0.018517483,0.015795674,0.019320833,0.013634449,0.022846561,0.015259363,0.022277515,0.016038656,0.023357095,0.01414372,0.0031407911,0.011753276,0.012950224,0.022162925,0.0077743707,0.010588991,0.0049609384,0,0.038071871,0.10645457,0.023844209,0.010523375,0.018631132,0.016929284,0.022769682,0.020945484,0.026579624,0.017001299,0.021106113,0.01565207,0.015514746,0.059211694,0.043710195,0.031484097,0.020763401,0.0062801652,0.0081294086,0.01200089,0.012608153,0.016437609,0.026009738,0.017062925,0,0,0,0.0014954151,0,0,0.0075490037,0,0.0028175705,0,0.0019700886,0,0,0.0087324046,0.016513456,0.010822395,0.0032875384,0.00051714445,0.0049594641,0,0,0.0046231085,0,0.049592193,0.028497364,0,0,0,0.0061530424,0.0028155951,0.023955302,0.0039456403,0,0,0.00020668606,0.0011141467,0,0.0076248841,0,0.013239937,0.0020545672,0.018750984
0,0,0,0,0,0.0023746013,0,0,0,0,0,0,0.0026890237,4.463581e-05,0,0,0,0,0,0,0,0,0,0,0,0,0,0,5.3661111e-05,0,0,0,0,0,0,0,0,0,0,0,0,0,0,0,0,0,0,0.012222773,0,0.01523566,0.028040802,0.023074759,0.01522425,0,0.02401052,0.016456271,0.024594104,0.014345689,0.011645718,0.023347361,0.010922492,0,0,0.023417715,0.018378329,0.058289468,0.046258599,0.027768632,0.020615308,0.015028678,0,0.022168655,0.024363212,0,0,0.012859593,0.035808854,0.0092595126,0,0.0071271891,0,0.013741611,0,0.018295368,0.0092559606,0.016531439,0,0,0,8.3059742e-05,0,0,0,0,0.011752005,0,0,0,0,0.0076964246,0,0,0,0,0,0,0,0.00010673511,0,0.0063674552,0,0,0,0,0,0,0,0,0,0,0,0,0,0,0,0,0,0,0,0,0,0,0.003421712,0,0,0,0,0,0,0,0,0.008461819,0.0023875334,0,0.0082255807,0.0072159781,0.019033829,0.013337227,0.017028011,0.025612306,0.023868205,0.017251972,0.040781964,0.03613811,0.012863817,0.038134556,0.024523044,0.023184707,0.017372254,0.031403162,0.016361756,0.017832048,0.019534456,0.011949106,0.015383072,0.0032251906,0.013367034,0.02585285,0.048316635,0.042879514,0.068176553,0.0089787971,0.035466257,0.025887985,0.012292275,0.024679499,0.030008713,0.010519829,0.032637697,0.012021478,0.010194644,0.052419253,0.018399037,0.0048538954,0.011260523,0.010353384,0.021916362,0.022784296,0.012277857,0.014220625,0,0,0,0.0068654977,0,0,0,0,0,0,0,0,0,0.0083091892,0.0016464224,0,0.0054834788,0,0,0,0,0.0024044358,0,0,0,0,0,0,0.0067134686,0,0.0082846703,0,0,0,0,0,0,0,0,0,0,0
0,0,0,0.0014380983,0.0076808087,0,0,0,0,0,0,0,0,0,0.0084447432,0.0011693825,0,0,0,0,0.0045879763,0,0,0,0,0,0,0,0,0,0,0,0,0,0.010250563,0,0,0,0.00039419305,0.0053700311,0,0.0034760269,0,0,0,0,0.0056417384,0.0044359397,0.0026824486,0,0,0.00089525804,0,0,0.0010301843,0.0052348836,0.0099090487,0,0.00040037656,0.011633498,0.003605519,0.0070002289,0.016236888,0.034465458,0.041802671,0.028216038,0.026007751,0.04724931,0.029235009,0.015893634,0.019478116,0.011786208,0.027883926,0.026373684,0.039185397,0.0044095633,0.015156807,0.022909675,0,0.004299595,0,0,0,0.0050760596,0.011182151,0.0025496022,0,0,0,0,0,0,0.012886263,0.031700455,0.05150605,0.014069634,0,0,0,0.024816547,0.012831996,0.015097956,0,0,0.00054770114,0,0,0,0,5.1424046e-05,0,0.0065226732,0,0,0,0,0,0,0,0,0,0,0,0,0,0,0,0,0,0,0,0,0.012332587,0.0034749762,0,0,0.0012291095,0,0.0012121869,0,0,0.0041850917,0,0,0.00042132655,0,0.028419558,0.0062905056,0.0080072703,0.0025189195,0.005260041,0,0.0065864041,0.0096844546,0,0.013684253,0.0072612083,0.0011587172,0.015366292,0.022483427,0,0.003074097,0.014661078,0.0030932506,0.0073803687,0.0076661827,0.025194069,0.0099984203,0.040430091,0.099752329,0.064785942,0.042037558,0.085443363,0.037583876,0.021030502,0.013675174,0.037461072,0.033267383,0.052183758,0.0010541023,0.0014132683,0.029715512,0.024777658,0.0023969682,0.010327362,0.015359339,0.013827816,0.013121875,0.015304414,0.0052731242,0,0.01124521,0,0,0,0.0020987093,0.036579952,0.074969165,0.069122732,0.026554992,0,0.0061750868,0.0053937477,0.032231655,0.031306051,0.0063967137,0.024070174,0.0060210107,0.0120937,0,0.0054608439,0,0.0073149651,0.016542168,0,0.023273544,0,0,0.0022894493,0,0,0,0,0,0,0,0,0.0049713217,0.0024070558,0,0,0.01509496
0,0,0,0,0.0070502525,0.0034431734,0,0,0,0,0,0,0,0,0,0,0,0,0,0,0.0043619289,0,0,0,0,0,0,0,0,0,0,0,0,0,0,0,0,0,0,0,0,0.0073617264,0.0072950749,0,0,0,0.0081938477,0.0065667033,0.01326099,0.012405279,0.028214073,0.015218508,0.0034218673,0,0.035071008,0.021589223,0.032470003,0.0068885498,0.019275254,0.029877365,0.020244781,0.010812806,0.010356973,0.022415927,0.019193429,0.049791683,0.056307547,0.034579694,0,0.029585784,0.016104676,0.028562192,0.022879237,0.017608128,0.02216349,0.013536336,0.025059277,0.0033945455,0,0,0,0.0010581005,0,0.014286032,0.0093985572,0.0098299235,0,0,0,0,0,0.0035491311,0,0,0.011557361,0,0,0,0,0.00096318405,0,0.004542375,0,0,0,0,0,0,0,0.0054630977,0.00069397752,0,0,0,0,0,0,0,0,0,0,0,0,0,0,0,0,0,0,0,0,0,0.009125107,0.0062876148,0.014478055,0.011228496,0.010010561,0,0.0060351747,0,0,0.0087529821,0.0024266415,0,0.0077212909,0.0069527118,0.021625087,0.0067474106,0.012273498,0.020310786,0.02536035,0.0070051267,0.025274467,0.02328654,0.0019963766,0.067691363,0.024668239,0.021642566,0.036235418,0.053383373,0.013514454,0.03208258,0.034414515,0.021843752,0.022483557,0.012279766,0.024247723,0.01944384,0.066978082,0.065978833,0.086555354,0.018202921,0.056042172,0.041758828,0.016862767,0.03561715,0.032154452,0.015318498,0.025193032,0.0022165342,0.0034591402,0.035404865,0.019417834,0.002965214,0.012128701,0.00026961352,0.016611556,0.01631943,0.011752725,0.013536073,0,0.010550646,0,0,0,0,0,0.00081688474,0.0075493352,0.0018044512,0,0,0,0,0.003443385,0.0013051732,0,0,0,0,0,0,0,0,0,0,0.0022107572,0,0.0093099168,0,0.0049590287,0,0,0,0,0,0,0,0,0,0,0.0015204478
0,0,0,0,0.0095120203,0.0015618735,0.0029338466,0.0059510004,0,0,0,0.0016258245,0,0.00274525,0.0041671037,0.00047082236,0,0,0,0,0.007323897,0,0,0.0030677777,0,0,0,0.0030052091,0,0,0.0024729595,0,0.013633387,0.011338944,0.016879933,0.013983774,0.0065757325,0.0074926093,0.013857627,0.0042734854,0.0050332816,0.01537781,0.014963441,0.0179167,0.0085017923,0.012329077,0.0017687682,0.0014731288,0.0026690043,0,0.002439474,0,0,0.00090360304,0,0.0008919402,0.015050858,0,0,0.0074322447,0.0072168894,0.0053272648,0.012055847,0.03218247,0.047222164,0,0,0,0.062854193,0.027967524,0.052633863,0.020216426,0.027527234,0,0,0.00097433588,0,0,0.0069980295,0,0,0,0.019896317,0.0064888559,0.024666471,0,0,0,0,0,0,0,0,0.024268549,0,0.0043932567,0,0,0.00073643692,0.017806992,0.0038223579,0,0.037470799,0.011269082,0.00042953348,0,0,0,0,0,0,0.032320224,0,0,0,0,0,0,0,0,0,0,0,0,0,0,0,0.013021447,0,0,0.017872397,0.0064161643,0.0088804681,0.015370103,0.015508479,0.011084454,0.0096392641,0.014016172,0.011489345,0.0081734564,0.016146393,0.015317524,0.013244107,0.0025325199,0.013542126,0.021836527,0.056592274,0.0066456748,0.0046775765,0.0032080659,0.00027697024,0,0,0,0.0036093246,0.0018966822,0,0.00053237384,0.0050338991,0.0092521291,0,0.0024456489,0.011265341,0.014069733,0.0028689287,0.0076426333,0.018386818,0.014349902,0.0057234117,0.040284492,0.015796822,0.089321643,0.040023457,0.068646565,0.061623454,0.02058086,0.026429605,0.039062582,0.022285877,0,0.0024838618,0.018234963,0,0.0017012917,0.012115531,0.0069706193,0.0063538076,0.01275664,0.029594293,0.0075607984,0,0.0023257805,0.0016092906,0,0,0.0034945677,0.021130577,0.027403209,0.043063112,0.01465313,0,0.0012825547,0.0099081388,0.01767417,0.016129486,0.01935745,0,0,0.053055871,0.0090223234,0,0.0016067422,0,0.036521077,0,0.0047895708,0,0,0.0003597709,0,0,0,0,0,0,0,0,0.012888873,0.00010983192,0.020676266,0,0.05498004
0.0030868095,0,0,0.002933332,0.0088660922,0,0,0,0,0,0,0,0,0.0031060826,0.0026740313,0,0,0,0,0.0025193838,0.0053401487,0,0,0,0,0,0.00078616058,0,0,0,0,0,0,0,0.034404717,0.015574197,0,0,0.0098936167,0.01803753,0,0.013501692,0,0,0.004662123,0.01585521,0,0.0064904252,0,0,0,0.0095135206,0.00031975767,0.0055579282,0.0074382601,0,0.019120358,0,0,0.019269442,0.0044605243,0,0.017086608,0.033693939,0.044552483,0.027820598,0.027901193,0.053639747,0.042418402,0.039158199,0.02613074,0.019460598,0.034290303,0.02452025,0.033928886,0,0.015024562,0.013979621,0.010084461,0,0,0.0058736647,0.0053821825,0.0075212354,0.016529644,0.0075936555,0,0,0.00090521143,0,0,0,0,0.012011052,0.030757114,0,0,0,0,0.0085318685,0.0075446339,0.014891768,0.0051135318,0,0,0,0,0,0,0,0.0033557601,0.0096337292,0,0,0,0,0,0,0,0,0,0,0,0,0,0,0,0,0,0,0,0,0.010406859,0.0072614523,0.029594893,0.015761219,0.016681772,0.012437019,0.012261102,0,0.010776124,0.017087426,0.016715093,0.00061227486,0.013831516,0.011644414,0.049810987,0.0068739792,0.0046028132,0.0044671865,0.0099945581,0,0.0065743728,0.006581109,0.0065947687,0.014535874,0.013804272,0.0051503251,0.017271291,0.039279576,0,0.010082167,0.024214843,0.0083841067,0.0059753312,0.011052025,0.033563294,0.02245282,0.033358838,0.085474961,0.055194922,0.042082634,0.11469022,0.086563036,0.029877961,0.039062139,0.048062764,0.032252625,0.037084188,0.006440551,0.0020891677,0.02861171,0.03441298,0.0080615468,0.012244844,0.0083897039,0.013282654,0.016131716,0.019957718,0.013020503,0,0.0043128547,0,0,0,0.0014126268,0.0055552879,0.023715658,0.063788407,0.015812237,0,0,0.0019940499,0.0031869486,0.017284406,0.0045635658,0.0083894012,0,0.0054057622,0,0,0,0.0024937994,0.010569626,0,0.005002859,0,0,0.0055585052,0,0,0,0,0,0,0,0,0,0,0,0,0.012122133
0,0,0,0,0.006776507,0.0017018171,0,0,0,0,0,0,0,0.0055409558,0,0,0,0,0,0,0.0068999021,0,0,0,0,0,0,0,0,0,0,0,0.02481943,0.025165584,0.040288556,0.027639363,0,0.0065595508,0.015982907,0.027041908,0.016543264,0.025009116,0.035354733,0.025217125,0.023040626,0.040453274,0.0064796871,0.0074423649,0.0062416415,0.0019914117,0.013032965,0.0068093361,0.0088865338,0.0090073403,0.0066029178,0.019126451,0.025225589,0.0004811383,0.011116588,0.020529175,0.013929894,0.0064497329,0.0089411912,0.024620445,0.047554012,0.019920401,0.029877018,0.040504761,0.057611335,0.055994846,0.029310932,0.027836829,0.026736405,0.016085049,0.017808106,0.0066390336,0.010936113,0.0027790528,0.001889611,0,0,0,0.0035398644,0.0058775372,0.016745139,0.0064809686,0,0,0,0,0,0,0,0.0014065665,0.0096956603,0,0,0,0,0.00015387274,0.0036071553,0.010231766,0.0077690734,0,0,0,0,0,0,0.0018940227,0,0.0049322336,0,0,0,0,0,0.0029540842,0,0,0,0,0,0,0,0,0,0,0,0,0.0052898866,0.0034461985,0.0092181908,0.0094786752,0.035127215,0.026894962,0.030265693,0.017775148,0.01561367,0.010289209,0.020342333,0.023562878,0.036777262,0.025716607,0.025374776,0.029924,0.078965232,0.0087791933,0.0049556885,0.0092268502,0.0138886,0,0.0041243574,0.0075654178,0.0067292885,0.017614421,0.019863602,0.0086424761,0.018764503,0.028918466,0.0039093858,0.015355898,0.020571521,0.017050153,0.016807154,0.0037835177,0.029861461,0.019604888,0.023091394,0.036379375,0.039992195,0.069845751,0.08539734,0.14515319,0.054436721,0.05581056,0.035520751,0.023268582,0.016499612,0.00062618905,0.0045559532,0.016424747,0.020259924,0,0.0051594465,0,0.0052395393,0.009827368,0.019389706,0.011501599,0,0.0054528071,0,0,0,0,0,0,0.041357528,0.0087109488,0,0,0,0,0.007312201,0.0061611542,0,0,0.0071360022,0,0,0,0,0.0097304918,0,0,0,0,0.0049879467,0,0.0026592917,0,0,0,0,0,0,0,0,0.0027363703,0,0.01636078
0,0,0,0,0.0066007636,0.0030563257,0.0017200855,0.003364943,0,0,0,0,0,0.0046578469,0,0,0,0,0,0,0.0063998788,0,0.00024831924,0.0029960605,0,0,0,0,0,0,0.0020144549,0,0.017578637,0.0082374159,0.0052767536,0.018070666,0,0.0099988384,0.0086723808,0.014303537,0,0.024262337,0.0070694475,0.027870065,0.009758288,0.0080463961,0.0046655294,0.0099044004,0,0.0018042329,0,0.003425377,0.0024855959,0.012768132,0,0.01404551,0.02835601,0,0.0076775774,0.018397195,0.014971298,0.013572557,0.0058117891,0.024114089,0.021089638,0.016756184,0.013980053,0.025511071,0.046074618,0.020301813,0.072126761,0.051281918,0.02479846,0.026360568,0.01098475,0.011742517,0.019795477,0.027518809,0.012692636,0.0061999615,0.011944947,0.0003076455,0.025553683,0.022088002,0.056105297,0.015497456,0,0,0,0,0,0.0002406078,0,0,0.012097603,0,0,0,0,0.0060447501,0,0,0.01684186,0.026505062,0,0,0,0,0,0,0.0077312565,0.021870157,0,0,0,0,0,0,0,0,0,0.0042112544,0,0,0,0,0,0.0078162812,0,0,0.019068675,0.0074261473,0.0025158641,0.0056305728,0.01401519,0,0.0048599588,0.0096341344,0.015516484,0,0.01797374,0.024096765,0.0057138302,0.0049115112,0.02225798,0.013964869,0.02507324,0.0090251565,0.0055754441,0.0089433026,0.013443815,0.0036772476,0.0050910166,0.002914239,0.020343723,0.0030355635,0.0089616831,0.01051032,0.01366858,0.027448401,0,0.008591068,0.024784949,0.035169404,0.0085222628,0.012667948,0.014180543,0.023652093,0.0083587412,0.019249888,0.013870386,0.061280973,0.027547425,0.05285158,0.11014273,0.071372107,0.02660061,0.028446328,0.0092261909,0.012191459,0.015731912,0.034601524,0.019312827,0.0029064098,0.011260157,0.0094881812,0.018709371,0.028031606,0.060086299,0.024512585,0,0.0088704843,0,0,0,0,0.019139688,0.00070037786,0.0020355238,0.005142421,0,0,0,0.0018926902,0,0.022578476,0.0073464895,0,0.019749233,0.024574382,0,0.010117793,0,0.020419994,0,0,0,0,0,0,0,0,0,0,0.0018652792,0,0,0,0,0.015337884,0,0.043022521
0,0,0,0,0.004795366,0.0052407682,0,0,0,0,0.0024759348,0.00047217938,0,0.0070327623,0,0,0,0,0,0.0037944783,0.0049316953,0.00072748482,0,0,0,0,0,0,0,0,0,0,0.0058788368,0.0099359173,0.0091186026,0.019825879,0,0.0058069034,0.0040754611,0.013416576,0,0.014996359,0,0,0.0045427671,0.0015957907,0.0088060442,0.0096567841,0.020409482,0.014655612,0,0.015046872,0.0029288477,0.02040639,0.017338261,0.027426179,0.041392975,0,0.021593537,0.030924171,0.02830331,0.022755299,0.0086653065,0.017853968,0.0064604678,0.024789408,0.028449073,0.015511702,0.019851178,0.014811498,0.043637797,0.064117022,0.017639376,0.010382424,0.0063413903,0.020166321,0.024220701,0.011779788,0.015742946,0,0.012019625,0.002196711,0.0098995101,0.024199486,0.038961485,0.020800317,0,0,0.00046457344,0,0,0.001297561,0,0,0.0040635443,0,0,0,0,0,0,0,0.0039721178,0.0084277615,0,0,0,0,0,0,0.0018190515,0.0032575142,0,0,0,0,0,0,0,0,0,0,0,0,0,0,0,0,0,0,0.0085759144,0.0025359972,0.0042393166,0,0.014012756,0.012271681,0.0025901007,0.0031742875,0.0081563052,0,0.0072288709,0,0,0,0,0.010977443,0.010486966,0.011434359,0.011388833,0.019842077,0.026149336,0.014948824,0.015547076,0.012689402,0.015078788,0.018452188,0.017392494,0.0266781,0.028997838,0.075936012,0,0.031482898,0.037083097,0.057121597,0.022441065,0.026627552,0.022168871,0.014496428,0.020859838,0.012947656,0.032615278,0.021135626,0.037473686,0.054442376,0.072051123,0.11445823,0.02086859,0.011833878,0.0074146548,0.0035899333,0.0021759444,0.038350597,0.010959388,0.0082452009,0.019318068,0.0005835091,0.022158373,0.027771676,0.033862233,0.019122453,0,0.0051104776,0.0037349816,0,0,0,0,0,0,0.0060684374,0,0,0,0,0,0.0051174355,0,0,0.0029628205,0.0048337374,0,0.00042707389,0,0.0032244115,0,0,0,0,0.0049008378,0,0,0,0,0,0.00063823082,0,0,0,0,0.0016250347,0,0.0062342547
0,0,0,0.0024122759,0.0081184739,0.0012423925,0,0,0,0,0,0.0031983412,0,0.0060477089,0,0,0,0,0,2.8401471e-05,0.0067446912,0,0,0,0,0,1.2117727e-05,0.0030363761,0,0.0010799847,0,0,0,0.021927107,0.028193438,0,0,0,0.005337582,0.017646708,0,0,0.013784371,0,0,0,0,0.012025864,0,0,0.01472609,0.010314547,0.0086308848,0.014227028,0.0079691354,0.016601657,0.027428199,0,0.00201439,0.037611514,0.0156621,0.018324526,0.018305961,0.016584586,0.02724072,0.02502194,0.026567351,0.031402193,0.031755518,0.032325424,0.01877341,0.020958427,0.054264206,0.020500749,0.031817876,0.016179293,0.014768739,0.010369861,0.0065414556,0.0034250878,0.010643497,0.0076464387,0.006985019,0.022081096,0.024856813,0.023728009,0,0,0,0,0,0.0043463586,0,0.0031299046,0.01443179,0.0068873642,0,0,0,0.0034778609,0.0027825658,0.012919103,0,0,0,0,0,0,0,0.003323846,0,0,0,0,0,0,0,0,0,0,0,0,0,0,0,0,0,0,0,0,0,0,0.01385968,0.013339283,0,0.017779596,0.021016,0.006868212,0.013808362,0,0,0.019283226,0.014442546,0.0042685587,0.019955354,0.022400584,0.035334516,0.009833524,0.0082315486,0.01081959,0.014499933,0.0074969279,0.014601106,0.011613065,0.013673263,0.0024978265,0.032898277,0.019874159,0.025573622,0.029686743,0.0011613749,0.01395761,0.063258775,0.018566314,0.013211116,0.020215005,0.031066353,0.02181451,0.029179191,0.038997807,0.03261064,0.029905707,0.049882337,0.03825311,0.030248214,0.023605136,0.12387041,0.057274871,0.035146683,0.0060912957,0.010094563,0.033209421,0.047245447,0.0078738146,0.014157971,0.011397948,0.02245149,0.026888603,0.026174953,0.027282337,0,0.015991423,0,0,0,0.008979002,0.0041368669,0.002702212,0.014173292,0.012147315,0,0,0,0.0016879905,0.01453918,0.0094792014,0.0031220731,0.0083607156,0.0043819966,0,0,0.0063363486,0.0026742236,0.005609653,0,0,0.0069984123,0,0.0073693274,0,0,0.00094316434,0,0,0,0,0,0.0025741202,0,0.0013216136,0,0.0058358959
0,0,0,0,0,0,0.0071886024,0.0047686268,0,0,0.00094419101,0,0.0011040345,0.0013560144,0,0.00047309347,0,0,0,0,0,0,0.0028419956,0.0028275363,0,0,0,0,0,0,0,0.00055818545,0,0,0.0031907074,0,0,0,0,0.00281299,0,0,0,0,0,0,0.00058447837,0,0,0.006439033,0,0,0.0037524514,0.0049583316,0.0080350321,0,0,0.0053786598,0.0043189554,0.0078334445,0.0034429282,0,0,0.022622284,0.032860938,0.015148821,0.0088613257,0.030466039,0,0.010530116,0.037658505,0.017451234,0.029711554,0.052438669,0.017853431,0.0024285484,0.016212869,0.022888863,0.0067339824,0.015903503,0.0037955784,0.0093453648,0.021017402,0.011579493,0.019965336,0.014272949,0,0,0,0,0,0,0.010906683,0.011671217,0.024463123,0,0,0,0.0025032912,0.027106229,0.0080186818,0.012848681,0,0,0,0,0,0,0,0,0.0041273907,0.024416234,0,0,0,0,0,0,0,0,0,0,0,0.010051879,0,0.013820807,0.0039603692,0,0,0,0,0,0,0.0062547214,0,1.8296318e-05,0,0,0.0053497129,0,0,0.006634702,0.0046645226,0.00045159407,0.0010781994,0.0077928407,0.027278304,0,0.0025707581,0,0.0017702479,0.0045305965,0,0,0.012289817,0.011259084,0.0077706054,0.0052937451,0,0.0025971455,0.0086074937,0.0032160371,0.020664457,0.0010662975,0.0018552399,0,0.0010316984,0.015400481,0.0091369348,0.03414695,0.014878991,0.041799482,0.033009037,0.024802882,0.031367313,0.013255718,0.056619942,0.10919966,0.035644062,0.0080854017,0.011243165,0.026224609,0.014361158,0,0,0.01712691,0.0079530962,0.01233313,0.030851698,0.033052322,0,0,0,0,0,0,0.023224998,0.017634716,0.026832748,0,0.0024505858,0,0,0.031167105,0.029914107,0.026226258,0.029436637,0.042627953,0.012254554,0,0.00030676238,0.014826188,0.029022804,0.026786666,0,0.00099303806,0,0,0,0,0,0,0,0.0031276983,5.1371033e-05,0,0,0.033359263,0.028073171,0.012283764,0,0.026363496
0,0,0,0.0034729678,0.00066055206,0,0.0025225687,0,0,0,0,0.00068044494,0.0077610007,0.0078451466,0.0094692912,0.0089983959,0,0,0,0,0,0,0,0,0,0,0,0,0.00023805653,0.0018141305,0.0070520742,0.0051633269,0.0036985488,0.0093917735,0.010849887,0.0022432338,0,0,0,0.010472146,0,0,0.0017459983,0.0044885236,0,0,0.009157938,0.012227768,0,0.002550181,0.015482487,0.0094638364,0.0013688765,0.010617776,0.0063314834,0.0066156341,0.011180345,0,0,0.016652429,0.004459416,0.0061257272,0.008920352,0.026269754,0.026260233,0.024866888,0.016743351,0.035822954,0,0.013062675,0.013013722,0.01359493,0.029948574,0.025460264,0.036795475,0.015836071,0.02319647,0.034489047,0.016803423,0.020987427,0.018635454,0.026974078,0.014113198,0.016500514,0.015662696,0.015934855,0,0,0,0,0,0.0059918012,0.0060532684,0.0073499531,0.031466059,0,0,0.0023030718,0,0.022951078,0.0087254411,0.016701709,0,0,0.00096415647,0,0,0,0,0.0083313659,0.00041025417,0,0,0,0,0,0,0,0.004274358,0,0,0,0,0,0,0,0,0,0,0,0,0,0.0061631245,0.0044402103,0.0089592654,0,0.0054108263,0.0022808588,0,0,0,0,0,0,0.0031811316,0.0043632658,0.018274153,0.01331686,0.012920435,0.012059139,0.013830507,0.017269442,0.015862297,0.018131504,0.009089726,0.011219022,0.010974208,0.012801078,0.011776033,0.012809214,0,0.0030947425,0.024563547,0.0025740112,0.0070807524,0.0084137414,0.019098591,0.017167408,0.033306081,0.054806404,0.02683948,0.02537925,0.039461706,0.019429084,0.012525941,0.010240177,0.036474574,0.036965635,0.1158227,0.014008847,0.011677196,0.041596182,0.054320924,0.010323959,0.020663541,0.027334493,0.046734042,0.024380501,0.019052012,0.033615008,0,0,0,0,0,0.002459235,0.027229408,0.027758937,0.02217878,0.015472034,0.0017067057,0.00051716407,0,0.034111179,0.058897384,0.020232599,0.015184343,0.01238961,0.0018377544,0,0.0012839048,0.0091343177,0.018318621,0.0015858675,0,0,0,0,0.01045084,0,0.0030313933,0.03304749,0,0.00079808134,0,0,0,0.00056171126,0,0,0,0.00090460776
0,0,0,0,0,0.001542708,0.006626877,0.0039254259,0,0,0.00029206884,0,0.0046964856,0.0034637756,0,0.005460442,0,0,0,0,0,0.0016130122,0.0021461139,0.0026318766,0,0,0,0,0,0,0,0,0,0,0,0,0,0,0,0,0,0,0,0,0,0,0,0,0,0,0,0,0.011518668,0,0,0.00089648052,0,0,0.0072631715,0,0,0,0,0,0,0.0051437588,0,0,0.005715773,0,0.012788968,0.0022623346,0.0086236987,0.0046566036,0,0.018922441,0.0068822466,0.011649298,0,0.00880781,0,0,0,0,0.018249571,0.0079357624,0,0,0,0,0,0,0,0,0,0,0,0,0,0.010157166,0.01057112,0.0057890038,0,0,0,0,0,0,0.01222321,0,0,0,0.015973601,0,0,0,0,0,0.0070134187,0,0,0.0054923254,0,0,0.0041616857,0,0,0,0,0,0,0,0.002583018,0.0048529203,0.0076617165,0.01087465,0.0077162208,0,0.0064807697,0.001016448,0,0.0108077,0.0099790217,0,0.012503532,0.012832584,0.010339862,0.012246596,0.018386777,0.010143037,0.01125834,0.013049019,0.013169995,0.0092570838,0.017903665,0.0047085984,0.015549327,0.0030846726,0,0,0.0037585485,0.0048805061,0,0,0,0,0,0.059129544,0.0103122,0.0013476406,0.0014915498,0,0.0067810221,0.0016123845,0.013880531,0.0046356143,0.0059135715,0.0084182331,0.012675124,0.057898752,0.054097801,0.023237614,0.020865589,0.0023848033,0.001805049,0.011667138,0.0093714101,0.011541154,0.018165138,0.014749272,0,0,0,0.0059974371,0.0088161211,0,0.024909595,0,0.0036100491,0.0055184318,0.0038385082,0,0.0030660783,0.0088148508,0.02232467,0.010941898,0.0086008813,0.018683661,0.0092253294,0.0020356704,0,0.011462445,0.015039022,0.016686333,0.043685969,0.00028058374,0,0,0.019742494,0.029586777,0.050605066,0.031965822,0.00065232062,0,0.0034284771,0.0074573471,0,0.0057834513,0.0038781546,0.0082425606,0.0092370184,0.019076489
0,0.0092341406,0.002198105,0,0,0.0044269948,0.0035629175,0.0028891384,0,0,0.00078641635,0,0,0.0017051362,0,0,0,0,0,0,0,0.0036573943,0.00062527723,0.002839288,0,0,0,0,0,0,0,0,0,0,0,0,0,0,0,0,0,0,0,0,0,0,0.0079499232,0.018282248,0,0.022375675,0,0,0,0,0.0091761556,0,0.0031279519,0.014275551,0.010848273,0.00052419439,0.0051280591,0,0,0,0.002032639,0.0030436774,0.0020757702,0.0014173475,0.0090514161,0.001641928,0.010503329,0.014246413,0.011354678,0.0096570384,0,0,0.0083590243,0.01610937,0.008151697,0,0.010468638,0,0.015444811,0,0.023006469,0,0,0,0,0,0,0,0,0,0,0,0,0,0,0.0046047396,0,0,0.0044883289,0,0,0,0,0.0023896005,0.0055710739,0.03140365,0,0,0,0,0,0,0,0,0.0063309958,0,0.0023165771,0.016118536,0,0,0,0,0.0012321646,0.0032915242,0,0,0,0,0,0.0087697115,0.0039043513,0.011747873,0.016296757,0.0028388044,0.010250844,0.0074391039,0,0,0.013737681,0.0095794005,0.015507731,0.02246907,0.0058254916,0.018065991,0.038401969,0.013703155,0.025027733,0.022805559,0.028304243,0.014312675,0.020915698,0.0061618215,0.023128094,0.011352589,0,0,0.014087419,0.016679507,0.00067490648,0.0061719329,0.005019791,0,0,0.044164777,0.0085161673,0.0018854815,0.0027213711,0.0048416881,0.0025545075,0.005832701,0.018187864,0.0039404095,0.0099585578,0.011730693,0.010570682,0.054755427,0.055393927,0.037784051,0.010518006,0.008960898,0.0091478135,0.022836113,0.019030374,0.017483696,0.023804964,0.019853847,0,0,0,0.0010156187,0,0,0.030169476,0,0.00015825426,0,0.0084827868,0.00042612728,0,0.00973076,0.018403811,0.0167918,0.007615908,0.010392377,0.0065452931,0,0,0.019466547,0.0094422819,0.01591723,0.031643908,0,0,0,0.015027173,0.014345137,0.040842433,0.022785677,0,0,0,0.0019436299,0,0.0063560912,0.0019578945,0.0083073908,0.0021309888,0.021062909
0,0,0,0,0,0.0020044609,0.0035226685,0.0055579925,0,0,0.0026748264,0.0018461791,0.0050277961,0.015216393,0,0.00072920421,0,0,0,0,0,0,0.00056917395,0,0,0,0.002441565,0,0,0.0020640516,0,0,0,0,0.0019933938,0,0,0,0,0.018032793,0,0,0,0,0,0,0.016498132,0.016360983,0.022456717,0.023955667,0.03734377,0.0070951348,0.012547034,0,0.011795317,0.0079663778,0.022883873,0.0021057692,0.014011401,0.019607645,0.0085349781,0.0062356191,0,0.022861753,0.0065905824,0.025874827,0.020773681,0.024046935,0.016560081,0.0056879562,0.030182738,0.033644009,0.025182758,0.023726188,0.01268256,0.032534823,0.054300733,0.046089597,0.028124481,0.027198941,0,0.019998729,0.026866067,0.03964451,0.040651288,0,0,0,0,0,0,0.00098643114,0,0,0.0071420595,0,0,0,0,0.016498942,0,0,0,0,0.00019299398,0,0,0,0,0.0002486257,0.0027863472,0,0,0,0,0,0,0,0,0,0,0.010040369,0,0,0,0,0,0,0,0,0,0,0,0.0028453001,0.0074002706,0.010802955,0.0024639531,0.0023439946,0.010324759,0,0.010956445,0.013332142,0,0,0.010605596,0.011406019,0.0074899322,0.022160139,0.022443321,0.025699481,0.048831724,0.033538766,0.036532309,0.010108474,0,0.016372601,0.023997759,0,0.008880673,0.026575947,0.0029574349,0.021757506,0.023014102,0.013299393,0.0054222234,0.0035126717,0.012049099,0.031537075,0.050273769,0.030776609,0.034708634,0.020521509,0.029054303,0.017409524,0.037272759,0.040404454,0.032444261,0.026331535,0.039553594,0.02379285,0.037468459,0.081709877,0.029111197,0.016690608,0.033787992,0.033960845,0.051659178,0.043697637,0.048462544,0.04243166,0,0,0,0.0035921603,0,0,0.041184694,0.0043724598,0,0,0.00042624288,0,0,0.024996519,0.0057075629,0.032069929,0.0069368281,0,0.010344106,0,0,0,0,0,0,0,0,0,0.002266167,0,0.0098777777,0.011395963,0,0,0.0063886298,0,0,0,0,0,0,0
0,0,0,0.012356887,0,0.00087001052,0,0,0,0,0,0.0076627247,0.013990274,0.012211243,0.012955718,0.0086989533,0,0,0,0.0068889619,0,0,0,0,0,0,0,0.0073783486,0.0030256589,0.0051203324,0.013476685,0,0,0,0,0,0,0,0,0,0,0,0,0,0,0,0,0,0,0,0.011362653,0.014588362,0.012168547,0.013255954,0,0.017111089,0.01384825,0,0,0.019005287,0.011300579,0.023953427,0.025994997,0.016574219,0.016292064,0.011006742,0.007047595,0.024910755,0,0,0,0,0.029955301,0.012021767,0.024239801,0,0.014791928,0.021119418,0.015776081,0.01195473,0.014263734,0.011064703,0.015564321,0.016124485,0.022312963,0.014573639,0,0,0,0,0,0,0,0.0035363559,0.012512082,0.0029679886,0,0,0,0.002900759,0.0040661204,0.026993457,0,0,0,0,0,0,0.00071898673,0.01299727,0,0,0,0,0,0,0,0,0.0012673551,0,0,0,0,0,0,0,0,0,0,0,0,0,0.016512197,0.011620144,0,0.013556359,0.012468433,0,0.011483488,0,0,0,0.0022798583,0,0.015428618,0,0.017809283,0.021773012,0,0.016601715,0.018453751,0.0055942903,0.0096228067,0.02143712,0.013314995,0.0070270477,0.027428428,0.0099409632,0.022447668,0.0193226,0,0,0.026657412,0.011916904,0.012377885,0.02936542,0.026630273,0.022114407,0.017763183,0.026001573,0.019759353,0,0.036020607,0.022614919,0.022075515,0.01303087,0.04801596,0.014987824,0.053613119,0.022275429,0.011310276,0.030091826,0.058035977,0,0.022678606,0.018423673,0.03060025,0.021279523,0.021137184,0.030932417,0,0,0,0,0,0,0.014892148,0.0077678794,0.0069825249,0.018354937,0,0,0,0,0.023247357,0.017722784,0.0068832338,0.0086406264,0,0,0,0.0032536611,0.0092490707,0,0,0,0,0,0,0,0,0.012139553,0,0.00089439563,0,0,0.0026136967,0,0,0,0,0
0.0044275522,0,0.0012413797,0.014392637,0.0058940779,0,0,0,0,0,0.0023820926,0.0040837587,0,0.0047128354,0.0063614063,0,0,0,0,0,0.0040932964,0,0,0,0.0034468961,0.0011710771,0.0060411962,0,0,0,0.0086978422,0,0,0.0070658037,0.0029653159,0,0,0.013531762,0.00073114363,0.0066882027,0,0.00472929,0,0.0065257056,0,0,0.011348541,0.007310004,0,0,0,0.010657533,0,0,0.0040051322,0.013283322,0.0064731697,0,0,0,0.0057666372,0.01957744,0.020238282,0,0,0.0030993014,0,0,0.0013093691,0.0071248496,0,0.00094752561,0,0,0,0,0.0017144328,0.0091124894,0.02646609,0,0,0,0.00044678029,0.0050850301,0.0096456036,0,0,0,0,0,0,0.026609752,0,0,0,0.0047780285,0,0,0,0,0,0,0.0037599348,0,0,0.0015912196,0,0.0045438758,0.0019568668,0,0,0,0,0,0,0,0,0,0,0,0,0,0,0,0,0,0,0.0020546089,0,0,0.00065584364,0,0.0084671611,0.014739709,0.011088368,0.0071229497,0.0035274844,0,0.010763259,0.0075147403,0.0049113305,0.0076837698,0,0,0,0.0026047884,0,0.015320098,0.013686123,0.0091747446,0.013778103,0.0072690672,0.012881832,0.0060378499,0.0030003949,0.0051605394,0.00048863469,0.0047047636,0.014349982,0.010525884,0,0.0018864771,0.011528592,0.0034991987,0.0059755361,0.01839738,0.020585377,0.0059311865,0.0033500779,0.0026213112,0.0020910392,0.0028090018,0.0079503451,0,0.0037890256,0.0084678559,0.0075107678,0,0.0092201661,0.0022783468,0.008437355,0.016221445,0,0.047348253,0.047595643,0.00056065538,0.018731426,0.011558487,0.010444372,0.0033842525,0,0.018445462,0.008907387,0.025401469,0,0.0059161512,0,0.0033238425,0,0.012872949,0,0,0.0042291721,0,0,0.00088884274,0,0,0.0061503579,0,0,0,0,0,0,0,0.040922113,0,0.026859874,0.0019656778,0.0035276946,0.010710826,0,0,0,0,0,0,0,0.0063281939,0,0.00082064205
0.011153039,0,0.004547169,0.027004194,0.018364033,0.002976187,0,0,0,0,0,0.012837554,0.0076072826,0.032367669,0.014592471,0.0046388432,0.0041099642,0,0,0,0.013474232,0,0,0,0,0.0030129207,0.0027216456,0,0,0.0029644824,0.015487527,0.00047402587,0.012394794,0.019885147,0.0070176735,0.012225122,0,0.017337207,0,0.0048664822,0,0.012382875,0,0.018236335,0,0,0.036005102,0.027446812,0.023354184,0,0,0.014624338,0,0,0,0.020920636,0.016847247,0,0,0.014363961,0.011968273,0.036592849,0.037761413,0.0081168506,0,0.0064774305,0.0063557597,0.014091347,0.0015264951,0,0.010791546,0.013092902,0,0,0,0.0255256,0.0099487565,0.020744527,0.037318882,0.0019415416,0,0.0033646219,0.0030216775,0.016810443,0.022546496,0.0028686232,0,0,0.0083307372,0,0,0.020930406,0,0,0.0041661323,0.014060323,0,0,0,0,0,0,0.0064207539,0,0,0.0077003762,0,0,0,0.0085160835,0,0,0,0,0,0,0,0,0,0,0,0,0,0,0,0,0,0.00077682274,0,0,0,0.0073341643,0.019444404,0.01399529,0.024423264,0.0092662685,0.0026916787,0.0086506698,0.012088235,0,0.0070483116,0.016001316,0,0,0.0064361701,0,0,0.059872746,0.034358874,0.040429525,0.031679545,0.0071581439,0.015438909,0.012219677,0.0055075292,0,0.0070153228,0.0079780854,0.029669303,0.021155374,0,0,0.018575881,0.015070774,0.015979167,0.038800366,0.034036841,0.0079084588,0.0094398111,0.010893315,0.011180418,0.013811795,0.012335335,0.0056452779,0.012738131,0.019965377,0.013759811,0,0.019408602,0.001956576,0.008595773,0.033538096,0.022032699,0.047831029,0.10744393,0.011481611,0.047096707,0.024585661,0.020599006,0.013380384,0,0.031643432,0,0,0,0.023340357,0.010102211,0.0025559862,0,0.027518202,0.00197172,0,0.0055972645,0,0,0.011813756,0,0,0.0079599535,0,0,0,0,0,0,0,0.038871694,0,0.051367749,0,0.0048143538,0.016671551,0,0,0,0,0,0,0,0.0047713136,0,0.0033760457
0,0,0,0,0,0.0025644586,0.0083828559,0.0037156795,0,0.0034452807,0.00089541252,0,0.014466384,0.009311418,0.00019809107,0.0065797246,0,0,0,0,0,0,0.0060432702,0.0039939182,0,0,0,0,0,0.0045377682,0,0.0033716441,0,0,0,0,0,0,0,0,0,0,0.0034182821,0.0051537761,0.0066762595,0.0012173722,0,0,0,0,0,0,0.014043504,0.0092529487,0,0,0.0016674816,0.0040660361,0.0013306141,0.00046017137,0,0,0,0,0.0036498592,0.0044963285,0,0,0.0048757112,0,0.0097866468,0.0042167949,0.014251654,0.013531014,0,0,0,0.022128722,0.015481152,0,0,0,0,0.026733031,0,0.016855024,0,0,0,0,0,0,0,0,0.0090003265,0,0,0,0,0,0.0016706772,0.0011121366,0.0071331114,0.0037551646,0.00011405665,0,0,0,0,0,0,0,0,0,0,0,0,0,0,0,0,0.028221536,0,0.008554833,0,0,0,0,0,0,0,0,0,0,0,0.0055940049,0,0.0059160092,0.0035723236,0,0.009151631,0.010179376,0,0,0.0078074099,0.0031927596,0,0.012993408,0.0066022873,0.011788775,0.015397334,0.018416142,0.012699543,0.0010993689,0.013433546,0,0.013628446,0.0045576775,0,0,0.003882685,0.0041186977,0.001461589,0,0,0,0,0.012132443,0.0093377586,0.016739618,0,0.0089316275,0.0091938982,0,0.011572894,0.0017570931,0.011594518,0.018119842,0.026983768,0.012300434,0.0230434,0.034946319,0.01845604,0.0010318632,0.011975543,0.030102599,0.048045229,0.02424548,0.025294477,0.028092161,0,0,0,0,0,0,0.026939183,0.012894085,0.0049315831,0,0.032154694,0.0032176811,0.0034751601,0.031915501,0.020904869,0.035768978,0.022233587,0.0052823266,0.0086720455,0.0039826832,0.0031948467,0.036643192,0.020221379,0,0,0,0,0,0,0,0.0042182337,0.022431638,0,0.0042466009,0.0090840189,0,0,0,0,0,0,0.003697016
0,0,0.0016115789,0.0080213854,0.010356361,0.0042107743,0.0033808704,0,0,0,0.00094078557,0.0075794309,0.0099225566,0.023401085,0.010211168,0.0036110829,0,0,0,0,0.0069215829,0,0.00048957107,0,0,0,0.00012826602,0,0.0010582224,0.011353903,0.010877407,0,0.010728725,0.010443876,0.0023135229,0,0,0.010519324,0,0.0052518421,0,0,0,0.019071655,0,0,0.020361109,0.023256216,0.028713301,0,0,0.018469136,0.009012646,0.021730211,0,0.019492602,0.021090847,0,0,0.020274084,0.013317754,0.023682531,0.015750604,0.0075834631,0,0.017668348,0.01431489,0,0.0056423796,0.0060177608,0.013567902,0.021891588,0.015797567,0.0082418341,0.018964712,0.032547288,0.030604452,0.028090512,0.035050698,0.025421003,0,0.020410459,0.021761492,0.038409881,0.032718707,0.028202374,0.024594201,0,0,0,0,0.010915954,0,0,0.0043112324,0,0,0,0,0.007192581,0,0.0027299649,0.0015889695,0.0029892176,0,0,0,0,0,0.0080326926,0,0,0,0,0,0,0,0,0,0,0,0.013531089,0,0,0,0,0,0,0,0,0,0.0010339567,0.010172458,0.0035052882,0.012508777,0.012105344,0,0,0.0094020525,0,0.0077988878,0.01884881,0,0,0.012336115,0,0,0.025373179,0.022324536,0.041334037,0.035300452,0.041194629,0.031468607,0.017869698,0.016102405,0.0068431227,0.023372231,0.019792825,0.021069461,0.022988286,0,0.00081724097,0.029366082,0.01419318,0.012573118,0.026316578,0.014441187,0.013073958,0.020762453,0.015115197,0.016511563,0.0086634587,0.013935586,0.0061871554,0.021086762,0.024101648,0.02261797,0.0088917967,0.045731165,0.010212066,0.019303486,0.052846741,0.030398672,0.019492356,0.048166849,0.047920205,0.069249965,0.041471623,0.032853868,0.042100165,0,0.01775956,0,0,0,0,0.019594286,0,0,0.0062390184,0.00850379,0,0,0.012100054,0,0.026536878,0.0035516166,0,0.0066546528,0,0,0.020483777,0.0032835728,0,0,0,0.0077901939,0,0.01577254,0,0.0073865848,0.018044597,0,0.0023428365,0.0043473043,0,0,0,0,0,0,0
0,0,0,0,0.0014821762,0.0060639847,0.0091794822,0.0068984441,0,0.0008939227,0.0023984141,0.0020896653,0.005860351,0.0077804467,0.0081964834,0.0036827903,0,0,0,0,0.0021442224,0.004159255,0.004872079,0.0035140768,0,0,0.0019040515,0.0018705543,0.0042197988,0.0080564748,0.0052689719,0.0012388924,0.010977563,0,0,0,0,0,0,0,0,0,0,0.021166477,0.0084500033,0.0012389658,0.018132599,0,0.0299557,0.026585359,0.02815395,0.018362455,0.020268377,0.031333778,0,0,0.023171378,0.0082161222,0.014405141,0.021240413,0.019225163,0.015051958,0.00050141884,0,0,0,0,0,0,0,0.020315569,0.031145925,0.025940726,0.015905954,0.013700766,0,0.028144473,0,0.02568836,0,0.028025243,0.019917164,0.027810942,0.05344981,0.037933797,0.038624741,0,0,0,0,0,0,0,0,0,0,0,0,0,0.010164427,0,0,0.0076471744,0.0024452019,0.010282772,0,0,0,0,0,0,0,0,0,0,0,0,0,0,0.0030555245,0,0.018562051,0,0,0,0,0,0,0,0,0,0,0.0022871043,0.0039274953,0.012877065,0,0.0026470451,0,0.015906904,0,0.017529298,0.023968086,0,0,0.020681588,0.013495265,0.0057182936,0.021765914,0,0.026756611,0.03194584,0.029742831,0.023382938,0.017370805,0.059617847,0.0068321461,0.02607524,0.040658373,0.016630944,0.025141831,0.0036879596,0.016736422,0.024797436,0.020084903,0.017572774,0.01770892,0,0.015937369,0.020712553,0.01428886,0.015363815,0.015176073,0.016531942,0.010389779,0.030604649,0.029450798,0.026382944,0.013023341,0.023027336,0.011608501,0.016907161,0.044094659,0.020429634,0.011677524,0.024830902,0.023912514,0.040607035,0.080781773,0.059168279,0.048720334,0,0,0,0,0,0,0.0099407043,0,0,0,0,0,0,0.0088247294,0,0.0244564,0.0038931505,0,0.012671193,0.019225422,0.030518299,0.056448631,0.015735418,0,0,0,0,0,0.0028498534,0,0.0033782856,0.005403073,0,0.0123888,0.017303484,0,0,0,0,0.0044578328,0.011979302,0.016257729
0,0,0,0,0.0042031719,0.0052061272,0.013060759,0.012919007,0,0,0.0022672638,4.361313e-05,0.0057654511,0.0067366501,0.00018204206,0.0027710625,0,0,0,0,0.0018751804,0.0043306723,0.0092052314,0.010858044,0,0,0,0,0.002993599,0.002041033,0,0.0016181415,0.01733855,0,0.0066719078,0,0,0.010444723,0,0,0,0.029737839,0,0.028632045,0.023719694,0,0.012931836,0.0233931,0,0,0,0,0.015525681,0.025295284,0.0089619076,0,0.021723043,0.0080009848,0.016516035,0.012752907,0.021050867,0.0063180132,0,0.015421016,0.010472365,0.010505681,0.008408892,0.01629989,0.02747881,0.010288416,0.046274152,0.036869492,0.025102373,0.028242996,0.0036798953,0.019609218,0,0.033151574,0.022934223,0,0,0.0074355737,0.034852106,0.036187835,0.058973294,0.021943003,0,0,0,0,0,0.00047044741,0.0011003341,0,0.0061121332,0,0,0,0.00033579313,0.017390333,0,0,0.025480423,0.021244872,0,0,0,0,0,0,0,0.014887529,0.0026706818,0,0,0,0,0,0,0.0038582534,0,0.021196868,0,0,0,0,0,0.010614516,0,0.0015180691,0.012683177,0.0071176244,0,0.012508584,0,0.023378771,0,0.0098543297,0.020433005,0,0,0.029027954,0.0084505547,0.013012392,0.029090125,0.024055269,0.013504073,0.017639363,0.010489559,0.018942205,0.02553831,0,0.016031709,0.0069231899,0.056746691,0.0043341354,0.023241373,0.025541028,0.0071451715,0.018619884,0.004922912,0.016328473,0.019805193,0.031666003,0.015043478,0.0078247767,0.010235376,0.023507085,0.0084392615,0.014735539,0.0090743462,0.030808989,0.018697534,0.018727304,0.06089719,0.03356668,0.023576392,0.029427087,0.01628885,0.01664358,0.021361116,0.045928337,0.018735517,0.0094666425,0.019019166,0.023156736,0.029941659,0.056616504,0.065827191,0.030790418,0,0.0011153129,0,0,0,0,0.029547926,0.0059594437,0.0020294683,0,0,0,0,0.019321231,0.0011677555,0.03924156,0.019836739,0,0.031042352,0.033997603,0.0087042963,0.039611407,0.012213196,0.016029838,0.00015686557,0,0,0,0,0,0,0.0038356357,0,0.010154946,0.011070252,0.00016119952,0,0.0090667205,3.4062778e-05,0.016473243,0.016940434,0.040391751
0,0,0,0,0,0.0021693886,0.0081783589,0.0056595011,0,0,0.0074104453,0.00061057229,0.010489536,0.016298939,0.00084326474,0.0036231927,0,0,0,0,0,0.0016154682,0.0059603504,0.0017684745,0,0,0,0,0.0040820357,0.010400359,0,0.00019774577,0.0055221398,0,0,0,0,0,0.0028869968,0.011889191,0,0,0.00021810136,0,0,0.0036671017,0,0,0.021558192,0.028714091,0.025885597,0.012638709,0.030707443,0.031426683,0.0069180764,0.0066841431,0.017422248,0.015180647,0.0068286983,0.027599251,0.013263079,0.0044747852,0,0,0.0022153105,0.015577776,0.0077276514,0.010783767,0.011806795,0.008465413,0.020913471,0.02107054,0.026397506,0.018430924,0.0062420703,0.022454988,0.029942561,0.024632016,0.015034522,0.027633846,0.02485076,0.024279865,0.032986041,0.05130548,0.027234659,0.077454269,0,0,0,0,0,0,0,0,0,0,0,0,0,0.010481998,0.00048644483,0.0034855003,0,0.0062896274,0.021452803,0,0,0,0,0,0.0054921894,0,0,0,0,0,0,2.9045797e-05,0,0,0,0.017803904,0,0,0,0,0.019065553,0,0,0,0,0,0,0,0,0.015574371,0.0017463157,0.0053264168,0.0058044493,0,0,0,0,0.0075405799,0.012211547,0.0066246344,0.0046745138,0.012050854,0.010103893,0.019115854,0.023112396,0.028841142,0.026214257,0.012283187,0.023601107,0.016584141,0.034066748,0.033697058,0.0085361581,0.013928741,0.01789481,0.014491801,0.041451611,0.011732089,0.01662676,0.0051317406,0,0.017512936,0.013213269,0.0067673847,0.013267124,0.010161703,0.014106691,0.012639463,0.027403111,0.021237638,0.027795404,0.034070559,0.033136882,0.015670154,0.020156886,0.043928362,0.031096637,0.0037834495,0.014098224,0.028285857,0.042411368,0.049821861,0.033712581,0.13985457,0,0,0,0,0,0,0.014461359,0,0,0,0.0086465608,0,0,0.009592765,0.0066459654,0.026263988,0.0041335323,0,0.0046869391,0,0.016203638,0.026036734,0.021926975,0,0,0,0,0,0,0,0.01147222,0.0054069478,0,0,0.0046893065,0,0,0,0,0,0,0
0,0.013210548,0,0,0,0,0,0.0043344148,0.01356267,0.0045062825,0,0,0,0,0,0,0,0,0.0015285864,0,0,0,0,0,3.0864983e-05,0,0,0,0.0011081363,0,0,0,0,0,0,0,0,0,0,0,0.0060900566,0,0,0,0,0,0,0,0,0,0,0,0,0,0,0,0,0,0,0,0,0,0,0,0,0,0,0,0,0,0,0,0,0,0,0,0,0,0,0,0,0,0,0,0,0,0,0.056161173,0,0,0,0,0,0,0,0,0,0,0.0057040104,0.0052726413,0,0,0,0,0,0,0,0,0,0,0,0,0,0,0,0.053581584,0,0,0,0,0.016549703,0,0,0,0,0,0,0,0,0,0,0,0,0,0,0,0,0,0,0.0056642829,0,0,0.011224034,0.011562058,0,0.0045349039,0,0,0,0,0,0,0,0,0,0,0,0,0,0,0,0.010136632,0,0,0,0,0,0,0,0,0,0,0,0,0,0,0,0,0,0,0,0,0,0,0,0,0,0,0,0,0.010825804,0,0,0,0.032982823,0,0,0,0,0,0.012925078,0.009413979,0,0.014025261,0,0,0.0008206304,0.017140379,0,0,0,0,0,0,0,0,0,0.058621813,0,0.0069901459,0,0,0.058968909,0,0,0.005308229,0,0,0,0,0,0
0.011416128,0,0,0,0.028938999,0,0,0,0,0,0,0,8.0464873e-05,0.0060130535,0.01712301,0,0,0,0,0,0,0,0,0,0.00092140224,0,0,0,0,0.0031332844,0.021539591,0,0,0.025276711,0.009767388,0,0,0,0,0,0,0.00867265,0,0.016928244,0,0,0,0,0,0,0,0,0,0,0,0,0,0,0,0,0,0,0,0,0,0,0,0,0,0,0,0,0,0,0,0,0,0,0,0,0,0,0,0,0,0,0,0,0,0,0,0.014650555,0,0,0,0,0,0,0,0,0,0,0.0048415675,0.00042740226,0,0,0,0,0,0,0,0,0,0,0,0,0,0,0,0,0,0,0,0,0,0,0,0.0033774059,0.00497601,0,0.0084811235,0,0.031051982,0.012162566,0.012841992,0,0,0,0.0023923391,0,0.00043658921,0.0080602635,0,0,0.0014753711,0,0,0.0086511057,0.011832195,0.005167223,0.0077333325,0,0,0.0053722579,0,0,0,0,0.029129744,0,0,0,0.016617952,0.016258042,0.020444544,0.037299346,0.0348408,0,0,0.010476483,0.0098887961,0.002468755,0.0036974947,0.0053737229,0.0089480616,0.0048679626,0.015525209,0,0,0,0,0,0,0.018326646,0.031176109,0,0.017092492,0,0.0010763351,0,0,0.018603662,0.0082765557,0,0,0.034072969,0.0044469303,0.0056639863,0.0017641326,0.039692674,0.0022598859,0,0.01442573,0,0,0,0,0,0.0026786232,0,0,0,0.0010177874,0.0015899303,0.0075231874,0.0042843516,0.039718136,0,0.036491238,0.00012866096,0,0.0071799131,0,0,0,0.0054854755,0.0088530127,0,0,0.0055349115,0,0
0,0,0.0060210838,0.008652023,0.0037276638,0,0,0,0,0,0.0023597698,0.0015663181,0,0,0.02298251,0,0,0,0.0041380851,0.012262253,0.0037759028,0,0,0,0.0011678885,0.0056055044,0.0035935268,0.01147091,0,0,0.021336248,0,0,0,0.0052319067,0,0.0028667892,0.010809945,0,0,0,0,0,0,0,0,0,0,0,0,0,0,0,0,0,0,0,0,0,0.014488976,0,0.01777871,0,0,0,0,0,0,0,0,0,0,0,0,0,0,0,0,0.00078234368,0,0,0,0,0,0,0,0.026872758,0,0.016065942,0.0024269125,0,0.0021407814,0,0,0,0.026688442,0.01168857,0.016629381,0,0,0,0,0,0.00085383869,0,0,0,0,0,0,0,0,0,0,0,0,0,0.053115167,0,0.0060658609,0,0,0,0,0,0.0064141848,0,0.004560472,0.005427408,0,0.004451639,0,0.019656824,0,0.00081612356,0,0,0,0,0,0,0,0,0,0,0,0,0,0,0,0,0,0,0,0,0,0,0,0,0.010216986,0,0,0,0,0,0,0.012200927,0,0,0,0,0.0014948653,0,0,0,0.0033158541,0,0,0,0,0,0,0,0.0084475484,0,0,0,0,0,0,0,0.0078506442,0.050310712,0,0,0.01305138,0,0.0070999041,0.0015095347,0.018288227,0,0.020245783,0.016244913,0,0,0,0,0,0,0,0,0,0,0,0.0023823935,0.0058362605,0.01601978,0,0.010493709,0,0,0,0,0.00055319635,0,0,0,0,0,0.0015074076,0.0035121068,0.00026799156
0,0.0070411959,0,0,0,0,0,0,0,0,0.0050324295,0,0,0,0,0,0,0.0042770458,0.003335129,0,0,0,0,0,0,0,0.0096416641,0,0,0,0,0,0,0,0,0,0.0048776488,0,0.00072509475,0.010227149,0.0029530921,0,0.0059484425,0,0.0026564198,0.0048596612,0,0,0,0,0,0,0,0,0,0,0,0,0,0,0,0,0,0,0,0,0,0,0,0,0,0,0,0,0,0,0,0,0.0053643743,0,0,0,0,0,0,0,0,0,0,0,0.030707296,0.011297418,0,0,0,0,0,0,0,0,0,0,0,0,0,0.013895491,0,0,0,0,0,0,0,0,0,0.0014700078,0,0.0083632087,0,0,0.0031257607,0,0,0,0,0,0,0,0,0,0,0,0,0.016208675,0,0,0.0049309446,0,0.0022698499,0.012156264,0,0,0.0043888185,0.0010255849,0,0.0032105339,4.085205e-05,0,0.0053954143,0,0,0.0082867155,0.0028989809,5.7535995e-05,0,0.0081296843,0,0,0,0,0,0,0,0,0,0,0.001981257,0.001769352,0.0066561056,0,0,0,0,0,0,0,0,0,0,0.0059950361,0.0011915948,0.0038053486,0,0.025510227,0,0,0,0,0,0,0,0,0,0.033994455,0,0,0,0,0,0,0,0,0,0,0.00080190192,0,0,0,0,0,0,0,0,0,0.0023010627,0,0.02022915,0.0029555452,0.014770131,0.0090365764,0.0098757511,0.0067452244,0,0,0,0,0,0,0.0051349141,0,0,0
0,0.003822963,0,0,0,0,0,9.0800968e-05,0.010483293,0,0,0,0.00012458385,0,0,0,0,0.0083209043,0,0,0,0.004918348,0,0.0066656442,0,0,0,0,0.0028694689,0,0,0,0,0,0,0,0.0058919848,0,0,0,0.0023177189,0,0,0,0,0,0,0,0,0,0,0,0,0,0,0,0,0.022229958,0.014650491,0,0,0,0,0,0,0,0,0,0,0,0,0,0,0,0,0,0,0,0,0,0,0,0,0,0,0,0,0,0,0.03136253,0,0,0,0,0,0,0,0,0,0,0,0,0,0,0,0,0.059044451,0,0,0,0,0,0,0,0,0,0.0037093244,0,0,0,0.0024778321,0,0,0,0.0093116229,0,0.0054142517,0,0,0,0,0,0,0,0,0,0,0,0,0,0,0,0.011761965,0.012464268,0,0,0,0,0,0,0,0,0,0,0,0,0.0002906445,0,0,0,0.020591432,0,0,0,0,0,0,0,0,0,0,0,0,0,0,0,0,0,0,0.0086735506,0,0,0,0,0,0,0,0,0,0,0.033052634,0,0,0,0.044215575,0,0,0,0,0,0.005246683,0.015061736,0,0.014341304,0.0010492195,0,0,0.0081841638,0,0,0,0,0,0,0,0,0,0.065935053,0,0,0.0002757778,0,0.04016576,0,0,0,0,0,0,0,0,0
0.038596597,0,0.010516017,0.028618192,0.019622227,0,0,0,0,0,0,0.011055056,0,0,0,0,0.0258325,0,0,0.02072778,0.015942311,0,0,0,0,0.0030191776,0.00036673035,0.016620226,0,0,0,0,0,0.014700355,0.0096999472,0,0,0.012830859,0,0,0,0,0,0.01419982,0,0,0.010286878,0,0,0,0,0,0,0,0,0,0.012273302,0,0,0,0,0.04053352,0.048881277,0,0,0,0,0.0020100554,0,0.0061099259,0,0,0,0,0,0,0,0,0,0,0,0,0,0,0.0009166376,0,0,0,0.057505865,0.0022797056,0,0,0,0,0,0.040417578,0,0,0,0,0,0,0,0,0,0.021046536,0,0,0,0,0,0,0,0,0,0,0,0,0,0,0,0,0,0,0,0,0,0.0024025752,0,0,0.00055248459,0.005618481,0.026948955,0.0055700452,0.0093047973,0,0,0,0.0046511092,0,0,0.0020326944,0,0,0.0011248256,0,0,0.0060763126,0.0021537053,0,0,0,0,0,0,0,0,0,0.02717053,0.022987168,0,0,0,0,0.0029767468,0.036456134,0.028841073,0,0,0.0019965179,0,0.0038035039,0.0013407728,0,0,0,0.008765013,0,0.0020278837,0,0,0,0,0.0058087776,0.02314858,0,0,0,0,0,0,0.034058649,0.013347638,0,0,0.021452066,0,0.0027589248,0,0.047904309,0,0,0.0031652469,0,0,0,0,0,0,0,0,0,0,0,0,0,0.041755296,0,0.021387445,0,0,0,0,0.01231556,0,0,0,0,0,0.0015565163,0.00018537483,0
0,0,0,0,0,0,0.010623118,0.0059055057,0,0.00086514326,0,0.00043113428,0.0046719122,0.0041831797,0.0036827724,0.010981433,0,0,0,0,0,0,0.0057544187,0.0047402401,0,0.0024049394,0,0,0.0016473482,0.0040254807,0.002294485,0.0055477065,0,0,0,0,0,0,0,0,0,0,0,0,0,0,0.0015479112,0.0013057685,0,0,0,0,0,0,0,0,0,0,0,0,0,0,0,0,0.0014612142,0,0,0.0078146998,0.0039789444,0,0.02011192,0,0.0076448815,0.014679193,0,0.0029321027,0.0048198756,0.039361108,0.0020795523,0,0,0,0.024913494,0.0064345477,0.018995937,0,0,0,0,0,0,0,0.03776025,0.017575938,0.020551579,0,0.0073814197,0,0.011135777,0.025689134,0,0,0.018238243,0.010203322,0,0,0,0,0,0,0.0031490461,0.011110709,0.019399945,0,0,0,0,0,0,0,0,0.0087936278,0,0.010696678,0.0057165148,0.001755224,0.00020218462,0,0,0.0054997085,0.0074916808,0,0,0,0,0,0,0,0,0,0,0,0,0,0,0,0,0.0040821014,0.0076911733,0,0,0.0052007851,0,0,0.0039124405,0,0,0,0,0,0,0,0,0,0,0,0,0.0057016718,0,0.034967232,0,0.020848867,0.0043554595,0,0.018483888,0,0.0025168692,0.021699961,0.024379944,0.023201875,0.027866712,0.038243897,0.012917963,0,0.0079682264,0.023758903,0.016623776,0.0069991508,0.02771155,0.011697251,0,0.0044843904,0,0,0,0,0.063077584,0.066157967,0.027843211,0.012256248,0.016401514,0.013569759,0.015337741,0.045083545,0.020088362,0.037161089,0.044400964,0.028942972,0.026131382,0.013214779,0.003273631,0,0.033394992,0.018582303,0.046787374,0.032873325,0,0,0,0.019095868,0.00037485739,0.031904791,0,0,0,0.0079268198,0.0046726852,0.013024038,0.017405542,0,0.0002436792,0.023782315
0,0,0,0,0.0026867704,0,0.0068303272,0.0029054072,0,0,0,0.0023379873,0,0,0.011118343,0.0071356399,0,0,0,0,0.00046941257,0,0.0013228805,0,0,0,0,0,0,0,0.0083586629,0.0036794022,0,0,0,0,0,0,0,0,0,0,0,0,0,0,0.00039034316,0,0,0,0,0,0,0,0,0.0029928796,0,0,0,0,0,0.0021066389,0,0,0.01463342,0,0,0.012599382,0.0023304312,0,0.0066953199,0,0.0023499008,0.0087582096,0.011402091,0,0,0.012323944,0,0,0,0,0.0045530656,0,0,0,0,0,0,0,0,0,0.044169515,0.046769775,0.0392837,0.01228532,0,0.02140628,0,0.018003326,0,0.014752537,0,0.010967596,0.0006922154,0,0,0,0.006801012,0,0,0.0097814268,0,0.014274085,0,0,0,0,0,0,0,0,0,0.01481313,0.0021083711,0,0,0,0,0,0.011010106,0,0.004564906,0,0,0,0,0,0,0,0,0,0,0,0,0,0,0.00035517811,0.0062588104,0,0,0,0,0,0,0,0,0,0.002235699,0,0,0,0,0,0,0.0020953133,0,0,0,0.073395468,0,0.027303409,0.022710355,0,0.00021517044,0,0.0012879751,0.016342897,0.025489505,0,0,0.0021621143,0.0064108418,0.0022481163,0.00079784699,0.01058865,0,0,0.0041586044,0,0,0.0059760902,0.0077474276,0,0,0.0026683542,0.065916769,0.074388444,0.072385594,0.032263033,0.0073024733,0.026714047,0.030696398,0.03706345,0.035284128,0.011497742,0.043547098,0.031655647,0.031821225,0.012788698,0.007535988,0,0.025743211,0.02063827,0.0394798,0.070679985,0,0,0,0.016562505,0,0.012214428,0,0,0,0,0.0067167841,0.025995353,0.022392843,0.0020454205,0.011779247,0.026218627
0,0.00062775071,0,0,0.0032709562,0,0.0020467411,0.0027116812,0,0,0,8.3825013e-05,0,0,0.0033190125,0.0033704923,0,0,0,0,0.0021767451,0,0,0.0021990412,0,0,0,0,0,0,0,0.0011879777,0,0.0042732004,0.0022105926,0,0.00063531642,0.00071217294,0.0048913085,0,5.4667133e-05,0.00066472788,0,0,0,0,0,0,0,0,0,0,0,0,0,0,0,0,0,0,0,0,0.0052652303,0.016268609,0.041897736,0,0.0026529189,0.022704175,0.017670816,0.003811891,0.0086158672,0,0.010255866,0.017561534,0.020828033,0,0,0,0,0,0,0,0,0,0,0,0,0,0,0,0,0,0.02984854,0.063666075,0.044749141,0.01331539,0.0054767942,0.022176972,0.015221889,0.021335755,0.031861909,0.024281681,0.032233071,0.010366325,0.00085226877,0,0,0,0,0,0.00059431535,0.024421476,0,0.01611305,0,0,0,0,0,0,0,0,0,0.016988445,0.006796171,0.018426899,0,0.011810781,0.0052558342,0.018084483,0.021866463,0.0026435656,0.0033269159,0.0045226137,0,0,0,0.0074584694,0.0005107178,0.0043211691,0.0019830079,0,0,0,0,0,0.049760226,0.00097914797,0.0049668876,0,0,0,0,0.0022079584,0,0,0,0,0.0040251059,0,0,0,0,0,0,0,0.0086330408,0.0010079122,0,0.067851469,0.0057257647,0.043752752,0.062740028,0.041442055,0.0022622298,0,0.012305418,0.025607135,0.019895298,0.0020199243,0,0,0.0054234718,0,0,0.0032479886,0,0,0.00080961006,0,0,0.0021336314,0.0020210398,0,0,0,0.02810907,0.072909318,0.12650268,0.033400215,0,0.024414448,0.021767344,0.027281782,0.052328397,0.0023223315,0.030082878,0.037139192,0.035350714,0.012425027,0.0080039231,0.00034715555,0.015553014,0.051027976,0.023140186,0.090883851,0,0,0.00068918674,0.0097257206,0,0.0014133174,0,0,0,0,0,0.03190013,0.021420106,0.016665101,0.024024578,0.038560383
0.018859979,0,0.0049985973,0.032147352,0.025093827,0,0,0,0,0,0,0.018951163,0,0.0084759463,0.026088696,0.0072905109,0,0,0,0,0.021749634,0,0,0,0,0,0.0020550652,0,0,0,0,0.0036668379,0,0.025630951,0,0,0,0,0,0,0,0,0,0.0090614734,0,0,0.017763469,0.0067801028,0,0,0,0,0,0,0,0.029801995,0.0067564375,0,0,0.0095186103,0.0043803393,0.045857515,0.062238552,0,0.0061153984,0,0.0054095602,0.01938417,0.00030569069,0,0.0056768977,0,0,0.003833381,0.028884679,0.0040156329,0,0,0.0061164862,0,0,0,0,0,0.00030950317,0,0,0,0.028363675,0,0,0,0.0065565505,0.017462038,0.021870682,0.060380895,0,0,0,0,0.0022204844,0.01875161,0.0044166958,0,0,0.01803837,0,0,0.0027744421,0,0,0.00022744371,0,0.0032943222,0,0,0,0,0,0,0,0,0,0,0,0,0,0.0033014179,0,0,0.0073852381,0,0.024544481,0.0070696501,0.016608572,0,0,0,0.0018343754,0,0,0.0040877406,0,0,0,0,0,0.0059643686,0.0063446732,0,0,0,0,0,0,0,0,0,0.03524974,0.018437175,0,0,0.016800892,0.00086784351,0.0061193872,0.043420933,0.068767458,0,0,0.025243023,0.00076911051,0.014618267,0.015118447,0.0088600349,0.0050930548,0.0057429378,0.011262318,0,0.013664106,0.0045383237,0,0,0.017400518,0.01235351,0.026670069,0,0.0052761054,0,0,0,0,0.039661273,0.018536881,0,0,0.04783608,0.011640342,0.03151365,0.032498289,0.083783649,0,0.0024511532,0.014584288,0,0,0,0.0025016828,0,0.007681956,0,0,0,0,0.0096717421,0.01610392,0.025435263,0.043228723,0,0.028932849,0.0055735144,0,0,0,0,0,0,0.00075114763,0.0038759536,0,0.0049385382,0.0073485621,0.011933968
0,0.0055862716,0,0,0,0,0.0044150627,0.0046649869,0,0.0058390894,0,0,0.015345657,0.0014622766,0,0.0063078804,0,0,0,0,0,0.0041273129,0.0038370411,0.0045001865,0,0,0,0,0,0,0,0.0037037723,0,0,0,0,0,0,0.0022767785,0,0.00084485096,0.0004368439,0,0,0.0050876937,0,0,0,0,0,0,0,0,0,0,0,0,0.0068724393,0.00025468884,0,0,0,0,0,0,0,0,0,0,0,0,0,0,0,0,0.002537007,2.8686691e-05,0,0,0,0,0,0.014621176,0,0,0,0,0,0,0,0,0,0,0,0,0,0,0,0,0.01353862,0.0014416708,0,0.0030031709,0.0017578328,0,0,0.011885046,0,0.0067679347,0,0,0,0,0,0,0,0,0,0.0032875515,0,0,0,0.0040027034,0.014164438,0.0064317747,0,0.018409576,0,0,0,0.0019886359,0,0,0,0,0.0017376773,0,0.0028339843,0,0,0.0031268126,0,0.0023390758,0.0043875487,0,0,0,0.013072793,0.0012280373,0.0039269347,0.0043576811,0,0.0033171843,0,0,0,0.0026057826,0,0,0,0.0063253986,0,0,0,0,0,0,0.0018085163,0,0,0,0,0,0,0,0,0,0.0030678269,0.0013850896,0.0042455434,0.0086255772,0.00051721709,0,0,0.0021461064,0.031708375,0.0082810987,0,0,0.0085951565,0.013319592,0.0025866649,0,0,0.005566638,0,0.018329374,0.008846839,0,0,0.018282842,0.004836435,0,0.02445084,0.012143547,0.021911908,0.020903118,0.018562339,0.0063359165,0.0054817656,0,0,0.020725137,0.00029330875,0.0086281747,0.0082374653,0,0.013067722,0,0.015389509,0.0045978869,0.015080568,0,0.013112558,0.011747076,0.018816236,0.0075683757,0.0065815421,0.0045143748,0,0,0.0008981796
0,0.0049830801,0,0,0,0.00042298142,0.0054797181,0.0004468298,0.0043392,0,0,0,0,0,0,0,0,0.0023378027,0.0031929098,0,0,0,0.0034332077,0.00059014524,0,0,0.0022172143,0,0,0,0,0,0,0,0,0,0.020232042,0,0.0053299973,0,0,0,0,0,0,0,0,0,0,0,0,0,0,0,0,0,0,0,0.004485392,0,0,0,0,0,0.0012570943,0,0,0,0,0,0,0,0,0,0,0,0,0,0,0,0,0,0,0,0,0,0,0.0033782169,0,0,0,0,0,0.019971561,0,0,0.042418368,0.033750255,0.0089049898,0.011536498,0.014696607,0.0019396192,0.00079883717,0,0.0072347587,0.00045679678,0,0,0,0,0,0,0,0,0.0032425199,0.0048088534,0,0.0093575278,0,0,0,0,0,0.010717863,0,0,0,0,0.0015332295,0.010262445,0,0,0,0,0,0,0.00177329,0.00072772626,0,0.012517837,0,0,0,0,0,0,0,0,0,0,0,0,0,0,0,0,0,0,0,0,0.0048479126,0.0081518786,0,0,0,0,0,0,0,0.0049464689,0,0.0015763389,0,0,0,0,0,0,0,0,0,0,0,0,0,0.0014966242,0,0,0,0,0.0092916181,0,0.020701334,0,0.014879982,0,0.0122417,0.025224885,0.023490757,0.0024904376,0.0032088279,0.045838304,0.016101712,0.039916303,0.020328334,0,0.014524099,0.022507127,0.0013630959,0.00028128602,0.0071372143,0,0.0089141913,0.0059400182,0.010898476,0.026212668,0,0.016747925,0,0,0,0.0092881154,0.0088302167,0.0035492741,0,0,0.004653791,0.0095926048,0.010793308,0,0,0.0025617662
0,0,0.0021011592,0.0084704319,0.0062561594,0,0.0044050729,0.00126132,0,0.0032464333,0,0.0040353471,0.00042697607,0.00030559715,0.015390319,0.010135796,0,0,0,0.00043581659,0.0050325086,0,0,0,0,0.0098088589,0.00054403447,0.0035702244,0,0,0.016217059,0.0080909114,0.0013915489,0.0094794463,0,0.0017821366,0.004383327,0.0042662723,0.011022534,0,0,0.0017589282,0,0.0022939632,0,0,0,0.0022307152,0,0,0,0,0,0,0,0,0,0,0,0,0,0.011792393,0.01388256,0,0.0031653463,0,0,0,0.0028248955,0,0.0081337076,0,0,0,0,0,0,0,0.0023531078,0,0,0,0,0,0,0,0,0,0,0,0,0.0055106035,0,0,0,0,0,0.012759307,0.041934595,0.013590785,0.0053699627,0.011911268,0.018385058,0.00088900625,0,0.007975704,0,0,0,0,0,0.0092337774,0,0,0,0,0,0.0018257182,0,0.003584771,0.0038595062,0,0.0015192004,0.0062872381,0.00040071504,0.01667184,0,0.0084703546,0.0084915254,0.0059334505,0.019000931,0.0040823752,0.0080424203,0,0.0017401142,0,0,0.0070237378,0,0,0.0016244048,0.001540789,0,0,0,0,0.00042413367,0.0052028918,0.0077614039,0.00020111995,0,0,0,0,0,0,0,0,0.0099973511,0.0053027594,0,0,0,0,0,0.0089416374,0.0025836732,0,0,0.0044271098,0,0.010179182,0.0016910577,0,0,0,0,0,0,0.0017933806,0,0,0,0.0035241817,0.0044901129,0.0017774918,0,0,0,0,0,0.014082705,0.016728597,0,0,0.0029225748,0.014227921,0.029560406,0.020854268,0.014506768,0,0.015784811,0.06884405,0.024635801,0.015771348,0.012869176,0.019685218,0.023615411,0.01845907,0.0042391317,0,0,0.015689801,0.019597035,0.024541089,0.026753258,0.01592047,0,0.009060381,0.024656041,0,0.0085596116,0,0,0,0.027866464,0.014729935,0.02126395,0.022103222,0.0090247244,0.019445643,0.02539001
0,0.0068269535,0,0,0,0.0011969445,0.017926004,0.011198199,0,0.00990187,0,0,0.014257891,0.0035199735,0,0.0095608626,0,0.0038103932,0,0,0,0.0018761136,0.0069530024,0.01011545,0,0,0,0,0.0071420455,0,0,0.0015054997,0,0,0,0,0,0,0.0028164233,0,0.0072936178,0,0.0044115959,0,0.0098002208,0.0037602864,0,0,0,0,0,0,0.012054859,0,0,0,0,0.013880973,0.0057649412,0,0,0,0,0.011834919,0.012595216,0.0021207321,0,0.0065652402,0.0056849369,0,0.0072543276,0,0.007474578,0.015832962,7.5484211e-05,0,0.013884495,0.02198476,0,0.01979702,0,0.0095619354,0.026061118,0.0057476209,0.0057368395,0,0,0.0069609047,0,0,0,0,0.024419557,0.012873766,0.02099384,0,0.021381311,0.0091118524,0.020619098,0.056314696,0.0052190297,0,0.012247008,0.0054869847,0.0075335042,0,0.015723735,0,0,0,0,0,0,0,0,0.0078408271,0,0,0,0,0,0.017677451,0,0.01110178,0.0026210754,0.002478217,0,0,0,0.0062608421,0,0,0,0,0,0,0,0.0069896998,0,0,0.0060951686,0,0.011645059,0.0079161692,0,0.010050175,0.0074861301,0.0042960066,0.0026624049,0,0,0.0072362362,0.0058496734,0,0.0069971671,0,0.002538952,0,0,0,0.012713186,0.0070438795,0,0,0,0,0,0.007064675,0.0059560593,0.03090162,0,0.018093232,0.0023978786,0,0.0021328521,0,0.00020892825,0.029751698,0.031007063,0.0070893234,0.0077329623,0.022792017,0,0,0,0.028707143,0.0095548276,0.0064208796,0.018242966,0.0072283274,0.014077989,0,0,0,0.014140914,0,0.04451314,0.036705937,0.026828775,0,0.022567868,0.040631898,0.025251111,0.11179914,0.047962569,0.050277226,0.046192314,0.028975353,0.012507568,0.0070901155,0.0088644903,0.027601177,0.018007915,0.0071331905,0,0.011137079,0,0.018557603,0,0,0,0.019768141,0.0090611391,0.0015148988,0.0068776621,0.0006079257,0,0.015367152,0.008703935,0,0,0.0051686233
0,0.0073715197,0,0,0,0.00077632483,0.0072004599,0.0063161091,0,0,0,0,0,7.8253724e-05,0,0.0034847856,0,0.0052895728,0,0,0,0.0014360417,0.0018863045,0.0030272868,0,0,0,0,0,0,0,0.0016525106,0,0,0.004477371,0.0015557287,0.0092723835,0,0.0082785962,0.0051861885,0.0064470307,0,0.0091914916,0,0.0049983496,0.0085635539,0,0,0,0.00481012,0,0,0.0068690749,0,0,0,0,0.0056567746,0.0037325614,0,0,0,0,0.01233132,0.032355119,0,0,0.011991858,0,0.0029135784,0.0062848614,0,0.015584603,0.011892628,0.014084588,0,0.0049812128,0.0029151288,0,0.016231468,0,0.00096458645,0,0,0,0.0031436149,0,0,0,0,0,0,0.015407707,0.037582036,0.024968406,0,0,0.01164359,0.011338844,0.034860369,0.051309802,0.026506577,0.0065622767,0,0.0027341009,0,0.00059789012,0,0.002513336,0.0047598802,0.012370436,0.020365944,0,0.0025206399,0.0029969162,0.0007503063,0.0062972484,0,0.0014129172,0,0,0,0,0.027937481,0.011517436,0.012879645,0.00017566676,0.0038503192,0,0.0061164806,0.010795303,0.0063804649,0,0.005124616,0.00025151292,0.00037159753,0.0068860119,0.012102578,0.00034440713,0.011726938,0.007203578,0,0.0078755636,0.0060812365,0,0.002242659,0.021210328,3.4479803e-05,0.0056668837,0,0,0.00088141218,0.0058686808,0.0026366718,0.00092986773,0.003705231,0.012841823,0,0,0,0.0077013345,0.0042966786,0,0,0,0,0,0.017008757,0.00019264212,0.031783283,0.0031606897,0.018686391,0.018312659,0.0092253052,0,0,0.01458548,0.030498073,0.057846565,0.022771381,0.018678183,0.0056230845,0.022835102,0,0,0.020260196,0,0,0.0024158894,0.0062779277,0,0,0,0.00073642749,0.0012206006,0,0.021627916,0.036815509,0.054413456,0.00029207766,0.011705033,0.022344567,0.018015409,0.049737848,0.14866117,0.0065709539,0.032080222,0.076595962,0.0091590462,0,0.0025131057,0.0071938769,0.033562575,0.027963649,0.019024251,0.029288098,0,0.007424715,0,0.0079701496,0.0097981896,0.031460546,0.0017609714,0,0.001356188,0,0.010724687,0.029034922,0.026111845,0.01126988,0.0070017101,0.020649321
0,0,0,0,0,0,0.0091126338,0.0097128302,0,0.0066837356,0,0,0.015560103,0.0079508983,0.0052850614,0.013127764,0,0,0,0,0,0,0.008965726,0.0060894336,0,0,0,0,0.010532997,0.0030221615,0,0.0086167054,0,0,0,0,0,0,0.0025063581,0.0067637935,0,0,0.0028990773,0,0.0097460542,0.0042311512,0.0023747031,0.0079304893,0.0075603211,0.00012990987,0,0,0.0047700708,0.0095980372,0,0,0.00078012381,0.0023774193,0.0047224527,0.0046015074,0,0,0,0,0,0,0,0,0.0092481738,0,0.023706306,0.012057962,0.013485268,0.018138938,0,0.011357713,0.011463011,0.026571846,0.010168528,0.024852768,0,0.0068588145,0.062265534,0.023337808,0.026388641,0.0076841316,0,0,0,0,0,0,0.0090156291,0,0,0,0,0,0.019167174,0.023770979,0,0,0.021184707,0.014515726,0,0,0,0,0,0,0,0.00035007595,0.0051924344,0,0.0017828608,0,0,0,0,0.018707801,0.0013758924,0.031318989,0.0042577633,0.0066257739,0,0.0014719884,0.0019748351,0,0,0,0.0040107141,0,0,0.00013343887,0.0050298409,0.0076929005,0,0.0078378562,0.00264747,0,0.012566803,0.008624455,0.0020412675,0.003819033,0.0072761634,0.0066022538,0,0.009381691,0,0.0058685304,0.0088875024,0.0099487714,0.0009442122,0,0.019730685,0,0.0083833989,0.004071991,0,0,0,0,0.0073921918,0,0,0,0,0.0086312788,0,0.0050734216,0,0.01958706,0.0033448425,0.0056554349,0.022382995,0.0044609811,0.0074422047,0.024471397,0.01722119,0.0088518793,0.014094785,0.029118324,0.015445737,0,0.0097931623,0.032293431,0.023208451,0.021465618,0.037965093,0.023092138,0,0,0,0,0,0,0.03631229,0.011263974,0.0021661026,0,0.019522065,0,0.012722127,0.049857773,0.0048235236,0.10579829,0.052130409,0.0082567725,0.025797773,0.013032218,0.0024818243,0.0389558,0.020715764,0,0.0017128747,0.0002484814,0,0,0,0,0.0027264718,0.010818979,0,0.017408362,0.011200257,0.017113687,0.032985326,0.033200279,0.0047019767,0,0,0.019703768
0,0,0,0,0,0,0.0091215968,0.0069155334,0,0,0,0,0.011912479,0.0016641598,0,0.011950593,0,0,0,0,0,0,0.0069247298,0.0081373919,0,0,0,0,0.0096326079,0.00030198047,0,0.006589958,0,0,0,0,0,0,0.0026948429,0,0,0,2.4490187e-06,0,0,0,0,0.00062694016,0.001898411,0,0,0,0.0026488975,0.002502644,0,0,0,0.0053797415,0,0,0,0,0,0.0065105753,0,0.0044900775,0,0,0.0077235876,0,0.01405975,0,0.0094502773,0.025568804,0,5.0622144e-05,0,0.012214063,0,0.012053867,0.00040275036,0.0065819025,0.039447032,0.0040459624,0.0074588833,0,0,0,0,0,0,0,0,0,0.019697754,0,0,0,0.021389188,0.036343053,0.0053890306,0.0055591362,0.020253319,0.0069033019,0.0026557404,0,0,0,0,0,0,0,0,0,0,0,0,0,0,0.003087027,0.0017110084,0.013240499,0.0025948528,0.021259272,0.018656017,0.016551245,0.01356494,0,0,0.013333438,0.0087098144,0,0,0,0,0,0,0,0,0,0,0,0,0,0,0,0.0041533802,0,0.0032030386,2.3177887e-05,0,0.0022230872,0,0,0,0,0.00083967001,0,0,0,0.0012303262,0,0,0,0,0,0,0.0017887944,0.0034321013,0.022743268,0,0,0.0075669601,0,0.0076000779,0,0.0019419327,0.02802499,0.012936349,0.0069325669,0.0059614391,0.00525442,0.0055522169,0,0,0.019680608,0.0015735067,0.0019744991,0.019017661,0.002492974,0.00076752045,0,0,0,0,0,0.043900631,0.043047152,0.029373953,0.0026390417,0.01893135,0.015027352,0.020246238,0.046133585,0.030140746,0.052912772,0.063009471,0.053159077,0.02185593,0.012448177,0.004990899,0.028940048,0.036127679,0.018808104,0.022060694,0.034856055,0,0,0,0.01478664,0,0.0093963742,0,0.0062417993,0.0029353998,0.0082368385,0.017787067,0.047528625,0.026416313,0,0,0
0,0,0,0,0,0,0.0095410291,0.0072352765,0,0.011078326,0,0,0.00050275325,0,0,0.0060035433,0,0.010103805,0.00094975502,0,0,0,0.004304993,0.0086241122,0,0,0,0,0,0,0,0.0014127715,0,0,0,0,0,0,0,0,0.010963365,0,0.0042523006,0,0,0,0,0,0,0,0,0,0.0045743627,0,0,0,0,0.012381255,0,0,0,0,0,0,0,0,0,0,0,0,0,0,0,0.0055382466,0,0,0,0,0,0,0,0,0.0013178277,0,0,0,0,0,0,0,0,0,0.036206223,0.025327671,0.0010202422,0,0,0.015321243,0.021288112,0.01955015,0.021989724,0.014531182,0.0077570737,0.00034846179,0.00072128966,0,0.015399302,0,0.01451226,0.0032381951,0.015038717,0.014335995,0,0.030968497,0,0.0091183139,0.013275159,0,0.0083288169,0,0.020195551,0.0065397485,0.013472239,0.035178635,0.050114103,0.030357588,0.020726163,0,0,0,0,0,0,0,0,0,0,0,0,0.001436109,0,0,0.0032357774,0.0020364043,0,0,0,0,0,0,0,0,0.00051652099,0,0,0,0.00042549544,0,0,0,0.012951056,0,0,0,0,0,0,0,0,0.004965961,0,0,0,0,0,0,0.0074981018,0.042245474,0.010688372,0.017614949,0.0093974033,0,0.0074549937,0,0,0.0034231804,0,0,0,0,0.017534513,0,0,0,0.0083212061,0,0.028989986,0.03189959,0.037361123,0,0.017077127,0.024051707,0.025351346,0.029332712,0.075280093,0.0091284476,0.054052662,0.14762883,0.010535062,0.0080755921,0.004410991,0.011303378,0.039829176,0.02782622,0.047239225,0.061327916,0,0.021989975,0,0.038715173,0.0077071683,0.026212603,0.011976833,0.0013291062,0,0.026811317,0.023867916,0.056420397,0.053415757,0.0016258743,0.028010869,0.019569358
0,0.0041933297,0,0,0.0054061385,5.772831e-05,0.014776054,0.012098448,0,0,0,0.0025358093,0.00044023426,0.0019233715,0,0.0064410702,0,0,0,0,0.0035989292,0,0.010183799,0.0082408711,0.0033836116,0.0028880858,0.0010622104,0.0032036554,0,0,0.0085931923,0.0041953614,0.0074860961,0.0067015598,0,0.0090188812,0,0.010543328,0.013819123,0,0.00011167041,0.016402183,0,0.017589729,0.0090246415,0.0018701011,0.0011238003,0.0050645852,0.0042027202,0,0,0,0,0.0006585184,0,0,0,0,0,0,0,0.0040391954,0,0.0020975345,0.012411034,0,0,0,0.011523056,0.0020070251,0.026122859,0,0.0034253162,0,0,0,0,0,0.0050913328,0.0021031806,0,0,0,0.0050657596,0.021699157,0,0,0,0,0,0,0,0,0.029284615,0,0,0,0,0.013767791,0.0054316144,0,0,0.077316903,0.042046208,0.0026657879,0,0,0,0,0,0,0.021096908,0,0.0093556549,0,0,0,0.0017839115,0,0,0,0.0099517461,0,0,0,0,0,0.029917035,0.021975894,0.022648742,0.034223329,0.0070464024,0,0.0082389647,0.0066408529,0.0081220279,0,0.01232172,0.015336037,0.002226518,0.018209076,0.014259391,0,0.00042305165,0.023169944,0.024231069,0.016066769,0.0060390499,0,0,0.0011293676,0,0,0,0.0095923627,0,0,0,0,0,0,0,0,0.0016906817,0,0.00085483008,0.0013288863,0.0016171472,0,0.011294434,0,0.053834476,0.0037969202,0.0056171035,0.018961176,0.00098527956,0.0017684469,0.011274072,6.9790593e-05,0.0070687057,0.0035116512,0.0071101435,0,0.0044253613,0.0054234737,0.0064183138,0.0033905401,0.0092821913,0.029163074,0.0018270903,0,0.0026278258,0.00060333998,0,0,0,0.027672548,0.033677705,0.036442939,0.0085042706,0.0056698429,0.002386553,0.019495243,0.013312797,0.0079357084,0.026021048,0.022932628,0.011394827,0.064258985,0.048298702,0.0092571992,0.020768678,0.0078107631,0.022702636,0.0236848,0.032444462,0,0,0.0015607054,0.0046869074,0,0.00064425025,0,0.015626518,0.0074767051,0.0029035637,0.0023210472,0.022863491,0.0096307285,0.038482148,0.048446175,0.052822132
0,0.00090709806,0,0,0,0,0.0095379185,0.01006146,0.00036275332,0.0047389409,0,0.00043358631,0.00088308519,0,0.0043608444,0.0032460541,0,0.00046640512,0,0,0,0,0.0081255706,0.01431836,0,0.0021123374,0,0,0.0011628413,0.00014946636,0.0013288673,0.0018486904,0,0,0,0,0,0,0.0015171205,0,0,0.0020411038,0,0.0016460329,0,0,0,0.00044134719,0,0,0,0,0,0.0019128646,0,0,0,0,0,0,0.030358681,0,0,0,0,0,0,0,0,0,0.024126599,0.0082634483,0,0,0,0,0,0,0,0,0,0,0.010646309,0,0.036554039,0,0,0,0,0,0,0,0.010223821,0.01245524,0,0,0.0016455783,0,0.0075912969,0.00085563184,0,0,0.043365967,0.14128496,0.00034091255,0,0,0,0,0,0,0,0.0047908491,0.0075514158,0,0,0,0.0026589578,0,0.011916705,0,0.0095074382,0,0,0.0026880433,0.0088060247,0,0.010820952,0.022021538,0.027768765,0.023836341,0,0,0,0,0,0,0.0016407378,0,0,0.0060377377,0.00031101768,0,0,0.005152348,0,0,0,0,0,0,0,0,0,0.018164087,0,0,0,0,0,0,0,0,0.0091996696,0.021192875,0,0,0,0,0,0,0.0092537152,0,0,0.02345163,0.003025328,0,0,0,0,0,0,0,0,0,0.0019580603,0,0.016398508,0.031936847,0,0,0,0,0,0,0,0.013296159,0.01335288,0.01274058,0,0.004429807,0.00068316993,0.0046526841,0.0071702339,0,0.012858348,0.012557712,0.0078611318,0.047758479,0.16575427,0.027422622,0.030042797,0.0070896172,0.0011297789,0.013426067,0.019333612,0,0,0,0.0030781408,0,0,0,0.022935409,0.011703728,0.0099036722,0.00035025954,0.012819926,0.0059388047,0.012777781,0.05510639,0.028179521
0,0.0020066281,0,0,0,0,0.0013326491,0.00051691866,9.1224843e-05,0.0020479211,0,0,0,0,0.00048515241,0.00077412615,0,0.0017137598,0,0,0,0,0.00085644069,0,0.00052659726,5.4024113e-05,0,0,0.00048490072,0,0.0009764951,0,0,0,0,0,0,0.0007438524,0,0,0,0,0,0,0,0,0,0,0,0,0,0,0,0.005525202,0,0,0,0,0,0.00070603658,0,0,0,0,0,0,0,0,0,0,0,0,0,0,0,0,0,0,0,3.6675247e-05,0,0,0.0033381439,0.015515964,0,0.012220407,0,0,0,0,0,0,0.0043473472,0,0,0,0,0.0011809103,0,0.0054802685,0.001838553,0,0.0086861281,0.011510823,0.053160805,0,0,0,0,0,0,0,0,0.0013696613,0.0020971817,0,0,0,0,0.0081779184,0,0.007478334,0,0.013546814,0,0.0062290761,0.0044362461,0.0014725659,0.00067428593,0.010879736,0,0,0,0,0,0,0,0.001025799,0,0,0,0,0,0,0,0,0,0,0,0,0,0,0,0,0.014936382,0,0,0.0053377356,0,0,0,0,0,0,0,0,0,0,0,0.0054036179,0,0,0,0,0,0,0,0.00033888544,0.0004870405,0,0,0,0,0,0,0.0023941775,0,0.029752892,0.0084483065,0.015511975,0,0,0,0,0,0,0.003867947,0.0083514843,0.0085386252,0,0,0.007924499,0,0.0096370708,0.0020579251,0.0031164957,0.0058346791,0.0049240668,0.0094601382,0.027930086,0.090576291,0.023572465,0.021803495,0.0043005971,0,0.0063536325,0,0,0,0,0,0,0,0.014866218,0.015039434,0.0015028275,0.0024474014,0.0015958606,0.0022075919,0.0034731808,0.022079822,0.0072170557
0,0.0063831555,0,0,0,0,0.019686591,0.012093397,0.01004874,0.0071975985,0.0025041387,0,0.01308699,0.0053955093,0,0.0080304695,0,0,0,0,0,0.0044127777,0.016725788,0.012613587,0.0019827564,0,0,0,0.01222482,0.0055179344,0,0.0053112912,0,0,0,0,0.0011850502,0,0,0,0,0,0.0043953913,0.0017416239,0.011861249,0.0075583821,0.0010857097,0,0,0,0,0,0,0.012108305,0,0,0,0,0.0061645354,0,0,0,0,0,0,0,0,0,0,0,0.011632053,0.0054652696,0,0,0,0,0,0,0.0040028505,0,0,0,0.036154982,0.029985806,0.020194896,0.01636477,0,0,0,0,0,0,0,0,0,0,0,0,0.017018896,0.021041274,0,0,0.018689511,0.013853841,0.0044813016,0,0,0,0,0,0,0,0,0,0,0.0040914742,0,0,0,0.023607986,0.013940051,0.051364463,0,0.017735656,0.003221191,0.01021594,0.012368351,0,0,0.0098685315,0.0031400167,0,0,0,0,0,0,0,0.0051490786,0,0.012281092,0.0079842228,0,0.011853451,0.008814943,0.009015264,0,0,0,0.0080565531,0.0085294787,0.0181004,0,0,0.037712824,0,0.015300481,0.0057735145,0,0,0.010157726,0,0,0,0,0,0,0.0027137008,0,0,0,0.0027441231,0,0,0.010459313,0,0.0051417262,0.01477211,0.0076976828,0.010261439,0.017647859,0,0.0017995455,0,0,0.034906775,0.018409763,0.054623336,0.039741628,0.024192194,0,0,0,0,0,0,0,0,0.0015374806,0,0,0,0.00075236073,0.029581556,0.0067365943,0.04125699,0.03067556,0.012348657,0.022219088,0.031838521,0.023896359,0.052090842,0.036794193,0,0.00091758417,0,0,0,0,0.0005219325,0.0045301192,0.010604018,0.0050569908,0.030958796,0.039384957,0.019287068,0.0022637357,0.016580231,0.011516445,0.0037165084,0.020748544,0.01716716
0,0,0,0,0,0,0.014758855,0.0045296708,0,0.0029159496,0,0.0031068278,0.0074313194,0.00083034032,0.0030893907,0.011209494,0,0,0,0,0,0.00028820342,0.0060523888,0.0052767955,0,0,0,0,0.0051213182,0.0033641264,0,0.0094269607,0,0,0,0,0,0,0.0037541825,0,0,0,0,0,0,0,0,0.0024996172,0,0,0,0.00073003821,0.0075192563,0,0,0,0,0.0019020194,0,0,0,0,0,0,0,0,0,0,0,0,0.0011223995,0,0.0063934503,0.0067450926,0,0,0,0,0,0.014164063,0,0.0056708283,0.013161777,0.014275214,0,0.0022244039,0,0,0,0,0,0,0.018289573,0.01252747,0.0069302185,0,0,0.0092707928,0.018582612,0.016176833,0.012751708,0.011994661,0.0064723031,0.000781902,0.016132994,0,0,0,0.0057417429,0,0.010715237,0.00048116478,0.020128381,0.0084070768,0.014744209,0,0.0059775198,0,0.011315366,0.010703038,0.011232479,0.017857555,0.01690447,0.057319991,0.021660659,0.018901195,0.054395247,0,0,0.010689861,0.012091076,0,0,0,0,0,0,0,0,0,0.002646877,0,0,0,0,0,0,0.0014746811,0,0,0,0,0,0.0014561058,0.0090467613,0,0.0054710675,0,0,0,0,0,0,0,0,0,0,0,0,0.0070220465,0,0,0.0022453889,0,0,0,0.0021065872,0.029061148,0.017140847,0.014476439,0.0084946807,0,0.0085040955,0,0,0.018597791,0.0018417131,0.014422052,0.011699817,0.020710522,0,0.0012661701,0,0,0,0,0.034836907,0.027084932,0.016464692,0,0.019767193,0.010789164,0.017630653,0.019542698,0.033447649,0.022623155,0.037911955,0.040996563,0.0074590156,0.0075657093,0.021809168,0.036315303,0.19508745,0.0029860856,0.02570587,0.020932974,0,0,0,0.019982653,0.0049811224,0.031955175,0,0.01204931,0.0077624507,0.024986226,0.061501008,0.027137628,0.041111208,0,0.01559387,0.018275632
0.0043871221,0.005650504,0,0,0.0016032349,0.0022549343,0.0046654576,0.007649886,0.00088020443,0,0,0,0,0,0,0.0030617961,0.0039674644,0.0045722546,0,0,0.0011486724,0.0015358181,0.0025800867,0.0063391081,0,0,0,0,0.00077746244,0,0,0.002017926,0.010468954,0.0014272969,0,0.002042074,0,0.0049362211,0.0079908986,0.0068775946,0.0018041811,0,0.0033004538,0.0045916894,0,0,0,0,0,0,0,0.00050186168,0,0,0,0,0,0,0,0,0,0,0,0,0.018904913,0,0,0.0074644149,0.020842498,0,0.029086184,0.0016399879,0.0087640714,0.015890917,0.00053290668,0,0,0.0049738842,0,0,0,0,0,0,0.01383498,0,0,0,0,0,0,0,0.016296145,0.020871513,0.011384196,0,0.0015452125,0,0,0,0,0.0034135119,0.02309439,0,0.0037580312,0,0,0,0,0,0.022849983,0.067312688,0,0.023484629,0,0,0,0,0,0,0,0,0,0,0.0056169438,0,0,0.040998679,0.024493659,0.019026142,0,0.023513323,0.0020109997,0.027043402,0,0.00062124559,0.0078885891,0.012557974,0.010675003,0.0021617995,0.005240412,0.0082576768,0.018144479,0,0.001501714,0.0081775701,0.049626715,0.0030645777,0.0028976924,0,0,0,0,0.0037402988,0.0025768187,0,0,0,0,0,0,0,0,0,0,0,0.014596638,0.04827746,0,0.015713807,0,0.037485413,0.0094292276,0.0095475875,0.021453243,0.0034413058,0.0038737941,0.025525322,0,0.015446302,0.014760015,0,0,0,0,0,0,0,0.015834939,0,0,0.0013003945,0,0,0,0,0.018819422,0.02120278,0.051437207,0.010244221,0,0.0061123734,0.020289447,0.0072970353,0.025704479,0.00072350173,0.019604404,0.027311007,0.022663329,0.0019132008,0.004214156,0,0.0024697126,0.11520944,0.063115403,0.061205857,0,0,0.0019607043,0.019879898,0,0.0039399695,0.0022632182,0,0,0.015072902,0.010047571,0.045619227,0.032946121,0.047977947,0.039740749,0.053117771
0.0031062397,0.0050001098,0,0,0.0028838601,0,0.0055428902,0.0017640407,0,0,0,0,0,0,0.0022506122,0.0043279738,0,0,0,0,0.0011284599,0,0.0023635861,0.0013601859,0,0.00056201906,0,0,0,0,0.0021652076,0.0031176393,0,0,0,0,0,0,0,0,0,0,0,0,0,0,0,0.0025716296,0,0,0,0.001064575,0,0,0,0,0,0,0,0,0,0,0,0,0,0,0,0,0,0,0.0011605793,0,0,0,0,0,0,0,0,0,0,0,0,0,0,0,0,0,0,0,0.00015717666,0,0.031440474,0.013900866,0,0,0,0.015994202,0.01298748,0,0.0058600199,0.0083199432,0.017915439,0.0049755666,4.0222372e-07,0.0078896889,0,0.0099102492,0.03305598,0,0.029058442,0.020640094,0,0.05446725,0.012795603,0,0,0.0036700629,0.010288029,0,0.026004281,0,0.027373727,0.010050377,0.028803572,0.028487537,0.0069905324,0.020446811,0.0479264,0.029978182,0.043782301,0,0.0015884483,0.0061362945,0,0,0,0,0.00043893317,0.0020364004,0,0,0,0,0,0,0,0.00041212919,0.0066207484,0,0,0,0.0027569244,0.0018712388,0,0,0,0,0.0012421743,0,0,0,0,0,0,0,0,0.027618971,0,0,0,0,0,0,0,0,0,0,0,0.042230673,0.030444529,0,0,0,0,0,0,0,0,0,0,0.0069195805,0.003307401,0.0021615855,0,0,0.046267353,0.039477419,0.023267662,0.016598519,0.0070943064,0.011609039,0.025774941,0,0.017527003,0.0028379494,0.022743952,0.046262197,0.022848651,0.013689684,0,0.00035351887,0.024394011,0.063165985,0.11719102,0.10115504,0.018650685,0,0.017223869,0.050347961,0.016449448,0.034237936,0,0,0,0.038830467,0.046984889,0.043852653,0.035033487,0.022759799,0.059499949,0.042532105
0.0031788996,0.0037065907,0,0,0.00066063588,0,0.0015801264,0.0018663115,0.0021765952,0.0015356137,0,0,0,0,0.0021891012,0.0078515988,0,0,0,0,0,0,0.0013298508,0.0018039492,0,0.0029129782,0,0,0,0,0.0032423809,0.0044700587,0,0,0,0,0,0,0,0,0,0,0,0,0,0,0,0,0,0,0,0,0,0,0,0,0,0,0,0,0,0,0,0,0,0,0,0,0,0,0,0,0,0,0,0,0,0,0,0,0,0,0,0,0,0,0,0,0,0,0,0,0,0.038313046,0.011015286,0.011805401,0,0.025651863,0.018060837,0,0.011232389,0.0083654737,0,0.01013823,0.0015525534,0.00021225054,0,0,0.014791233,0,0.0013403537,0.01783758,0,0.059686251,0,0,0,0,0,0,0,0,0.013476838,0.015420973,0.036137629,0.031356551,0,0.013394276,0.038127348,0.040675845,0.031965926,0,0,0,0,0,0,0,0,0.0028804759,0,0,0,0,0,0,0,0.00030172183,0,0,0,0,0,0,0,0,0,0,0,0,0,0,0,0,0,0,0,0,0,0.021619041,0,0.0047700224,0.0040048668,0,0,0,0,0.00042064255,0,0,0,0,0,0,0,0,0,0,0,0,0,0.0037842025,0.0064163161,0,0,0,0.031564899,0.069425896,0.089524969,0.025406618,0.0065272017,0.026511908,0.027402755,0.010658038,0.026923409,0.00051326485,0.034669064,0.059329055,0.030065332,0.018460894,0.005280863,0,0.018781373,0.0599746,0.099886365,0.11941537,0.000231107,0,0,0.034039147,0,0.014638545,0,0,0,0.025873523,0.032143887,0.042203166,0.040266585,0.013635856,0.053816676,0.032747198
0.024078602,0,0.012089455,0.044144157,0.024222305,0,0,0,0,0,0,0.010675052,0,0,0,0,0,0,0,0.029304545,0.019938732,0,0,0,0,0.0065674772,0.0078350939,0.019134652,0,0,0,0,0.007935686,0.027334094,0.0087469788,0,0,0.017487381,0,0,0,0,0,0.010732683,0,0,0.012712779,0.0099378675,0,0,0,0,0,0,0,0,0.013971279,0,0,0,0.0083563039,0.049813259,0.060236312,0,0,0,0,0,0,0.0081961546,0,0,0,0,0,0,0,0,0.016305853,0,0,0,0,0,0,0,0,0,0.027952924,0,0,0.036076736,0,0,0,0,0,0,0,0,0,0,0,0,0,0.056784291,0,0,0,0,0,0,0,0.0079694334,0,0,0.0012357468,0.015066609,0,0,0,0,0,0,0,0,0,0.0061387457,0.013767993,0,0.0068838322,0.010212762,0.032650024,0.016068455,0.018438559,0,0,0,0.0063112685,0,0,0.0025655241,0,0,0,0,0,0.0079648364,0.018616747,0.0023792139,0.0062077744,0,0,0,0,0,0,0,0.03293068,0.016542589,0,0,0.015303868,0.0031633049,0,0.044705965,0.048287354,0,0,0,0.0021973681,0,0,0,0,0,0.0075149885,0,0,0,0,0,0,0.041365225,0.039376691,0,0.0081121856,0,0,0,0,0.039512936,0.016409423,0.020507384,0,0.041895501,0,0,0,0.043345664,0,0,0.016316604,0,0,0,0,0,0,0,0,0,0,0,0.019125972,0.00078206498,0.061837994,0,0.065753683,0.013233724,0.0054792077,0.017177157,0,0.0044013243,0,0,0.011189522,0,0,0.0062416187,0.012183743,0.0027195665
0,0.01596852,0,0,0,0,0,0.0016327727,0,0.0088202022,0,0,0,0,0,0,0,0.018279808,0,0,0,0.0041975887,0,0.0078149717,0,0,0,0,0,0,0,0,0,0,0,0,0,0,0,0,0.012229179,0,0,0,0.012479863,0.0046973913,0,0,0,0,0,0,0,0,0,0,0,0,0.00895744,0,0,0,0,0,0,0,0,0,0,0,0,0,0,0,0,0,0,0,0,0,0,0,0,0,0,0,0,0,0,0,0,0,0,0,0,0,0,0,0.0073208525,0.0034084215,0,0,0,0,0,0,0.099567086,0,0,0,0,0,0,0,0,0,0,0,0,0,0,0.011774472,0,0.0042234408,0.021983864,0,0.012936527,0,0,0,0,0,0,0,0,0,0,0,0,0.0028008756,0,0,0.019892778,0.027854288,0,0.0024343659,0,0,0,0,0,0.0039393688,0,0,1.476594e-05,0,0,0,0,0,0.043563657,0.014476167,0,0,0,0,0,0,0,0,0,0,0,0,0,0,0,0,0,0,0,0,0,0,0,0,0,0,0,0,0.058656581,0,0,0.0027905137,0.065959238,0,0,0,0,0,0.012683677,0.016888853,0,0.018479193,0.0071019805,0,0,0.021542463,0,0,0,0,0,0,0,0,0,0.064995408,0,0.0066389269,0.0043678805,0,0.079201527,0,0,0,0,0,0.0057861027,0,0,0
0.019354358,0,0.0056903306,0.022742089,0.019381093,0,0,0,0,0,0,0.0075719818,0,0,0.011229601,0,0,0,0,0,0.012487378,0,0,0,0,0.00048499019,0.0046044183,0.014691619,0,0,0,0,0,0.020295862,0.0098252892,0,0,0,0,0.0018230446,0,0.0042065321,0,0.016910512,0,0,0.019431544,0.013208836,0.0087031424,0,0,0,0,0,0,0,0.010179313,0,0,0,0.014440142,0.039345548,0.04123845,0,0,0.00070398132,0,0.0039521758,0,0.0096415076,0,0,0,0,0,0.017282849,0,0,0.014433322,0,0,0,0,0,0.0042696884,0,0,0,0.017021812,0,0,0,0,0,0,0,0,0,0,0,0,0,0.00040084371,0,0,0.025879011,0,0.041064024,0.019929145,0.033197396,0,0,0,0.0048564142,0,0,0,0,0.0026196132,0,0,0,0,0,0,0,0,0.00437618,0.004991807,0,0.012374626,0.012410576,0.030154323,0.017476641,0.018896511,0.00072408951,0.00034463106,0.00040181447,0.0094965324,0,0,0.0092394985,0,0,0.0060332334,0,0,0.032020118,0.040915906,0.011778132,0.019229781,0.0004952139,0.0026819236,0.012279579,0,0,0,0,0,0.017618898,0,0,0,0.011472168,0.020371707,0.037759341,0.032376733,0.0072947652,0.0063506821,0.0029050952,0.0094351461,0.0020897542,0.0065429448,0.0064598643,0,0.0063370899,0.0081277238,0,0.010077072,0.020790342,0.015877124,0.0028803421,0,0.027698701,0.052249759,0,0.016193811,0.0040945681,0,0,0,0.036720507,0.01106531,0.015147674,0,0.021542706,0,0,0.0018318618,0.029412752,0,0,0.0097545357,0,0,0,0,0,0.0035535574,0,0,0,0,0.0030829236,0.018174762,0,0.06585978,0,0.070869416,0.025356555,0.036646802,0.012937482,0,0,0,0,0,0,0,0.011120288,0.0086409319,0.0080431374
0.0036383555,0.0040414222,0,0,0,0,0,0,0,0,0,0,0,0.002105887,0,0.0041405717,0.00023824224,0,0,0,0,0,0,0,0,0,0,0,0,0,0,0.0030935935,0,0,0,0,0,0,0.001333922,0.00067984092,0,0,0,0,0,0,0,0,0,0,0,0,0,0,0,0,0,0,0,0,0,0,0,0,0,0,0,0,0,0,0,0,0,0,0,0,0,0,0,0,0,0,0,0,0,0,0,0,0,0,0,0,0.020219643,0.0076491511,0,0,0,0,0.015317443,0,0,0.00096277456,0.00026689627,0,0,0.010049936,0,0.019197976,0.031784885,0.0069973106,0,0.0031578559,0.033739872,0.031953983,0,0,0,0,0.017902989,0.0021241824,0,0,0.019959345,0.0063169287,0,0.012832515,0.0053478181,0,0.020240825,0,0.015329245,0.0055598323,0,0,0,0,0,0.0069002681,0,0,0,0,0,0,0,0,0,0.0010215929,0.0055838451,0,0,0,0.00077718456,0.00088886841,0,0,0,0,0,0,0,0,0,0,0,0,0,0.0023356965,0,0,0,0,0,0,0,0,0,0,0,0.028464949,0.01343652,0,0,0.0014832965,0,0,0,0,0,0,0.0072085992,0,0,0.0090068271,0,0,0.018892493,0.016526211,0.009783661,0.0061438107,0.01407173,0,0.025785243,0,0.0068790214,0,0.015556896,0.038122512,0.0042106574,0.0033529513,0,0.00022273345,0.019073689,0.020237505,0.050698668,0.035241246,0.013016088,0.0069530508,0.024520475,0.050697725,0.035241172,0.027516359,0.0067282035,0,0,0.033054151,0.025820583,0.011441609,0.026437983,0.0024309461,0.027305594,0.010287004
0,0.005602601,0.0031291966,0,0,0.0018650498,0,0.00034367258,0,0,0,0,0.00123751,0.00035868696,0,0.00030631121,0,0.0020746705,0,0,0,0.0006186621,0,0,0,0,0,0,0,0,0,0,0,0,0,0,0,0,0,0.01482139,0.0034282939,0.0038617135,0.0007232257,0.00010323383,0.0046783644,0.0046752817,0.0088304505,0.011504203,0.01241319,0.0087227644,0,0,0,0,0.010780204,0.0021410144,0,0.012450947,0.013572979,0.0016890427,0.004774977,0,0,0,0,0.0014850018,0.0014471991,0,0,0,0,0,0.0033058352,0,0,0.022257896,0.0029589273,0.00023426022,0.00013673163,0.0054103294,0,0,0.0058572041,0.0099855149,0,0,0,0,0,0,0,0,0,0,0,0,0,0,0,0,0,0,0,0,0.0013994826,0.0013602036,0,0.015404971,0.019671451,0.04235984,0,0,0.018650174,0.0021727239,0.0050847963,0,0,0,0.021016475,0,0.0086028939,0,0.0084998077,0.0040831724,0.0065189479,0,0.01853196,0,0.0034761555,0,0.0052643879,0,0,0,0.0077564591,0.0090067666,0.013319048,0.00278757,0.003115979,0.0017720147,0.0025062552,0.006449102,0.0039823945,0.005100132,0.0025600973,0.0044571329,0.002936878,0.020573381,0.032975592,0.01236683,0.017772796,0.013509572,0.018171161,0.015230608,0.012698987,0.012655837,0,0,0.0021874863,0,0.014815768,0.007281349,0,0.0020650835,0.0059894314,0,0,0.025192473,0.0078032268,0,0.0051002908,0,0,0.0043258867,0,0.0016553148,3.7804653e-05,0,0.0025173852,0.051642526,0.041600905,0.010739734,0,0.0043584229,0.0056920811,0.0045180796,0.0077240439,0.004822881,0,0.011922264,0,0,0,0.01022426,0.00068742508,0,0.0015171065,0,0,0,0.0044115232,0,0,0,0.010032622,0.0050498722,0,0.0084666237,0,0,0,0.0064407503,0.0055832509,0,0.017560076,0,0.0053045028,0.0048782388,0.036193497,0.036268257,0.061984003,0.026659783,0,0,0,0.0043018404,0.0064763417,0,0,0,0.0034748416,0.00080972043
0,0.00098342146,0.0033919073,0,0,0,0.0055816825,0.004220759,0,0.0014599068,0,0,0.0036914188,0.0043902849,0.010279435,0.011223222,0,0.0018818727,0.0017260922,0,0,0,8.973585e-06,0.0018584861,0,0,0,0,0,0,0.0066831969,0.0068334835,0,0,0,0,0.0038844913,0,0,0.0041656229,0,0.00025699855,0,0,0,0,0.000155421,0.0080072619,0.0066816481,0,0,0.002536475,0,0.0041830135,0,0,0,0,0,0,0,0,0,0,0,0,0,0,0,0,0,0,0,0,0.0015388104,0.0057789451,0,0.011679161,0,0.0049078134,0,0.019172495,0.0060114674,0.0013499102,0.0031840678,0,0,0,0,0.0076331953,0,0.00040848576,0.012568831,0,0,0,0,0.010536475,0,0,0.0065420466,0.0096477959,0,0,0.00095990067,0.0089881932,0,0.0014720599,0.012196387,0.017186832,0.016478334,0,0,0.0087691443,0,0,0.043238092,0,0.036867552,0.0082391435,0.021478137,0.0055965446,0.013975958,0.01145552,0.015622675,0,0.016955923,0,0.0037175273,0.0055048852,0.00017968877,0,0.0031326208,0.0048529883,0,0.00076029403,0.0039470159,0.0010424724,0.00033475881,0.011110825,0.0053878976,0,0,0,0,0.00058830844,0,0.0092043336,0.011476963,0.0059896461,0.0069408314,0.011833826,0.0087400759,0.0073368265,0.0090275314,0,0,0,0.0023364287,0,0,0,0,0,0,0,0,0.0043211612,0,0,0,0,0,0,0,0,0.0010598812,0,0.031729892,0.032429293,0.023020834,0.010841253,0.011382237,0.010997884,0.016748814,0.021223927,0.017410759,0.0053550284,0.0045076376,0.004964598,0,0.0075638965,0,0.0071583698,0,0,0.032990012,0.012543862,0.0017794343,0,0.014517548,0.010778492,0.010165853,0.020603901,0.030958652,0.012709804,0.010570029,0.027135905,0.0011143639,0,0,0.011202074,0.031966433,0.0053343857,0.036478363,0.016518878,0.017950581,0,0.013147657,0.029022058,0.027050734,0.10321231,0,0.0080893487,0,0.019389683,0.031261917,0.0072152978,0.013223159,0,0.0099111814,0.0032102924
0,0.017289879,0,0,0,0,0,0.0019138163,0.016464988,0.0043550013,0,0,0,0,0,0,0,0,0.0083071692,0,0,0.0048397495,0,0.005519399,0,0,0,0,0.0033974641,0,0,0,0,0,0,0,0.0057902811,0,0,0,0,0,0,0,0.0097988555,0.0054751439,0,0,0,0,0,0,0,0,0,0,0,0,0.0066294847,0,0,0,0,0,0,0,0,0,0,0,0,0,0,0,0,0,0,0,0,0,0,0,0,0,0,0,0,0.056927066,0,0.00076638226,0,0,0,0,0,0,0,0,0.0084129078,0,0,0,0,0,0,0,0,0,0,0,0,0,0,0.00022203862,0,0.070510104,0.0019233152,0,0,0,0.026220892,0.0073400303,0,0,0,0,0.014389874,0,0,0.0093845092,0,0,0,0,0,0,0,0,0,0.0056740213,0,0,0.013677521,0.019685732,0,0.0027450419,0,0,0,0,0,0.0028929613,0,0,0.001781632,0,0,0,0,0,0.03568209,0.014300259,0,0,0,0,0,0,0,0,0,0,0,0,0,0,0,0,0,0.00035292783,0,0,0,0,0,0,0,0,0,0,0.059127945,0,0,0,0.040285349,0,0,0,0,0,0,0.0090005696,0,0.0092948135,0.0015167699,0,0,0.011725962,0,0,0,0.0053451676,0,0.0020960742,0,0,0,0.079279795,0,0.0066041956,0,0,0.020469725,0,0.0041334229,0.013185342,0,0.0027932103,0,0,0,0
0.012578771,0.0073877932,0,0,0.0039916476,0,0.007534612,0.0048213145,0,0.0059636254,0,0,0.0078942953,0.00064846751,0.013676966,0,0,0,0,0,0,0,0.0032289387,0,0,0.0061636544,0.00076069846,0,0.0014251652,0,0.010100259,0.0038291316,0,0.0026840661,0.0070002479,0,0,0,0.00033643239,0,0,0,0,0,0,0,0,0,0,0,0,0.0019677954,0,0.0011247145,0,0,0,0,0.00045982786,0,0.0026625441,0,0,0,0,0,0,0,0,0,0.00047843935,0.0022232954,0,0,0,0,0,0,0,0,0,0,0.011613115,0,0.0067921416,0,0,0,0,0,0,0.0030742183,0,0,0,0,0,0,0.006451752,0,0,0,0.014540685,0.0096532805,0,0,0,0,0,0,0,0,0,0,0,0.0018960943,0,0.013053974,0,0.049276553,0.01506043,0.015002015,0.016753532,0.0038172621,0.0037215459,0.015249642,0,0,0.020332001,0.018090185,0.015624884,0,0,0.0014288477,0,0,0,0,0.0083964476,0,0,0,0,0,0.0051066619,0,0,0,0,0,0,0,0,0,0.0067631705,0,0,0,0,0,0,0,0,0,0.0046003689,0,0,0,0,0,0,0,0,0,0,0,0,0.0032076321,0,0,0,0,0,0,0,0.0030189413,0.00071413827,0.011200288,0.0095468936,0,0,0,0.0010033415,0,0,0.012062698,0,0,0,0,0.011911182,0.0039342428,0,0.001898987,0,0.018028971,0.0069660023,0.0014321156,0.015640754,0.023411633,0.01462768,0.030034248,0.011973151,0,0,0,0.0037151221,0,0,0,0,0.0069625913,0,0.038707826,0.020785131,0.034962244,0.023852717,0.020949543,0.0054643494,0.016074918,0.032923646,0.016115893
0,0.0021492271,0,0,0,0,0.011133883,0.0032951967,0.0058830259,0,0,0.0015743483,0.0054760608,0,0,0,0,0.001912786,0,0,0,0.00035145745,0.011713749,0.0031687454,0.0033973739,0,0.0011368066,0,0.0020530976,0,0,0,0,0,0,0.0012531755,0,0,0,0,0,0.0012208899,0,0,0.003336658,0,0.00033828203,0,0,0,0,0,0,0.0040923241,0,0,0,0,0,0,0,0,0,0,0,0,0,0,0,0,0.0077219857,0,0,0,0,0,0,0,0.0035401464,0,0,0,0.009903172,0.011845386,0.0044656522,0.0030669975,0,0.0054641506,0,0,0,0,0,0,0,0,0,0,0.0032008395,0.0047492282,0,0,0.0057843677,0.001267431,0.0029919606,0,0.0035230289,0,0,0,0,0,0,0,0.0099031087,0.0044370973,0,0,0,0.014254647,0.01168422,0.033380732,0,0.0088331848,0,0,0,0,0,0.0024499269,0.00051667646,0,0,0,0,0,0,0,0,0,0,0,0,0,0,0,0,0,0,0,0,0,0,0,0.013624968,0,0,0.0022055372,0,0,0,0,0,0.00098260702,0,0,0,0,0,0,0,0,0,0,0.0019438735,0.00025632899,0,0,0,0.00272456,0,0.0054885321,0,0,0,0.0081021721,0.0032142065,0.016340764,0.011065682,0.0037213382,0,0,0,0,0,0,0,0,0,0,0.011151642,0,0,0.0077382764,0.0010671185,0.01220241,0.0037158106,0,0.0083303107,0.012823937,0.015453637,0.039241761,0.0080206785,0,0,0,0,0,0,0,0,0,0.003989588,0.021473762,0.042483903,0.022848528,0.0031946353,0,0,0.0019951747,0.011136732,0.0030244272
0.0041375449,0.010000988,0,0,0,0,0.011038112,0.0040402277,0.0067500314,0,0.00053433294,0,0.0066016391,0,0,0.0049482835,0.0034131494,0.0025477244,0,0,0,0,0.0061851246,0.0019031726,0.0057327547,0,0,0,0,0,0,0.0032386295,0,0,0,0,0,0,0.0044007977,0,0,0,0,0,0,0,0,0,0,0,0,0,0,0.00036616021,0,0,0,0.00052944839,0,0,0,0,0,0,0,0,0,0,0,0,0,0,0,0,0,0,0,0,0,0,0,0,0.0011498758,0,0,0,0,0.0021917904,0,0,0.0010400972,0,0.0097288527,0,0,0,0,0.0055502821,0.0182235,0,0,0,0,0,0,0,0,0,0,0.0019993889,0.0067602037,0.012035331,0.019363943,0,0.011384141,0.013421123,0.0075700902,0.0030902757,0.0083538285,0.024204072,0.070145115,0.013741483,0.042056907,0.01285136,0.019734401,0.02557086,0.0057098358,0.010367204,0.02906689,0.019246971,0.024032731,0.0065971082,0,0,0,0,0,0.00042241189,0,0,0,0,0,0,0,0,0,0,0.0038210775,0,0,0,0.0029993074,0,0.0025556667,0.0061241998,0,0,0,0,0,0,0,0,0,0,0,0.00067859766,0,0,0,0,0,0,0,0,0,0,0,0.0065913154,0.0013078866,0,0,0,0,0,0,0,4.7798043e-05,0,0.005508577,0.0048999614,0,0,0,0,0.0073992894,0,0,0,0.017571747,0,0.028596798,0.00067170628,0,0.017984781,0.0085995924,0.026162818,0.0026660238,0.010214953,0.0012888585,0.018853452,0.024093678,0.015073095,0.038587164,0.02653027,0,0,0,0.032761417,0.003424159,0.017433396,0.013374311,0.034878325,0.022497734,0.14479449,0.071445078,0.035207201,0.021452354,0.0086468421,0.041824136,0.013717784
0.0026091964,0,0.00029418495,0,0,0,0.0043984554,0,0,0,0,0,0.0057182275,0,0.0036629546,0.0077029197,0,0.0012508406,0,0,0,0,6.3415166e-05,0,0,0,0,0,0,0,0.0016811868,0.0082238074,0,0,0,0,0.0037073358,0,0,0,0,0,0,0,0,0,0,0.0020781294,0,0,0,0,0,0,0,0,0,0,0,0,0,0,0,0,0,0,0,0,0,0,0,0,0,0,0,0,0,0,0,0,0,0,0.0021602807,0,0,0,0,0,0,0,0,0,0.01524034,0,0,0,0.0035427164,0.018676423,0.0085627735,0,0.0043993453,0.0086193513,0,0,0.0020100232,0.0022496188,0,0.0017013985,0.02342503,0.00063660654,0.0072538555,0,0.016864989,0.035632603,0.010754054,0,0.0080086561,0.0043589976,0.0098985452,0.02503622,0.045481604,0.005213114,0.068596259,0.024002468,0.026959863,0.021519702,0.017636977,0.0020149085,0.034437872,0.021873826,0.018815372,0.0080274092,0,0.0028536748,0,0,0,0,0,0.0014288558,0,0,0,0,0,0,0,0.00060287915,0,0,0,0,0,0,0,0,0,0,0.0025800467,0,0,0,0,0,0.00047968273,0.0015442192,0,0,0,0,0,0,0,0,0,0,0,0,0,0,0,0,0.0022528111,0,0,0,0,0,0,0,0,0.0084853964,0,0,0,0,0.0037346841,0.0063003227,0,0.0012101249,0.006527517,0.0052044429,0.015417305,0,0.010112344,0.03354273,0.01791374,0.02332506,0.0016312108,0.00034577161,0.0020594653,0.0016799571,0.060439229,0.010052366,0.047168348,0.033001862,0.011363898,0,0,0.025769314,0.0061040623,0.029699763,0,0.023695167,0.0027447811,0.07174518,0.1675183,0.052738704,0.035821997,0.0024199518,0.036249064,0.0092410557
0.001721579,0.0083101057,0,0,0,0,0.010551437,0.0065347762,0,0,0.00023418976,0,0,0,0.0011075942,0.0048878537,0,0.0073844185,0,0,0,0,0.0084994966,0.0058422047,0,0,0,0,0,0,0.00046142432,0.0072350232,0,0,0,0,0,0.0033523082,0.0031072679,0,0,0,0,0,0,0,0,0.0018177151,0,0,0,0.00098227442,0,0,0.0011686676,0,0,0.00060984161,0,0,0,0,0,0,0.0053294292,0,0,0,3.9246679e-06,0,0.011418279,0,0.0030785962,0.019797418,0,0,0,0,0,0,0,0,0.0079280324,0,0.0017515589,0,0,0,0,0,0,0,0.021151084,0.016500123,0.00520897,0,0,0.0076043261,0.014611942,0.01062526,0.013046851,0.0055435207,0.019642856,0.0061484482,0,0,0,0,0.0074102031,0,0.010765477,0.029624859,0,0.028225835,0.00021778986,0.0015317248,0,0.00013707658,0,0.013233495,0.016713953,0.0030046019,0.017644916,0.017657448,0.02078056,0.050886355,0.0028574769,0.030592576,0.030950818,0.027677095,0.034476496,0.011516144,0,0.0096974615,0,0,0,0.0010666547,0.0020017168,0.0061881361,0,0,0,0,0.0016033944,0,0,0,0,0,0,0,0,0,0.0033788509,0,0,0,0,0,0.00074302743,0,0,0,0,0,0,0.0067600003,0,0.0041129175,0,0.013910027,0,0,2.3468025e-05,0,0.0018612659,0.032651477,0,0.0046195509,0.0052667251,0,0,0,0,0,0,0,0.0087014148,0,0,0,0,0,0,0,0.012214311,0.025858307,0.032176167,0.0042991028,0.00522081,0.0094112363,0.022018597,0.015091171,0.027385062,0.033790581,0.047776222,0.055500992,0.022567945,0.013056586,0.0012124156,0.015503598,0.025820505,0.045719691,0.043419648,0.042852197,0,0,0,0.010692194,0,0.0053902222,0.0028225458,0.020560434,0,0.03489428,0.052245926,0.096949719,0.063597307,0.031537075,0.045736127,0.044091016
0,0.0038592201,0,0,0,0,0,0.0050623394,0,0,0.00028268373,0,0,0,0,0.00035794708,0,0,0,0,0,0,0,0.0013378122,0,0,0,0,0,0,0,0.00050305703,0,0,0,0,0,0,0,0,0,0,0,0,0,0,0,0,0,0,0,0,0,0,0,0,0,0.00067512301,0,0,0,0,0,0,0,0,0,0,0,0,0.0011635117,0,0,0.0080834264,0,0,0,0,0,0,0,0,0,0,0,0,0,0,0,0,0,0,0,0.01887745,0,0,0,0,0.019539611,0.0045960518,0.0080985632,0.0056722783,0,0,0,0,0,0,0,0,0,0.017992863,0,0.026664171,0,0,0,0,0,0.010445954,0.016802026,0.0010072137,0.0088609094,0.017646633,0.02248049,0.045676965,0.009838202,0.014247635,0.015632005,0.021217482,0.021221554,0.0085627129,0,0.0067427261,0,0,0,0,0,0,0,0,0,0,0,0,0,0,0,0,0,0,0,0,0,0,0,0,0,0,0.00056002126,0,0,0,0,0,0,0,0,0.0017540265,0,0.00086893642,0,0,0,0,0,0.027804244,0,0.0029142925,0.0011991255,0,0,0,0,0,0,0,0,0,0,0,0,0.0048810844,0,0,0.017246332,0.022725251,0.02185725,0,0.0033950421,0.011533079,0.023275498,0.0089047104,0.02514964,0.0052966536,0.02719206,0.053273577,0.0090471301,0.0059229913,0.0018737114,0.010670999,0.040410571,0.033518072,0.035475016,0.041757382,0,0.0060119391,0,0.026436199,0,0.012103641,0,0.0051751547,0,0.021730492,0.036025453,0.064296544,0.07301347,0.015741397,0.030508315,0.02500239
0.0098863216,0.013568044,0,0.0019677547,0.0093657468,8.1802784e-05,0.0077983057,0.0069627375,0,0,0,0,0,0,0.002058709,0,0.0039079054,0.0065994472,0,0.0052510798,0.0067441324,0,0.004456318,0.0043520168,0,0,0.0035544983,0.0020786887,0,0,0.0039647697,3.3706219e-05,0.022840917,0.014294052,0.0052743154,0.016713506,0.00055557076,0.023851782,0.015868178,0.0070556663,0.0011691969,0.025053537,0.0045417412,0.024586927,0.0076329955,0.0049143867,0.0080128219,0.010548844,0.0085830158,0,0,0,0,0.0038563081,0,0,0,0,0.0028860257,0,0.0087646749,0.0063495683,0,0,0.011954194,0,0,0,0.012759103,0.004415838,0.024706736,0.002507363,0,0,0,0,0,0,0.0055134944,0,0,0,0,0,0.016942706,0,0,0,0,0,0,0,0,0.0099989567,0,0,0,0,0.0029481682,0,0,0,0.033926666,0.0063915374,0.00067111873,0,0,0,0,0,0,0.044660497,0,0.016138919,0,0,0,0.0006507276,0,0.012370555,0.0024181637,0,0,0.00098473311,0,0,0,0.068487749,0.03174454,0.017508909,0.0374391,0.030160446,0.0012695824,0.036644556,0.014695873,0.01469018,0.005124968,0.015904317,0.040735621,0.0053626993,0.018788364,0.028658485,0.0013217044,0.00232695,0.02472684,0.01325717,0.01162475,0.007273267,0.0061644968,0.0043543852,0.0072353343,0,0,0.0055927825,0.0086220382,0.0028653848,0.00038778773,0.0036271506,0.008836044,0,0,0.00096028048,0,0.0077588907,0.0071671372,0.0058685117,0.0089268629,0.012313569,0,0,0,0.023048047,0,0.0025800741,0.016985428,0.0018943099,9.2304625e-05,0.012523429,0,0.007798133,0.0075583644,0,0,0.0059297006,0.0040922305,0,0,0.0036541957,0.017351856,0,0,0.0055865138,0.0022117689,0,0,0.0014257808,0,0.0038490493,0.01861573,0.0059487307,0,0,0.010588527,0,0.010830374,0,0,0.0028341035,0.040476222,0.014729366,0.004129149,0.0043563219,0,0.050362922,0.024665272,0.016323632,0.0056561469,0,0.010035326,0.0032461598,0,0,0,0.017060487,0.0023246815,0.009510695,0.0033190616,0.033103764,0.016932765,0.04112044,0.053655434,0.047368519
0.010265479,0.011421392,0,0,0.0060428334,0,0.0075635449,0.0069209384,0,0,0,1.8096323e-05,0,0,0.0033651679,0.0051216739,0,0.010365876,0,0,0.0051450171,0,0.0063264007,0.0057054302,0.0025651234,0,0,0,0,0,0.0042100293,0.0050828969,0,0.003750975,0,0,0.0049002185,0.0062207123,0.0066703558,0,0.00055839529,0.0040620659,0,0.0024503432,0,0,0.0020754607,0.0066842237,0.0034302459,0,0,0.002655345,0,0.00027776413,0,0,0,0,0,0,0.0011438597,0,0,0,0,0,0,0,0,0,0.00074790273,0,0,0,0,0,0,0,0,0,0,0,0,0,0,0,0,0,0,0,0,0,0,0.018040229,0,0.0024544266,0,0.0059488821,0.011250141,0,0,0.0037287143,0.037400439,0.021147167,0.0028861449,0.0037666778,0,0.010384889,0.019556906,0.0040959241,0,0.024689462,0,0.054587305,0,0,0.0034437194,0.012039724,0.0018029645,0.024409071,0.026200745,0,0.028387073,0.0071710041,0.024205305,0.037241273,0.00011667091,0.043343537,0.073829181,0.048235632,0.053102754,0.011989324,0,0.0085750762,0,0,0,0.0084271608,0.00908437,0,0.0042289952,0.0015346354,0,0,0.001331269,0,0,0.0021322037,0.0004603175,0,0,0,0,0,0.019329997,0,0,0,0.00076253695,0,0,0,0,0.00180986,5.7694306e-05,0,0,0,0,0,0,0,0,0,0,0,0,0,0,0.006981405,2.2331101e-06,0,0,0,0,0,0,0.010637297,0.015496887,0,0,0,0.0040460271,0,0,0,0,0.011742271,0.023734273,0.0075271986,0,0,0.020004857,0,0.0048818109,0,0,0.026760524,0.046735048,0.054508757,0.021284606,0.019572452,0.014587509,0.038372211,0.058339495,0.054145712,0.011174704,0,0.0069199437,0.026386704,0.0014814794,0.0075270152,0,0.032046292,0.010167244,0.04091626,0.035274711,0.04465726,0.029423749,0.050237089,0.073697254,0.063037954
0.00092778262,0,0,0,0.00664915,0.0009067526,0.010883784,0.0091089644,0,0,0,0.0015311146,0,0,0.0044622878,0.0051034084,0,0,0,0,0.0058144918,0,0.0077435686,0.0077885254,0.002054478,0.0020329331,0.0011793248,0,0,0,0.0035275302,0.0050073909,0.0108495,0.011586159,0.0046116323,0.01026422,0.0026202979,0.011901126,0.01257932,0.0051487153,0.0060701813,0.018145084,0.0040891166,0.016853428,0.002806555,0.0014931561,0.0062121875,0.0094390679,0.0038881018,0,0,0,0,0.002281683,0,0,0.0049138782,0,0,0,0.0079574306,0.0016386959,0.0036446806,0,0.021915859,0,0,0.011905349,0.024936566,0.0057527376,0.042987786,0.012713228,0.01215761,0,0,0.00071153109,0,0.0050804848,0.0013063919,0,0,0,0.013162921,0.00030009192,0.023160387,0,0,0,0,0,0,0.00024461088,0.02200368,0.028888632,0.013433446,0.0016751972,0,0.004919616,0.016977079,0.0054706084,0.0089877686,0,0.045368288,0.019415997,4.1710784e-05,0,0,0,0.0053516533,0.0082090767,0.024178607,0.043643624,0.020151872,0.018731864,0.0024181858,0,0,0,0,0.0089154243,0,0.0042211059,0,0.0076975524,0,0.02782774,0,0.036496542,0.028993657,0.018713268,0.056945067,0.0092331581,0.0072611556,0.014674969,0.0081447382,0.0065114675,0.00111097,0.016117554,0.017046316,0.0047952449,0.014558861,0.016759057,0.00067724416,0,0.015390048,0.004360606,0.012481934,0.0040154443,0.0046029827,0.0010809979,0.0013336793,0,0,0.002946361,0.016169624,0,0,0.00027756434,0.0042692283,0.0010045522,0,0.00074925914,0,0.010238941,0.0051077418,0.00028703193,0.0074382611,0.015920412,0,0.013279429,0,0.05504946,0.010258975,0.015403295,0.042679548,0.0050213179,0.0031396796,0.024353702,0,0.016701926,0.018292638,0,0,0,0.001492172,0.001774643,0,0.013859776,0.038812164,0,0,0,0.0007547359,0,0,0,0.023808334,0.026494408,0.038047753,0.012091008,0,0.0026507329,0.025764722,0.005125999,0.017992307,0.019826736,0,0.018645715,0.051373594,0.028014284,0.0065056034,0.015924092,0.017248623,0.051520176,0.041461866,0.033045255,0.0015323593,0,0.0059081442,0.0096063437,0,0.0017150666,0,0.015453061,0.0022711048,0.013038099,0.008851653,0.042810451,0.023784336,0.043602783,0.062618509,0.05905379
